Price,Close,High,Low,Open,Volume
Ticker,AAPL,AAPL,AAPL,AAPL,AAPL
Date,,,,,
2015-12-07,26.668466567993164,27.024707914321493,26.562495888498777,26.82629586177749,128336800
2015-12-08,26.657201766967773,26.740624199612757,26.348308604487833,26.49711725635231,137238000
2015-12-09,26.06871795654297,26.535438566581163,25.94696452955152,26.524164432155672,185445600
2015-12-10,26.19272232055664,26.366334340975893,26.04391373753137,26.163411982131223,116850800
2015-12-11,25.51857566833496,26.01686183825899,25.444170502459794,25.971768736620955,187544800
2015-12-14,25.36074447631836,25.405837571526742,24.75423254067508,25.293103113314466,257274800
2015-12-15,24.91206169128418,25.43289609134729,24.880496178576283,25.238992673175122,213292400
2015-12-16,25.103708267211914,25.250263406565313,24.531018734671886,25.042832416811343,224954000
2015-12-17,24.571605682373047,25.3088883546166,24.571605682373047,25.257029741860972,179091200
2015-12-18,23.906475067138672,24.69336130570444,23.85687161756751,24.55582681397316,385813200
2015-12-21,24.1995792388916,24.208598201981307,23.802753463901215,24.18830510498164,190362400
2015-12-22,24.17702865600586,24.287507925080426,24.001161485396647,24.215357952596275,131157600
2015-12-23,24.48818016052246,24.542292221042683,24.170268149559448,24.186050905552488,130629600
2015-12-24,24.357410430908203,24.576115587976815,24.33937250203435,24.576115587976815,54281600
2015-12-28,24.084592819213867,24.28075142212427,23.94029283093204,24.258203151299597,106816800
2015-12-29,24.517488479614258,24.67306257599485,24.093607553479544,24.11615410015425,123724800
2015-12-30,24.197322845458984,24.508469315471615,24.16575733633558,24.481414147760834,100855200
2015-12-31,23.732858657836914,24.131937883584733,23.633651784009544,24.12742926213409,163649200
2016-01-04,23.753149032592773,23.757659374044465,22.997828537412097,23.13536470843741,270597600
2016-01-05,23.157913208007812,23.865885498795894,23.090273562249713,23.843338950209862,223164000
2016-01-06,22.704721450805664,23.081255885975757,22.517583538933,22.67315593698659,273829600
2016-01-07,21.746477127075195,22.57620283984095,21.74196850545963,22.249273586684012,324377600
2016-01-08,21.861467361450195,22.346225907540124,21.816374263289404,22.21996385653677,283192000
2016-01-11,22.2154541015625,22.334952363018157,21.94714551589993,22.31466098436711,198957600
2016-01-12,22.537872314453125,22.702465377662218,22.285346512877528,22.67089986748918,196616800
2016-01-13,21.958415985107422,22.815198491300194,21.938124609843808,22.619039929462637,249758400
2016-01-14,22.438669204711914,22.655120911036093,21.58639684675493,22.086938192270384,252680400
2016-01-15,21.899797439575195,22.030569837123405,21.500718174178445,21.690111257365654,319335600
2016-01-19,21.79383659362793,22.24251946784204,21.532291701198634,22.18840738396403,212350800
2016-01-20,21.823143005371094,22.138799924660283,21.063311915676838,21.4420998747855,289337600
2016-01-21,21.712665557861328,22.068905273301098,21.406027577848185,21.884020760663052,208646000
2016-01-22,22.86705780029297,22.876076763652687,22.179378615980323,22.237999297531434,263202000
2016-01-25,22.42063331604004,22.891862603783906,22.368774699782414,22.88960743259229,207178000
2016-01-26,22.544639587402344,22.74530681313795,22.111739620884507,22.531112001008523,300308000
2016-01-27,21.063304901123047,21.787059886927032,21.045266975698283,21.654034057349705,533478800
2016-01-28,21.214372634887695,21.31132435199007,20.831076108775935,21.146732982145863,222715200
2016-01-29,21.947141647338867,21.947141647338867,21.272990125762874,21.372196991080568,257666000
2016-02-01,21.741966247558594,21.805097264768634,21.509733554168285,21.750985210044487,163774000
2016-02-02,21.302305221557617,21.654036201207397,21.257210403531094,21.514244845612307,149428800
2016-02-03,21.723934173583984,21.834413483457404,21.21212038604691,21.419551418517074,183857200
2016-02-04,21.89849090576172,22.06397715964886,21.578855442125164,21.730738972573217,185886800
2016-02-05,21.313615798950195,21.971024015774574,21.238808631526364,21.880346722156467,185672400
2016-02-08,21.538047790527344,21.69446438775061,21.091463436407842,21.111864924492025,216085600
2016-02-09,21.533510208129883,21.748869022008886,21.293216821858767,21.37482622276702,177324800
2016-02-10,21.37029266357422,21.84181329000121,21.33175536907968,21.74433548482184,169374400
2016-02-11,21.2410831451416,21.472310426522522,20.989454372211554,21.261486366216975,200298800
2016-02-12,21.30681610107422,21.42242969799724,21.084658539407094,21.352155614340887,161405600
2016-02-16,21.907550811767578,21.95515600260538,21.44736557080993,21.540308544485956,196231600
2016-02-17,22.243053436279297,22.263454917085824,21.796469241466262,21.914348499463074,179452800
2016-02-18,21.8214111328125,22.417611528318208,21.782872109976353,22.406276216391266,156084000
2016-02-19,21.771535873413086,21.93475465991879,21.71713018775304,21.76246797088215,141496800
2016-02-22,21.96195411682129,21.966488932328957,21.74432966963815,21.832739547258633,137123200
2016-02-23,21.465499877929688,21.875812491419047,21.43376308625236,21.85314360158173,127770400
2016-02-24,21.785139083862305,21.848612678525644,21.154934494668073,21.304552307396584,145022800
2016-02-25,21.93475914001465,21.93475914001465,21.59245310004071,21.77380772864932,110330800
2016-02-26,21.9687557220459,22.220382630830805,21.89394683400225,22.034494979329367,115964400
2016-02-29,21.918880462646484,22.26798683484112,21.909812562515118,21.95741774106096,140865200
2016-03-01,22.789384841918945,22.843790529227164,22.08437139689242,22.136511405643443,201628400
2016-03-02,22.839250564575195,22.870987350074632,22.58762195845459,22.784844893651172,132678400
2016-03-03,23.009281158447266,23.056886360197492,22.77125342017019,22.800724542343627,147822800
2016-03-04,23.35158348083496,23.51933536446856,22.97980810114662,23.20650049020174,184220400
2016-03-07,23.093151092529297,23.310775548293442,22.886860216930476,23.21103035749617,143315600
2016-03-08,22.902732849121094,23.06821906177893,22.759917260038176,22.846059749235305,126247600
2016-03-09,22.923133850097656,23.027412136271312,22.730443945478886,22.96620422577282,108806800
2016-03-10,22.934467315673828,23.177028089350504,22.703241852632512,22.98887473129285,134054400
2016-03-11,23.181560516357422,23.186093602429043,23.009273843703955,23.1770257007604,109632800
2016-03-14,23.240495681762695,23.328907276951117,23.07274385069967,23.102214958937523,100304400
2016-03-15,23.707487106323242,23.843502174596225,23.542000924748738,23.56693722237675,160270800
2016-03-16,24.02259635925293,24.099670952955726,23.7097597083921,23.71429452538987,153214000
2016-03-17,23.98405647277832,24.135939964811694,23.79363395852878,23.92058114834464,137682800
2016-03-18,24.01125717163086,24.142739170934313,23.8457726979607,24.10646755890895,176820800
2016-03-21,24.008991241455078,24.403435505706756,23.834437137081917,24.013524328147923,142010800
2016-03-22,24.19261360168457,24.32182820262374,23.85030758780069,23.859375491492568,129777600
2016-03-23,24.058860778808594,24.27195216159203,24.006722501867245,24.138204492500666,102814000
2016-03-24,23.954580307006836,24.086062285628593,23.777760550010516,23.909242528632277,104532000
2016-03-28,23.84576416015625,24.072456465572245,23.816293053556148,24.029384374095194,77645600
2016-03-29,24.41023826599121,24.435174568930254,23.775498839494148,23.777766247813826,124760400
2016-03-30,24.836416244506836,25.031371826883497,24.61879177035917,24.630127081007462,182404400
2016-03-31,24.707204818725586,24.91349573813298,24.68226851573072,24.87269103591645,103553600
2016-04-01,24.933897018432617,24.93616442673863,24.528117407945324,24.659599417281587,103496000
2016-04-04,25.1900634765625,25.432624307792803,24.99737352719438,25.031377737643226,149424800
2016-04-05,24.893089294433594,25.101647595122472,24.804679406015985,24.825082619241513,106314800
2016-04-06,25.153789520263672,25.15832433698267,24.754810395757254,24.988305030062563,105616400
2016-04-07,24.605195999145508,25.031377135206167,24.50998559580099,24.924831418809514,127207600
2016-04-08,24.63239288330078,24.88401981393905,24.521312380670523,24.68906597379666,94326800
2016-04-11,24.714008331298828,25.07445019980243,24.670937945025248,24.70267474734305,117630000
2016-04-12,25.035905838012695,25.04950682673289,24.63239369707538,24.78654284797231,108929200
2016-04-13,25.398618698120117,25.466625385745292,25.117520584312434,25.117520584312434,133029200
2016-04-14,25.412216186523438,25.477957186166464,25.237663809870032,25.30340480951306,101895600
2016-04-15,24.902156829833984,25.457554181436986,24.874954851968493,25.41448207711589,187756000
2016-04-18,24.364896774291992,24.698133106562672,24.242482686518354,24.684532117763,243286000
2016-04-19,24.235679626464844,24.4827734543037,24.081528761460433,24.455569750058682,129539600
2016-04-20,24.285554885864258,24.503179370640357,24.04299410006453,24.17447610009353,122444000
2016-04-21,24.02259635925293,24.240220877945806,23.92058373111425,24.240220877945806,126210000
2016-04-22,23.95685577392578,24.138210407482912,23.716562354559656,23.804972262799115,134732400
2016-04-25,23.820837020874023,23.950051615428237,23.69162242631981,23.802701214386417,112126400
2016-04-26,23.655345916748047,23.870704682776815,23.55560246076426,23.55560246076426,224064800
2016-04-27,22.175046920776367,22.376802985860067,21.689925401414946,21.762466888529023,458408400
2016-04-28,21.49724006652832,22.188650828210754,21.365758063359937,22.12744464302586,328970800
2016-04-29,21.25014877319336,21.472308124672466,20.971318041422034,21.306821883011636,274126000
2016-05-02,21.227474212646484,21.327219412767505,20.946376147199313,21.30228311273725,192640400
2016-05-03,21.576580047607422,21.70352722254671,21.236541489426717,21.354420761938123,227325200
2016-05-04,21.35215950012207,21.739803329088275,21.268282682458565,21.58111759806483,164102000
2016-05-05,21.265483856201172,21.454784488368706,21.13776378633173,21.438819479635022,143562000
2016-05-06,21.146888732910156,21.31338073272175,20.9484649728036,21.29513624976754,174799600
2016-05-09,21.162857055664062,21.38636723232578,21.117241490999312,21.210752093520146,131745600
2016-05-10,21.306541442871094,21.340752680189393,21.007766899739963,21.286015744513602,134747200
2016-05-11,21.0989990234375,21.3407554490906,21.08759469616645,21.320229748069956,114876400
2016-05-12,20.60407257080078,21.16057012906534,20.405650573264623,21.146886333388476,305258800
2016-05-13,20.64513397216797,20.907417848111816,20.526536968640507,20.526536968640507,177571200
2016-05-16,21.411449432373047,21.527766915008076,20.90284864251872,21.07162183493153,245039200
2016-05-17,21.322505950927734,21.598473576008658,21.213032082163878,21.56426407955481,187667600
2016-05-18,21.566543579101562,21.714791110788134,21.41373536123413,21.47531593503823,168249600
2016-05-19,21.48443603515625,21.58478852575027,21.340750938214907,21.58478852575027,121768400
2016-05-20,21.71707534790039,21.764970389719515,21.55742346844729,21.584792809510798,128104000
2016-05-23,21.993038177490234,22.16637381934643,21.81970253563404,21.86531809404653,152074400
2016-05-24,22.328310012817383,22.371642627703025,22.08655185057322,22.173220560456528,140560800
2016-05-25,22.72059440612793,22.74796200613963,22.3762042721811,22.503924379051572,152675200
2016-05-26,22.90077018737793,22.973753348456786,22.497080718241886,22.73427642676213,225324800
2016-05-27,22.887075424194336,22.91444475108916,22.63619601785134,22.679530350421032,145364800
2016-05-31,22.77532958984375,22.898489000566585,22.538133881050424,22.716030227631464,169228800
2016-06-01,22.456029891967773,22.702348738474534,22.426381077872996,22.58375000198343,116693200
2016-06-02,22.28725814819336,22.31462575072992,22.038658071464212,22.259888805600685,160766400
2016-06-03,22.332870483398438,22.412695552210707,22.225676073826534,22.303221669284163,114019600
2016-06-06,22.494796752929688,23.238313811742945,22.248479701959216,22.348830448630295,93170000
2016-06-07,22.58603286743164,22.777614786524243,22.570067852511936,22.636209125766754,89638000
2016-06-08,22.565500259399414,22.70690413682509,22.50620090496461,22.58374474225539,83392400
2016-06-09,22.72743034362793,22.804974176725523,22.45602344767536,22.46514655863781,106405600
2016-06-10,22.54041290283203,22.6590098756707,22.4605878499545,22.47199043461949,126851600
2016-06-13,22.200584411621094,22.60655507133025,22.145847478873232,22.50848379096015,152082000
2016-06-14,22.227951049804688,22.46058603084139,22.0660197442094,22.19602103123973,127727600
2016-06-15,22.15496826171875,22.444621386336923,22.12988014100204,22.31005767157862,117780800
2016-06-16,22.24847984313965,22.294093661001803,21.910931674770598,21.99759862473094,125307200
2016-06-17,21.742158889770508,22.043214617747715,21.735316990961696,22.036372718938903,244032800
2016-06-20,21.689701080322266,22.024968036960924,21.673736070008786,21.894966741535285,137647600
2016-06-21,21.87444305419922,21.974793811075436,21.5939130014374,21.653212362356832,142185600
2016-06-22,21.792335510253906,22.097951929355492,21.74671995064911,21.9519856187315,116876400
2016-06-23,21.91777992248535,21.96111428004623,21.723918530330895,21.88128920563629,128960800
2016-06-24,21.30198097229004,21.589352932595514,21.130926524022275,21.1902258866374,301245600
2016-06-27,20.991806030273438,21.222159884282743,20.86864659565627,21.210755556240798,181958400
2016-06-28,21.345314025878906,21.3612807785024,21.01460944838268,21.187945113442538,161779600
2016-06-29,21.530054092407227,21.56426533090208,21.354437213493046,21.431982803418443,146124000
2016-06-30,21.803741455078125,21.842513381675214,21.50724810220776,21.539178128823707,143345600
2016-07-01,21.869884490966797,22.002167034823863,21.74216437417023,21.778655090373782,104106000
2016-07-05,21.664615631103516,21.75812623165836,21.543737432381075,21.755845018459116,110820800
2016-07-06,21.787769317626953,21.81741986125805,21.523206077879163,21.575661787286613,123796400
2016-07-07,21.881282806396484,22.009002888100305,21.808299653986353,21.82654413704718,100558400
2016-07-08,22.050060272216797,22.097955312091806,21.906375152591764,22.00672591897257,115648400
2016-07-11,22.11847496032715,22.27128313943949,22.06145682722057,22.066017512244752,95179600
2016-07-12,22.218833923339844,22.282693977670235,22.150413182295562,22.161815769108287,96670000
2016-07-13,22.0933895111084,22.27584651505433,22.08654587266252,22.216548902301064,103568800
2016-07-14,22.53129005432129,22.5769038736255,22.196023088262756,22.211988099024797,155676000
2016-07-15,22.529010772705078,22.647609497152324,22.465150724182323,22.560940796966456,120548000
2016-07-18,22.768491744995117,22.836912491988333,22.48796163616017,22.510768551824576,145975600
2016-07-19,22.777610778808594,22.80725958985531,22.656730841335474,22.706907090842087,95119600
2016-07-20,22.798139572143555,22.912175885573678,22.74796331582533,22.80726268602469,105104000
2016-07-21,22.677263259887695,23.03533724448185,22.608840770069726,22.76849266629292,130808000
2016-07-22,22.50164222717285,22.647608543379352,22.421815429825386,22.63848543110948,113254800
2016-07-25,22.200584411621094,22.542693286392737,22.104794344298405,22.408131297542635,161531600
2016-07-26,22.047773361206055,22.344268377208238,21.990755222748366,22.081984592291768,224959200
2016-07-27,23.480072021484375,23.79937398974331,23.434458200328418,23.781127765258628,369379200
2016-07-28,23.797096252441406,23.822184379758244,23.450426636877086,23.4527078502848,159479200
2016-07-29,23.767444610595703,23.844990196727817,23.646566415208607,23.76288392437889,110934800
2016-08-01,24.187103271484375,24.209910186627766,23.81306429495329,23.81306429495329,152671600
2016-08-02,23.82902717590332,24.19166179236429,23.719551556938992,24.187101105766413,135266400
2016-08-03,24.127798080444336,24.139200665237684,23.895163077947462,23.90428618981554,120810400
2016-08-04,24.276845932006836,24.306655351209045,24.141553261359228,24.21034638195723,109634800
2016-08-05,24.64604377746582,24.685025747907346,24.3479424458343,24.368579342133028,162213600
2016-08-08,24.850120544433594,24.850120544433594,24.572657940892707,24.655207251081908,112148800
2016-08-09,24.95101547241211,24.980826647077354,24.767570029813914,24.818018095110094,105260800
2016-08-10,24.765277862548828,24.971655527966504,24.710244401598175,24.92808642374439,96034000
2016-08-11,24.749216079711914,24.97852411278643,24.730871017190402,24.884506979474782,109938000
2016-08-12,24.806550979614258,24.866171577035363,24.71482738730841,24.71482738730841,74641600
2016-08-15,25.104656219482422,25.118414148202916,24.7836244699733,24.797382398693795,103472800
2016-08-16,25.081722259521484,25.276635566731418,25.042740297872363,25.13904929117566,135177600
2016-08-17,25.0450382232666,25.07943479813565,24.843245917092165,25.01752061347487,101424000
2016-08-18,25.01293182373047,25.132171284339698,24.999172145961616,25.047328393929245,87938800
2016-08-19,25.077138900756836,25.152811008553797,24.84783075554105,24.94184618534872,101472400
2016-08-22,24.882221221923828,25.017512154653595,24.73087704346489,24.96247870316029,103280800
2016-08-23,24.960187911987305,25.067963005713214,24.886809385330825,24.900567312365766,85030800
2016-08-24,24.77216148376465,24.937263647138767,24.69190397364737,24.89598810629524,94700400
2016-08-25,24.666677474975586,24.73776244120739,24.462593362679737,24.625401938248206,100344800
2016-08-26,24.52220916748047,24.753809092571245,24.377743942492963,24.629984256127656,111065200
2016-08-29,24.494693756103516,24.63686542291551,24.373160730199427,24.448832831058173,99881200
2016-08-30,24.30666160583496,24.421315670013428,24.192007541656494,24.260800679956446,99455600
2016-08-31,24.329586029052734,24.437361102542916,24.224104526131764,24.228691667270184,118649600
2016-09-01,24.47405433654785,24.49010583360384,24.219522205030025,24.33876164751996,106806000
2016-09-02,24.70336151123047,24.765273926274116,24.494690307841104,24.69648079890837,107210000
2016-09-06,24.696481704711914,24.834067964489712,24.65291435529878,24.74234437446517,107521600
2016-09-07,24.84783172607422,24.939555337639632,24.552023997254004,24.726298684280053,169457200
2016-09-08,24.19658660888672,24.59787572860481,24.1323806296489,24.593290337008558,212008000
2016-09-09,23.648544311523438,24.24245321502954,23.648544311523438,23.99480004099266,186228000
2016-09-12,24.178251266479492,24.242457266891048,23.510963727597325,23.53848133469469,181171200
2016-09-13,24.753808975219727,24.946428691129242,24.59100043231589,24.652914599726156,248704800
2016-09-14,25.629762649536133,25.918691312499448,24.902856475162793,24.932667644437544,443554800
2016-09-15,26.50113868713379,26.537828825155824,26.024177389739744,26.10902202180415,359934400
2016-09-16,26.352088928222656,26.62955154556638,26.150298410922346,26.397951602255997,319547600
2016-09-19,26.044815063476562,26.64101578835884,25.969142968725123,26.414001253586534,188092000
2016-09-20,26.042524337768555,26.168644509466525,25.799458279022133,25.923284879557723,138057200
2016-09-21,26.037933349609375,26.138827715804265,25.7834012392299,26.10672472435837,144012800
2016-09-22,26.283296585083008,26.35667511138436,26.14112492497574,26.221382414761266,124296000
2016-09-23,25.845317840576172,26.322279147197236,25.57932133269888,26.237434513491472,209924800
2016-09-26,25.884296417236328,26.001244032303827,25.57931798893525,25.59995487716264,119477600
2016-09-27,25.932449340820312,25.953087977283978,25.760468284710765,25.91181245383842,98429600
2016-09-28,26.129655838012695,26.287878978023162,26.010416402434487,26.070036994964525,118564400
2016-09-29,25.723785400390625,26.095265190796695,25.636648943151638,25.94850813150885,143548000
2016-09-30,25.923282623291016,25.996661148760822,25.636647484818017,25.787989928201096,145516400
2016-10-03,25.801748275756836,25.92328304601615,25.746714818127575,25.84531737734946,86807200
2016-10-04,25.911813735961914,26.212206768995948,25.82696911426963,25.925571661297255,118947200
2016-10-05,25.923282623291016,26.063160710824405,25.840731563452227,26.003540112167048,85812400
2016-10-06,26.11589813232422,26.219086072644973,25.941623494722037,26.072329035553203,115117200
2016-10-07,26.154884338378906,26.269538401583418,26.028765918543243,26.212211369981162,97433600
2016-10-10,26.6112060546875,26.771721027005228,26.306225857801827,26.375017239017144,144944000
2016-10-11,26.668529510498047,27.21657566338203,26.645597303680738,26.989559412159313,256164000
2016-10-12,26.907020568847656,27.05377941121209,26.771729584574448,26.909314140465902,150347200
2016-10-13,26.824462890625,26.92994440897911,26.53553418849209,26.780893790844086,140769600
2016-10-14,26.973514556884766,27.097341156356055,26.85886049250196,27.030841589076168,142608800
2016-10-17,26.955175399780273,27.021673227849465,26.778607133647384,26.904727323742303,94499600
2016-10-18,26.93682098388672,27.106508476673646,26.932233842483864,27.09962951405121,98214000
2016-10-19,26.8565673828125,27.00332443822551,26.09526450180172,26.886376808308796,80138400
2016-10-20,26.842802047729492,26.916180559968062,26.675408136754815,26.796941133636036,96503200
2016-10-21,26.73732566833496,26.808412373125577,26.663947142037795,26.785480162203534,92770800
2016-10-24,26.978099822998047,26.998736713400326,26.82904919976958,26.851979661155024,94154800
2016-10-25,27.115690231323242,27.14091426917144,26.900139998614073,27.04689708274044,192516000
2016-10-26,26.505722045898438,26.530946076482664,25.982899865574336,26.21220796217136,264536800
2016-10-27,26.25119972229004,26.567644362868332,26.164061499179983,26.459869244484302,138248000
2016-10-28,26.076919555664062,26.41858816289721,26.015005383864285,26.11131612338815,151446800
2016-10-31,26.035646438598633,26.19386961511233,25.95768076122874,26.060870473969867,105677600
2016-11-01,25.565553665161133,26.088375732301543,25.34541815002209,26.017290797579584,175303200
2016-11-02,25.588491439819336,25.762766095213102,25.505942128824454,25.54492408808244,113326800
2016-11-03,25.31421661376953,25.689907252620134,25.249680971116852,25.579275224776794,107730400
2016-11-04,25.086034774780273,25.411020093508455,24.91778138611206,25.01458485015112,123348000
2016-11-07,25.44789695739746,25.47094514851172,25.22893474565132,25.37183634410256,130240000
2016-11-08,25.597713470458984,25.749834711261425,25.284253118318585,25.424849383254987,97016800
2016-11-09,25.55623435974121,25.657648553373775,24.90396166091495,25.325748834914474,236705600
2016-11-10,24.844024658203125,25.604625520516883,24.392273427373702,25.604625520516883,228538000
2016-11-11,24.991540908813477,25.092955083704496,24.558228835263577,24.68960548979754,136575600
2016-11-14,24.364614486694336,24.84863353586414,23.988923870500464,24.82558534465877,204702000
2016-11-15,24.687294006347656,24.818670628226734,24.468333556037273,24.562831665862596,129058000
2016-11-16,25.351093292236328,25.40641106445219,24.569747783947065,24.59279597647149,235362000
2016-11-17,25.34187126159668,25.434065781420426,25.083728716247236,25.309603443428,110528000
2016-11-18,25.367231369018555,25.477865173155774,25.275038583779647,25.28886714987255,113715600
2016-11-21,25.752132415771484,25.812057348790802,25.355697278744465,25.38105081135414,117058400
2016-11-22,25.768272399902344,25.911172244537415,25.67607787398223,25.802843808466104,103862000
2016-11-23,25.636898040771484,25.70143368708752,25.429460778709604,25.666860516999794,109705600
2016-11-25,25.765966415405273,25.784405671825745,25.572357739918893,25.613845187632812,45903600
2016-11-28,25.715259552001953,25.92269679228589,25.67377210394517,25.682991732231596,108776000
2016-11-29,25.68990707397461,25.821283705165236,25.36953245127354,25.533176903566115,114115200
2016-11-30,25.473247528076172,25.86046309920215,25.41562617379233,25.722172200613766,144649200
2016-12-01,25.235858917236328,25.570063973995175,25.129835789788164,25.438687298845824,148347600
2016-12-02,25.330347061157227,25.374138093561744,25.088336675834014,25.16209193713356,106112000
2016-12-05,25.148265838623047,25.360312015822757,24.95004822475157,25.353397734158637,137298000
2016-12-06,25.34187126159668,25.436371127993674,25.166703608242187,25.238153525835095,104782000
2016-12-07,25.590797424316406,25.6276759377741,25.15979078868156,25.18283898036046,119994800
2016-12-08,25.842023849487305,25.913473761244525,25.4916850544639,25.551611751224442,108273200
2016-12-09,26.263809204101562,26.436673244738817,25.885813309251876,25.885813309251876,137610400
2016-12-12,26.114004135131836,26.505828725955794,25.927309710958333,26.11169878808994,105497600
2016-12-13,26.549617767333984,26.717871149807934,26.21771817888827,26.23846102393397,174935200
2016-12-14,26.549617767333984,26.782406790124753,26.50121603709637,26.515044600460172,136127200
2016-12-15,26.6948184967041,26.90456105114508,26.558832957115,26.593404359746792,186098000
2016-12-16,26.729394912719727,26.85155190613154,26.655639647350466,26.84463762476321,177404400
2016-12-19,26.883813858032227,27.054372542265956,26.678682016037428,26.6902069881124,111117600
2016-12-20,26.955280303955078,27.08204804072316,26.893049988564794,26.906878556770426,85700000
2016-12-21,26.98062515258789,27.058991116905645,26.916089510481715,26.92070020404036,95132800
2016-12-22,26.803152084350586,26.853859162610323,26.653336196346185,26.816980648070746,104343600
2016-12-23,26.85616683959961,26.85616683959961,26.641815276981664,26.641815276981664,56998000
2016-12-27,27.026721954345703,27.151184297285916,26.849247188898552,26.85616147042896,73187600
2016-12-28,26.911479949951172,27.201890332679678,26.78240691027418,27.086647614892843,83623600
2016-12-29,26.904563903808594,26.99214773053559,26.82850329302598,26.840026508970368,60158000
2016-12-30,26.6948184967041,27.01288771016473,26.604929332933402,26.88612179743211,122345200
2017-01-03,26.77088165283203,26.812369098411278,26.450507062483908,26.690212108223545,115127600
2017-01-04,26.740922927856445,26.853862072021723,26.67869262590918,26.701740820761334,84472400
2017-01-05,26.87691307067871,26.93453444305244,26.69252397569689,26.717877520218508,88774400
2017-01-06,27.176536560058594,27.2341579147274,26.844636994457726,26.916086911538507,127007600
2017-01-09,27.42545509338379,27.526869224104104,27.183446497524734,27.185750085249172,134247600
2017-01-10,27.453121185302734,27.51535148102723,27.266428539664876,27.37475522048423,97848400
2017-01-11,27.600631713867188,27.642119163817423,27.335573103544274,27.367840924787302,110354400
2017-01-12,27.48538589477539,27.496910868976478,27.245680850798962,27.40471635076029,108344800
2017-01-13,27.43698501586914,27.57066698348872,27.38397259475647,27.453118925170525,104447600
2017-01-17,27.658248901367188,27.713564906799974,27.247985157351167,27.275642280835505,137759200
2017-01-18,27.655942916870117,27.773490964358917,27.59140728561009,27.658248263261992,94852000
2017-01-19,27.607545852661133,27.6789957766911,27.51304773621483,27.519962018093295,102389200
2017-01-20,27.658248901367188,27.761966631361673,27.59601861506332,27.761966631361673,130391600
2017-01-23,27.67668914794922,27.84494251672294,27.60523747330422,27.658249892656045,88200800
2017-01-24,27.651342391967773,27.681304870318197,27.54301393863721,27.55453891563754,92844000
2017-01-25,28.0915584564209,28.142265523135183,27.722782187313324,27.75505000095624,129510400
2017-01-26,28.10539436340332,28.220637080316127,28.027028401501173,28.043162311530395,105350400
2017-01-27,28.107698440551758,28.199892967378492,28.027028889002494,28.151491236448933,82251600
2017-01-30,28.03394317626953,28.03394317626953,27.810373778636198,27.872604073139428,121510000
2017-01-31,27.96940803527832,27.978627663974134,27.801154647356736,27.92331165026362,196804000
2017-02-01,29.67500114440918,30.07604708616391,29.273956961118845,29.27856589631015,447940000
2017-02-02,29.62429428100586,29.822511906500797,29.451430195408953,29.49752833998011,134841600
2017-02-03,29.751054763793945,29.77640829754198,29.53900862559582,29.5735800275577,98029200
2017-02-06,30.029945373535156,30.078348861680695,29.70957076388482,29.762584945408168,107383600
2017-02-07,30.315746307373047,30.44481757686772,30.066821637521187,30.08756448077676,152735200
2017-02-08,30.433290481567383,30.47477968211508,30.2442942835312,30.27425851076409,92016400
2017-02-09,30.653207778930664,30.66015203831457,30.352276920980227,30.474963546331477,113399600
2017-02-10,30.583757400512695,30.773576549751276,30.56755530826191,30.662464882881196,80262000
2017-02-13,30.854589462280273,30.977279584405803,30.729589297262265,30.805979660619364,92141600
2017-02-14,31.255075454711914,31.27127755230496,30.84534641204877,30.89627334535955,132904800
2017-02-15,31.368492126464844,31.544422768597972,31.162470873579785,31.37080923418327,142492400
2017-02-16,31.331453323364258,31.45876707354349,31.213393874191286,31.40552658534985,90338400
2017-02-17,31.417110443115234,31.4425739068136,31.273591028911895,31.273591028911895,88792800
2017-02-21,31.643962860107422,31.655537803399596,31.477293566795087,31.535164751079183,98028800
2017-02-22,31.738866806030273,31.741180381406583,31.50738211005811,31.581455376037606,83347600
2017-02-23,31.6046142578125,31.824524075169403,31.55137375158817,31.80137771828703,83152800
2017-02-24,31.63471221923828,31.63471221923828,31.31526207904323,31.461098626902288,87106400
2017-02-27,31.697200775146484,31.81526024204924,31.546737121151644,31.745814120137588,81029600
2017-02-28,31.711097717285156,31.815265150134117,31.64396516061609,31.73193049741954,93931600
2017-03-01,32.359249114990234,32.442583759753184,31.852300519207052,31.919429537293766,145658400
2017-03-02,32.1671142578125,32.472672213602706,32.12081449381077,32.40785678261157,104844000
2017-03-03,32.35692596435547,32.36850090395948,32.08145864978795,32.125441300977805,84432400
2017-03-06,32.25508117675781,32.35462144660669,32.0837847384983,32.262025436029056,87000000
2017-03-07,32.296749114990234,32.40323010814363,32.1277627262672,32.19026458966033,69785200
2017-03-08,32.176387786865234,32.36157633667844,32.13472221755061,32.16481284021857,74828800
2017-03-09,32.10230255126953,32.12776601435599,31.724984821031658,32.116194602915954,88623600
2017-03-10,32.20878219604492,32.25970911448372,32.09303984180699,32.234245655264324,78451200
2017-03-13,32.22267532348633,32.2759158250435,32.13471352356076,32.14165778323444,69686800
2017-03-14,32.1740608215332,32.3268380442881,32.13933599604356,32.245820515831596,61236400
2017-03-15,32.51434326171875,32.5814722721005,32.18331829639664,32.27128361471009,102767200
2017-03-16,32.56758499145508,32.64397537096826,32.46804472766163,32.574529250303875,76928000
2017-03-17,32.405548095703125,32.63934639760594,32.38239821021006,32.63934639760594,175540000
2017-03-20,32.74583053588867,32.75508837066969,32.46110178285636,32.500453761984666,86168000
2017-03-21,32.370819091796875,33.05601534719135,32.34535563390981,32.89629034155211,158119600
2017-03-22,32.736572265625,32.77824135652265,32.352306740597015,32.373143052134296,103440800
2017-03-23,32.62081527709961,32.77359598830901,32.549055603336946,32.69951920753767,81385200
2017-03-24,32.55601119995117,32.81064580732806,32.488882184648105,32.75508820239768,89582400
2017-03-27,32.611572265625,32.690276231829365,32.0884144771652,32.26665872124432,94300400
2017-03-28,33.287513732910156,33.34306782229113,32.55139025901376,32.61852282658592,133499200
2017-03-29,33.361572265625,33.447224002478976,33.146293200188246,33.2597184372642,116760000
2017-03-30,33.31758499145508,33.449532941408705,33.21804828437474,33.37777326287626,84829200
2017-03-31,33.255096435546875,33.396302259059844,33.1046292450166,33.26898495389625,78646800
2017-04-03,33.26435852050781,33.36158169355204,33.11389484292969,33.26667562864649,79942800
2017-04-04,33.512046813964844,33.53982385248082,33.141669816926616,33.16018901999621,79565600
2017-04-05,33.33842849731445,33.6717670406043,33.28981515467788,33.38472473228775,110871600
2017-04-06,33.255096435546875,33.45417344029997,33.206483089147476,33.40092941039191,84596000
2017-04-07,33.18102264404297,33.375468982961245,33.1648205485549,33.27130155369623,66688800
2017-04-10,33.141666412353516,33.30602211510173,33.07916454993642,33.24120667710491,75733600
2017-04-11,32.785194396972656,33.18334854820947,32.421761553969,33.08843892946838,121517600
2017-04-12,32.82453155517578,32.90554908182955,32.64165666199132,32.77823532106274,81400000
2017-04-13,32.650917053222656,32.958792122537375,32.650917053222656,32.8499940329233,71291600
2017-04-17,32.83147430419922,32.843049245239364,32.609247445627126,32.75045324909429,66328400
2017-04-18,32.68564224243164,32.880088562393745,32.66480946504497,32.73425558851045,58790000
2017-04-19,32.565269470214844,32.87083100315372,32.512028972388194,32.84305396640531,69313600
2017-04-20,32.972679138183594,33.08379079811462,32.67637902358353,32.690267539552906,93278400
2017-04-21,32.9333381652832,33.02824423349794,32.836114988849005,32.97269015106534,69283600
2017-04-24,33.250457763671875,33.322217446021234,33.14397326161507,33.218050051250366,68537200
2017-04-25,33.45649337768555,33.54214161191035,33.30371258243812,33.31297395121647,75486000
2017-04-26,33.259708404541016,33.472677362604344,33.19026584449316,33.44258323180029,80164800
2017-04-27,33.28517150878906,33.37082321891818,33.174059881689736,33.315265639281044,56985200
2017-04-28,33.25278091430664,33.403248112016215,33.16481911650478,33.3546347632973,83441600
2017-05-01,33.931026458740234,34.07454583698274,33.55602238930603,33.58843010478582,134411600
2017-05-02,34.146305084228516,34.280566627243395,33.99121076699823,34.15324934230031,181408800
2017-05-03,34.04214859008789,34.14168887464234,33.396307657212596,33.701865706818786,182788000
2017-05-04,33.9194450378418,34.06065081378011,33.75277580944985,33.91713146295525,93487600
2017-05-05,34.481964111328125,34.48659126238202,33.972694921289396,33.972694921289396,109310800
2017-05-08,35.41947555541992,35.579200576555564,34.4981673635165,34.4981673635165,195009600
2017-05-09,35.646339416503906,35.852360711342406,35.52133566825122,35.61855884346047,156521600
2017-05-10,35.47734832763672,35.63475978023358,35.21114230191216,35.56300007932574,103222800
2017-05-11,35.7841682434082,35.81206347932915,35.4029664555446,35.43550794182237,109020400
2017-05-12,36.283897399902344,36.35827638015129,35.951506245832896,35.958479164395165,130108000
2017-05-15,36.19093322753906,36.411750676441315,36.03984853796265,36.26298911169875,104038800
2017-05-16,36.13747787475586,36.27461674038462,35.96314772621748,36.246725051580384,80194000
2017-05-17,34.924156188964844,35.92830001943731,34.7986399835346,35.70283263750505,203070800
2017-05-18,35.456417083740234,35.642369903458686,35.12867918475144,35.16122066219554,134272800
2017-05-19,35.577293395996094,35.79113793606161,35.477345821003205,35.651675956065326,107843200
2017-05-22,35.793460845947266,35.930599686561685,35.54242505223062,35.79578397067189,91865600
2017-05-23,35.749298095703125,36.00498014921674,35.635401137991366,36.00498014921674,79675600
2017-05-24,35.642372131347656,35.835297883523644,35.48663765479107,35.75859220759185,76712000
2017-05-25,35.76556396484375,35.87713778807206,35.570315094326915,35.733022486424275,76942400
2017-05-26,35.70513916015625,35.8515776206928,35.63540639100761,35.79579069602269,87710400
2017-05-30,35.719093322753906,35.89574663854694,35.640064487800984,35.660983259390264,80507600
2017-05-31,35.507564544677734,35.83530608592491,35.4192396783089,35.78881875413772,97804800
2017-06-01,35.60518264770508,35.640050800386376,35.38204207626871,35.602859522895166,65616400
2017-06-02,36.132835388183594,36.132835388183594,35.53778892826235,35.698173264847945,111082800
2017-06-05,35.779510498046875,35.900380368837645,35.670266890833446,35.87481181053104,101326800
2017-06-06,35.900386810302734,36.21650561210647,35.74465230785796,35.7725439958314,106499600
2017-06-07,36.11423873901367,36.25602742644051,35.9073670685145,36.03288678355155,84278400
2017-06-08,36.025901794433594,36.15374104545229,35.88875940404574,36.086334959401626,85003200
2017-06-09,34.62894058227539,36.07239580899807,33.940919564947656,36.07239580899807,259530800
2017-06-12,33.80145263671875,33.95718714132232,33.12505081993979,33.875835201353475,289229200
2017-06-13,34.07339859008789,34.27329724836116,33.73868422769963,34.20589116968116,136661600
2017-06-14,33.74102020263672,34.28492941811625,33.43419743692664,34.28492941811625,126124800
2017-06-15,33.538795471191406,33.5829596774279,33.055322968065674,33.313331736349795,128661600
2017-06-16,33.069271087646484,33.58761178507878,33.05299856980585,33.420254542962795,201444400
2017-06-19,34.01530075073242,34.108278966259064,33.39236266710712,33.39236266710712,130165600
2017-06-20,33.706146240234375,34.1384850786203,33.68987727338797,34.1384850786203,99600400
2017-06-21,33.90604782104492,33.95253869431153,33.61317447194587,33.82469588633968,85063200
2017-06-22,33.85026931762695,34.098978500955376,33.73172253920091,33.882810805541595,76425200
2017-06-23,34.001346588134766,34.20589506550318,33.72939202440925,33.734041820737275,141757600
2017-06-26,33.89442825317383,34.466229101408445,33.79215400799219,34.20822036352045,102769600
2017-06-27,33.408626556396484,33.973458046192356,33.383057994360364,33.70614970731368,99047600
2017-06-28,33.896759033203125,33.961842013606656,33.276144047154624,33.585289977449605,88329600
2017-06-29,33.39700698852539,33.734048123549286,33.0715921198715,33.63642366295311,125997600
2017-06-30,33.47603225708008,33.69452657118049,33.42024534281339,33.57597982170818,92096400
2017-07-03,33.355159759521484,33.77355271672712,33.26218512314469,33.67592828450497,57111200
2017-07-05,33.49230194091797,33.65500934423604,33.17386005537008,33.399327295237754,86278400
2017-07-06,33.17618942260742,33.35516937331201,33.10181040141911,33.24359906815151,96515200
2017-07-07,33.51322555541992,33.64571816878647,33.215702390068536,33.215702390068536,76806800
2017-07-10,33.7177848815918,33.9246565793029,33.32496025917524,33.49696733521027,84362400
2017-07-11,33.82701873779297,33.90140129701359,33.55971395244957,33.64106588649704,79127200
2017-07-12,33.875831604003906,33.978102299382456,33.66198707352154,33.906046414266775,99538000
2017-07-13,34.34769058227539,34.51504781603423,33.8061044711886,33.82005031620915,100797600
2017-07-14,34.642879486083984,34.710289117889154,34.2454088032534,34.394170362066625,80528400
2017-07-17,34.763763427734375,35.0752325133514,34.533649848800295,34.59175991164333,95174000
2017-07-18,34.88462829589844,34.89625101613398,34.55688673773994,34.68007976937292,71475200
2017-07-19,35.103111267089844,35.196085905265036,34.8543986125008,34.97759160412273,83692000
2017-07-20,34.94505310058594,35.2704714554087,34.91018849499136,35.21468453970198,68974800
2017-07-21,34.92879104614258,34.96830545588833,34.60569929892158,34.86370807164886,105010400
2017-07-24,35.351829528808594,35.433185018344126,34.842784918114624,35.0008461000464,85972800
2017-07-25,35.50291061401367,35.75859265691047,35.2844163004483,35.2844163004483,75415600
2017-07-26,35.67027282714844,35.779516452542396,35.577294623853,35.644704264586665,63124000
2017-07-27,34.99618911743164,35.79346069221231,34.238435490087035,35.737673778263115,129905200
2017-07-28,34.749820709228516,34.91950111491738,34.67776479229586,34.840472273556216,68854800
2017-07-31,34.570838928222656,34.9427447634796,34.43137690006898,34.842793607217075,79383600
2017-08-01,34.87765884399414,34.9171732593223,34.49645699092396,34.65684132456898,141474400
2017-08-02,36.52566146850586,37.13233067492419,36.297871012073976,37.02308347151407,279747200
2017-08-03,36.160728454589844,36.541930291722736,36.03288561813383,36.50473900352527,108389200
2017-08-04,36.351314544677734,36.58607781694372,36.18860715069363,36.276935541751506,82239600
2017-08-07,36.91383743286133,36.93940600354615,36.416415414157754,36.507066974448136,87481200
2017-08-08,37.209022521972656,37.6157928160046,36.7883063853405,36.86501206639718,144823600
2017-08-09,37.43681716918945,37.48563117062074,36.9835594991385,37.01842410962092,104526000
2017-08-10,36.2443733215332,37.3364631598306,36.08335925444722,37.31312644608266,163217200
2017-08-11,36.7484245300293,37.00278197214367,36.41939955013738,36.543076338748016,105028400
2017-08-14,37.301475524902344,37.38548274068739,37.04478582092473,37.177798729536015,88490800
2017-08-15,37.7098388671875,37.84984850346148,37.369141986955476,37.490486520273066,117862000
2017-08-16,37.558162689208984,37.922192780612306,37.37147958675794,37.7891834290691,110686400
2017-08-17,36.83710479736328,37.50216227298986,36.832436740362205,37.457824633190185,111762400
2017-08-18,36.75308609008789,37.219791945200114,36.57107109144877,36.83709328643541,109712400
2017-08-21,36.685420989990234,36.844099296178136,36.19537834194661,36.753091782762446,105474000
2017-08-22,37.28514099121094,37.33647893460074,36.87444100477661,36.923443139395175,86418400
2017-08-23,37.33180618286133,37.446150417064786,37.07512005887749,37.11945769174584,77596400
2017-08-24,37.1661262512207,37.50915538095337,36.99811183826252,37.43681297371242,79275600
2017-08-25,37.303810119628906,37.467156504852525,37.16613270641787,37.25480442371975,101920400
2017-08-28,37.67950439453125,37.80318118392024,37.32013882633084,37.36914451678862,103864000
2017-08-29,38.01553726196289,38.0645393969194,37.33647919209252,37.359815915861226,118067600
2017-08-30,38.11821746826172,38.2442265331109,37.945534950586996,38.223225615750124,109078400
2017-08-31,38.269893646240234,38.39123820845164,38.14854908402883,38.18588642019916,107140400
2017-09-01,38.28156661987305,38.48925068139497,38.183558771134194,38.456581398482015,66364400
2017-09-05,37.82184982299805,38.328225340858545,37.467152311436706,38.211548855802654,117874000
2017-09-06,37.78219223022461,38.03421394517101,37.45783164130639,37.96887537766841,86606800
2017-09-07,37.630496978759766,37.85918544283266,37.42048073941826,37.824180362486686,87714000
2017-09-08,37.016780853271484,37.60482774352189,36.99344413320669,37.53715695242767,114446000
2017-09-11,37.68650436401367,37.81484920865944,37.31080594278718,37.453151395815446,126323200
2017-09-12,37.53717041015625,38.26056626331219,37.049463407829194,37.94553823291222,286856000
2017-09-13,37.25479507446289,37.32713747611398,36.84876324175742,37.306133005604565,179629600
2017-09-14,36.93510437011719,37.19645853278068,36.89076674023318,37.100786530102134,95042800
2017-09-15,37.3084831237793,37.562837068833154,36.86977829327567,36.97945450090158,196458400
2017-09-18,37.02610778808594,37.45314406356935,36.86976175728322,37.36213656621603,113077600
2017-09-19,37.04010772705078,37.282796756080195,36.972436947440116,37.222122718481366,83242400
2017-09-20,36.419403076171875,36.93044313635267,35.89669109360044,36.846435917023044,211805600
2017-09-21,35.79401397705078,36.35639552154219,35.64466821011986,36.35639552154219,150046800
2017-09-22,35.44398880004883,35.53266408390223,35.1336288672463,35.36231382169076,186581600
2017-09-25,35.13128662109375,35.42997810617242,34.80692616960909,35.00060954145725,177549200
2017-09-26,35.73566818237305,35.917683186099715,35.397307140095684,35.41830804959879,146640000
2017-09-27,35.99003601074219,36.10438027471786,35.82902185395273,35.88969591922678,102016800
2017-09-28,35.768341064453125,36.0016940221078,35.63299592173139,35.91068651104982,88022000
2017-09-29,35.9643669128418,35.966702721919496,35.46965964147191,35.752018367161156,105199200
2017-10-02,35.89202880859375,36.04137460467565,35.63767486163443,35.99703695947117,74795200
2017-10-03,36.04836654663086,36.190712003672466,35.91535720256329,35.93869036363075,64921200
2017-10-04,35.81501388549805,35.90368915610887,35.57699641283298,35.85001896843151,80655200
2017-10-05,36.26071548461914,36.272383844489624,35.948023379917835,35.97835684276088,85135200
2017-10-06,36.239715576171875,36.28405320849662,36.06703310308697,36.16270867171578,69630400
2017-10-09,36.36573028564453,36.57341431104818,36.284058872908,36.35872998057238,65051600
2017-10-10,36.379730224609375,36.86977293472429,36.193050678550456,36.4170675580948,62468000
2017-10-11,36.531410217285156,36.63175029089218,36.34472711866406,36.39606505980196,67622400
2017-10-12,36.40305709838867,36.72274947323156,36.340050810265566,36.484732048203185,64500400
2017-10-13,36.63407516479492,36.70174594299575,36.498730047710374,36.573401128460155,65576800
2017-10-16,37.3084831237793,37.33648434762094,36.788103309491405,36.84644156628456,96486000
2017-10-17,37.44615173339844,37.539491498003954,37.156792766027294,37.28513761287271,75989200
2017-10-18,37.28048324584961,37.50217149938836,37.243149462708686,37.43449711861808,65496800
2017-10-19,36.398399353027344,36.655089073140346,36.17438247064158,36.578082157106444,170336800
2017-10-20,36.46140670776367,36.811436212158206,36.39373590361513,36.545413931245726,95896400
2017-10-23,36.44272232055664,36.79741972900144,36.28637630331624,36.610736695047194,87937200
2017-10-24,36.65975570678711,36.73442681112196,36.44973588193455,36.4707367962146,71028800
2017-10-25,36.498741149902344,36.764763409729866,36.23271889007482,36.6154176421194,84828400
2017-10-26,36.732086181640625,36.83009398660165,36.58507269385749,36.69008080198122,68002000
2017-10-27,38.048213958740234,38.17655884312885,37.03312680847597,37.17080424778157,177816800
2017-10-30,38.90461349487305,39.2196414776492,38.20455447597877,38.244224059767326,178803200
2017-10-31,39.445980072021484,39.588325510234554,38.95594102621831,39.17995785839023,144187200
2017-11-01,38.94426727294922,39.65599436543751,38.645575830967715,39.63965795249839,134551200
2017-11-02,39.22896957397461,39.31997709366315,38.56858021390283,38.87660785634644,165573600
2017-11-03,40.253395080566406,40.66409510504927,39.931366780502856,40.60342460300612,237594400
2017-11-06,40.66175842285156,40.83444091693834,40.07137564423533,40.223053663145954,140105200
2017-11-07,40.79243469238281,40.895110575377075,40.51007957483256,40.58241843039198,97446000
2017-11-08,41.126129150390625,41.126129150390625,40.68042411840414,40.7574310266021,97638000
2017-11-09,41.0421257019043,41.09346364541121,40.40273721684441,40.86244289963009,117930400
2017-11-10,40.906288146972656,41.072565925229945,40.81261284063416,41.00933312803533,100582000
2017-11-13,40.74235916137695,40.8664805643182,40.608868082656585,40.6322886986201,67928400
2017-11-14,40.126426696777344,40.627597062571766,40.08895514689948,40.524552087149495,99130000
2017-11-15,39.597164154052734,39.887563376509604,39.433230550038594,39.805594787760256,116632400
2017-11-16,40.070213317871094,40.250538408050126,39.882859186980596,40.0889455148256,94550000
2017-11-17,39.847740173339844,40.13813934158887,39.72830362131391,40.056170768140326,87598000
2017-11-20,39.80793380737305,39.943765523334434,39.709573648949515,39.88053271667487,65049600
2017-11-21,40.547977447509766,40.67912431395637,39.995284529281854,39.995284529281854,100525200
2017-11-22,40.974212646484375,40.983578749293905,40.52690530078438,40.59950421138276,102355600
2017-11-24,40.9765510559082,41.10067245893679,40.901607943559625,41.00699714198535,56106800
2017-11-27,40.770450592041016,41.002301766111664,40.59480673778599,40.99527629782013,82867200
2017-11-28,40.53158187866211,40.953124315386184,40.24820819101348,40.81963683001923,105715200
2017-11-29,39.69084167480469,40.496462371670276,39.14751833236251,40.428548293921786,166665600
2017-11-30,40.245872497558594,40.31378656450264,39.447277398767646,39.91331691229435,166108800
2017-12-01,40.05852127075195,40.20371909095955,39.461331269776544,39.80090877668901,159037200
2017-12-04,39.765777587890625,40.426196759021686,39.72596540146465,40.393410042348286,130169600
2017-12-05,39.728302001953125,40.16858378701708,39.437902845541025,39.59247031138055,109400800
2017-12-06,39.580772399902344,39.85946133735878,38.98358590362124,39.22714391139447,114240000
2017-12-07,39.65336608886719,39.91565981954569,39.55734657192807,39.58544845064818,102693200
2017-12-08,39.66507339477539,40.046807262488294,39.53627073312778,39.92737070272112,93420800
2017-12-11,40.437904357910156,40.48942684830083,39.529238880275294,39.625258391774615,141095200
2017-12-12,40.21073532104492,40.37232825077936,40.15453157051721,40.31612092676802,77636800
2017-12-13,40.34423065185547,40.64165172587985,40.28099785232571,40.39809377631504,95273600
2017-12-14,40.3325309753418,40.5456464708101,40.19903987153695,40.37468380381599,81906000
2017-12-15,40.74235916137695,40.789196819819715,40.38873073062717,40.66273478467583,160677200
2017-12-18,41.31612014770508,41.498789480065184,40.95078148298486,40.95546631992535,117684400
2017-12-19,40.87583923339844,41.07490371243593,40.770453627695375,40.99059451317676,109745600
2017-12-20,40.83135223388672,41.081935665957744,40.57373975840791,40.95312942821834,93902400
2017-12-21,40.98591232299805,41.22244836664475,40.77280046605222,40.789192036517036,83799600
2017-12-22,40.98591232299805,41.081931834310396,40.86647577195255,40.90862858756254,65397600
2017-12-26,39.94610595703125,40.156877194680966,39.7376717779659,39.9999690824779,132742000
2017-12-27,39.95313262939453,39.995285448799734,39.744702017539055,39.83603669973451,85992800
2017-12-28,40.06553268432617,40.245861366902524,39.92501617804895,40.046796911923664,65920800
2017-12-29,39.63228988647461,39.95079097845605,39.62994925418604,39.934399405467246,103999600
2018-01-02,40.341888427734375,40.351258103264755,39.63931284929152,39.85008766691489,102223600
2018-01-03,40.334869384765625,40.878196300607264,40.271640145539465,40.40512766850166,118071600
2018-01-04,40.5222053527832,40.625250312687136,40.299723865799606,40.40745008862052,89738400
2018-01-05,40.98357009887695,41.07021993214265,40.52689674675764,40.618231417181505,94640000
2018-01-08,40.83135223388672,41.12643269112992,40.732988507988125,40.83135223388672,82271200
2018-01-09,40.826656341552734,40.997615352543406,40.61120031743826,40.87817882269785,86336000
2018-01-10,40.817291259765625,40.81963546502523,40.51518538041785,40.55265692973523,95839600
2018-01-11,41.04914474487305,41.0983266027859,40.86413476669079,40.887551806210006,74670800
2018-01-12,41.47303009033203,41.53626288466178,41.1357932852183,41.25991466856103,101672400
2018-01-16,41.262271881103516,42.011685254549505,41.25056157127931,41.6627380333034,118263600
2018-01-17,41.943756103515625,41.9788834468811,40.99996336127196,41.25288738047048,137547200
2018-01-18,41.981224060058594,42.17794790326898,41.74469161004063,42.00698530300974,124773600
2018-01-19,41.793888092041016,42.05618187681274,41.547985882075125,41.82901544768551,129700400
2018-01-22,41.45196533203125,41.63463472388685,41.35829000361264,41.52222361508757,108434400
2018-01-23,41.4613151550293,42.02337762529229,41.40979624606809,41.52220731072736,130756400
2018-01-24,40.800899505615234,41.52221074603233,40.56202284665312,41.510500440238225,204420400
2018-01-25,40.07255935668945,40.97185501813943,39.93672768280118,40.868810053570165,166116000
2018-01-26,40.16625213623047,40.28100745555258,39.82667459040098,40.28100745555258,156572000
2018-01-29,39.33485412597656,39.85007534279946,39.12642357843754,39.85007534279946,202561600
2018-01-30,39.103023529052734,39.196698863731754,38.571406892362646,38.765786606632325,184192800
2018-01-31,39.21073532104492,39.44727134997662,38.99293864030814,39.07958847154962,129915600
2018-02-01,39.2927131652832,39.48943348596959,39.05383644817289,39.149855976180945,188923200
2018-02-02,37.58777618408203,39.06318493591073,37.49410091270475,38.875830819673624,346375200
2018-02-05,36.648681640625,38.37935916282286,36.53392635472329,37.25992247449914,290954000
2018-02-06,38.180294036865234,38.341886972498564,36.065542082454556,36.259921731587134,272975200
2018-02-07,37.36297607421875,38.266956997625066,37.252909163167054,38.194358076650865,206434400
2018-02-08,36.334877014160156,37.70490125305987,36.3067751256856,37.53862340811967,217562000
2018-02-09,36.7792854309082,37.127301440275964,35.328431147610246,36.934483068564454,282690400
2018-02-12,38.260719299316406,38.53819066973254,37.037953647563256,37.270750161088955,243278000
2018-02-13,38.644012451171875,38.74042347086671,38.011467178226546,38.082011914297254,130196800
2018-02-14,39.356502532958984,39.396477041902536,38.3006961328428,38.338316878401834,162579600
2018-02-15,40.67802429199219,40.701536806482075,39.73978777414594,39.925552067246045,204588800
2018-02-16,40.54633712768555,41.10834109330576,40.39114305798733,40.52987872716522,160704400
2018-02-20,40.40996170043945,40.97666251869846,40.30884675397618,40.45699032267764,135722000
2018-02-21,40.2265510559082,40.94374568045291,40.212439238762585,40.640407990824755,149886400
2018-02-22,40.562801361083984,40.903763321580946,40.37703706692749,40.39819940650478,123967600
2018-02-23,41.268245697021484,41.303516266669185,40.807356587986256,40.83792680705018,135249600
2018-02-26,42.08421325683594,42.18297445920961,41.435209532071234,41.46812993286246,152648800
2018-02-27,41.947818756103516,42.43927448726959,41.89373602093621,42.11477448821193,155712400
2018-02-28,41.884334564208984,42.47220139152184,41.867876158832495,42.15240169394147,151128400
2018-03-01,41.15067672729492,42.27467778171612,40.600434253902975,41.983094552063186,195208000
2018-03-02,41.43519592285156,41.4563582618264,40.55104215533317,40.63334492430652,153816000
2018-03-05,41.57863235473633,41.79496684206314,41.037794342392736,41.200046104901126,113605600
2018-03-06,41.54336929321289,41.91490152976552,41.416391647125984,41.83495250859769,95154000
2018-03-07,41.1577262878418,41.35054830257984,40.97901608895721,41.13656394614241,126814000
2018-03-08,41.60685348510742,41.64917816458234,41.16713034853489,41.26353775891226,95096400
2018-03-09,42.32169723510742,42.32640117322609,41.71266821269217,41.84670353867306,128740800
2018-03-12,42.73085403442383,42.88840187598345,42.37578384715246,42.39459242365057,128828400
2018-03-13,42.31935501098633,43.1494226362358,42.147698911966,42.935438262301844,126774000
2018-03-14,41.959571838378906,42.448677336361385,41.81142828997484,42.401648720566676,117473600
2018-03-15,42.008941650390625,42.38282749797182,41.87255977015147,41.97367109309647,90975200
2018-03-16,41.86081314086914,42.119472337041785,41.766752315671596,42.008953109968175,157618800
2018-03-19,41.22121047973633,41.73147830463949,40.835570098387464,41.696207740634804,133787200
2018-03-20,41.20711135864258,41.57393965755342,41.13656662699339,41.20711135864258,78597600
2018-03-21,40.2735710144043,41.17182942442222,40.271217251359516,41.16007137335858,148219600
2018-03-22,39.70450973510742,40.60511816653753,39.64572307786744,39.97492692319023,165963200
2018-03-23,38.78510665893555,39.956136503695376,38.78510665893555,39.596362252666424,164115200
2018-03-26,40.62629318237305,40.70389201786306,39.137814257363395,39.52110449652672,150164800
2018-03-27,39.584590911865234,41.18593921489509,39.2506830596845,40.8402733112041,163690400
2018-03-28,39.147216796875,39.979638021810935,38.8438791699243,39.32828073826218,166674000
2018-03-29,39.452919006347656,40.386451833592076,39.24598873087148,39.459973121370304,153594000
2018-04-02,39.194252014160156,39.7256858766554,38.67457979286387,39.184847724476676,150347200
2018-04-03,39.59636306762695,39.68101604537929,38.770999225582806,39.42000299631415,121112000
2018-04-04,40.35353088378906,40.44758814151123,38.745128095581016,38.770994379662774,138422000
2018-04-05,40.63334655761719,40.969604583911725,40.464040662906214,40.581614001563636,107732800
2018-04-06,39.5940055847168,40.55810497713796,39.55167730962481,40.203034724122084,140021200
2018-04-09,39.9866943359375,40.70153867662767,39.93966571674338,39.94671983021981,116070800
2018-04-10,40.73915481567383,40.915514793230855,40.33470231343214,40.68036815648815,113634400
2018-04-11,40.54869079589844,40.89670684951467,40.374680975063676,40.499308418346246,89726400
2018-04-12,40.94844055175781,41.15066682941306,40.68977778218014,40.77678448906721,91557200
2018-04-13,41.08717346191406,41.348186388918656,40.880246848218526,41.098931512114,100497200
2018-04-16,41.34349822998047,41.43050136861836,41.11070168436992,41.15773031098353,86313600
2018-04-17,41.91254425048828,42.07714620383334,41.482225408708985,41.50103757309891,106421600
2018-04-18,41.818485260009766,42.04893159283888,41.59274645355115,41.81143114656128,83018000
2018-04-19,40.63334655761719,41.24237559072981,40.60042616631525,40.85908535852946,139235200
2018-04-20,38.968505859375,40.26181252512337,38.9003113167802,40.11602274007063,261964400
2018-04-23,38.85564041137695,39.25068512896264,38.58521956459875,39.22952278796063,146062000
2018-04-24,38.31480026245117,39.11194735682978,37.91034768951034,38.95674968831802,134768000
2018-04-25,38.48175811767578,38.89796880402129,38.19017849013432,38.23955729051611,113528400
2018-04-26,38.615787506103516,38.97085769595813,38.41591139583521,38.592271403229525,111852000
2018-04-27,38.16901397705078,38.64165755124664,37.77161548089102,38.56405870986155,142623200
2018-04-30,38.86033248901367,39.330625769670974,38.05613140965605,38.124325944661024,169709600
2018-05-01,39.763309478759766,39.786821996562225,38.862697162878376,39.13076426459355,214277600
2018-05-02,41.51984405517578,41.79731536883284,40.86848685602493,41.20474482983506,266157600
2018-05-03,41.595096588134766,41.73853620820341,41.01898793273085,41.357599730142326,136272800
2018-05-04,43.22700119018555,43.32576233454739,41.89607053359277,41.91488269271681,224805200
2018-05-07,43.539764404296875,44.12998133734006,43.4433533948992,43.544464754959726,169805600
2018-05-08,43.749046325683594,43.78902083601134,43.18939600498701,43.49979138596113,113611200
2018-05-09,44.057098388671875,44.06650268060345,43.55388445104217,43.866630081577,92844800
2018-05-10,44.68727493286133,44.76487377033595,44.12527449301821,44.14644042182307,111957200
2018-05-11,44.51731872558594,44.86431758098543,44.248217939958764,44.729768989116714,104848800
2018-05-14,44.41344451904297,44.73919935447773,44.34499061980107,44.61645058140408,83115200
2018-05-15,44.00979232788086,44.15850710848081,43.69348166612134,44.090049611869624,94780800
2018-05-16,44.420528411865234,44.48662667958038,43.905933713378666,43.92245918077974,76732400
2018-05-17,44.13962936401367,44.59285148855085,43.99091455997095,44.37804201646454,69176000
2018-05-18,43.97911071777344,44.33319083661362,43.936622832419445,44.186838873430894,73190800
2018-05-21,44.290706634521484,44.67783411923844,44.12074787519311,44.378045251827345,73603200
2018-05-22,44.17975997924805,44.585772159242794,44.09005852495706,44.46774544649757,60962800
2018-05-23,44.4630126953125,44.49606002287198,43.84927249562091,43.98854672066096,80233600
2018-05-24,44.41344451904297,44.57632193676035,43.95550396152041,44.55980007220773,92936000
2018-05-25,44.51496505737305,44.76754040439707,44.29543345111309,44.43234489979227,69844000
2018-05-29,44.35444259643555,44.555089473229884,44.11130782679905,44.2836294416986,90056400
2018-05-30,44.26001739501953,44.37804410807291,44.0900586400715,44.311949436914176,74762000
2018-05-31,44.111305236816406,44.432338059704065,43.93898723392432,44.19392538167832,109931200
2018-06-01,44.90679168701172,44.911510160766305,44.3190175346132,44.37567163666349,93770000
2018-06-04,45.282127380371094,45.657451448657845,45.16882274882759,45.23727665487343,105064800
2018-06-05,45.631492614746094,45.780207443365335,45.40724255383238,45.574842090997706,86264000
2018-06-06,45.78964614868164,45.81325293388397,45.30337662938726,45.70702960425292,83734400
2018-06-07,45.666900634765625,45.84157787725058,45.402518329510784,45.82741524698312,85388800
2018-06-08,45.251441955566406,45.32225870517114,44.7958605631141,45.12633392541683,106627200
2018-06-11,45.140499114990234,45.31517996033656,44.89972719532468,45.168827977572434,73234000
2018-06-12,45.38835144042969,45.46624950148121,45.12160992245534,45.178264040098995,67644400
2018-06-13,45.01538848876953,45.52998684038837,44.95401589350231,45.421400677496116,86553600
2018-06-14,45.038997650146484,45.22075980980726,44.9020862209634,45.21603773241758,86440400
2018-06-15,44.57633590698242,44.887928212771115,44.439424463701634,44.857240109412814,246876800
2018-06-18,44.552730560302734,44.666035210598075,44.18920622118241,44.34972444416655,73939600
2018-06-19,43.832763671875,43.98383772878582,43.304002671742296,43.70293356002438,134314000
2018-06-20,44.02396774291992,44.18920443498189,43.84220558070689,43.98856116672441,82514800
2018-06-21,43.778480529785156,44.460674951389024,43.655731710130155,44.20101467940542,102847600
2018-06-22,43.6510009765625,43.941345694470854,43.599068932463176,43.93426437953818,108801600
2018-06-25,43.00185012817383,43.65099701866678,42.66193263466796,43.292194819756226,126652400
2018-06-26,43.53533935546875,44.03105307880999,43.08919844521767,43.1954253872837,98276800
2018-06-27,43.47159957885742,44.20808511168363,43.440911481026525,43.72417487042973,101141200
2018-06-28,43.78790283203125,43.95550231988519,43.386612798692276,43.45742953443182,69460800
2018-06-29,43.69584274291992,44.186834221581655,43.17652601033752,43.97438401151009,90950800
2018-07-02,44.184478759765625,44.21280762030508,43.296919170467575,43.39134270245,70925200
2018-07-03,43.414939880371094,44.36623477197079,43.32523843786457,44.328465364400785,55819200
2018-07-05,43.76430130004883,44.0027175522278,43.499922630270966,43.7312539663266,66416800
2018-07-06,44.37095642089844,44.47953896425488,43.71708751596208,43.76901955039826,69940800
2018-07-09,44.987056732177734,45.010659910691714,44.68490867284257,44.7321186317595,79026400
2018-07-10,44.93278121948242,45.15230922629465,44.892648958343386,45.01776061609463,63756400
2018-07-11,44.349727630615234,44.79822778826358,44.285992184418,44.49607963117393,75326000
2018-07-12,45.093292236328125,45.18299370385362,44.68727999643058,44.739212045851666,72164400
2018-07-13,45.164100646972656,45.28448659280294,45.06259580481476,45.105087292800874,50055600
2018-07-16,45.064964294433594,45.47569498575742,44.949296809074376,45.208957040742106,60172400
2018-07-17,45.19242858886719,45.29157059753824,44.66130836977185,44.79113847703972,62138000
2018-07-18,44.9445686340332,45.27504557512844,44.83362324118064,45.270323498314276,65573600
2018-07-19,45.29393005371094,45.452085408245445,44.776972502771265,44.776972502771265,81147200
2018-07-20,45.190067291259766,45.42375787179969,44.89027843939604,45.27032458958884,82704800
2018-07-23,45.230194091796875,45.312814226157805,44.746283880302556,45.01066254723482,63957600
2018-07-24,45.55830383300781,45.71409993336676,45.33405383503658,45.42847374937536,74791600
2018-07-25,45.9879264831543,45.99500779721355,45.423755382579955,45.57247018160259,66839600
2018-07-26,45.84393310546875,46.25702656183616,45.70229962253,45.93835302616852,76304000
2018-07-27,45.08148956298828,46.07527623163018,44.87376496387609,46.02806625919059,96096000
2018-07-30,44.82891845703125,45.36947935593918,44.630634392951606,45.29866258965634,84118000
2018-07-31,44.91860580444336,45.35530609259082,44.69435576534987,44.92096864396287,157492000
2018-08-01,47.56475830078125,47.62613088577967,46.57569401589206,47.00531291654773,271742800
2018-08-02,48.95511245727539,49.18880661029049,47.29329817483464,47.347589446060375,249616000
2018-08-03,49.09674835205078,49.27378840345483,48.5042520081429,48.87013550142241,133789600
2018-08-06,49.351688385009766,49.394176270098725,48.87958156283439,49.09910950623912,101701600
2018-08-07,48.88902282714844,49.45319034379685,48.80640269130763,49.4107024580885,102349600
2018-08-08,48.92207717895508,49.05426653375146,48.27765227337783,48.638813761264295,90102000
2018-08-09,49.30684280395508,49.519289455339305,48.91027115897772,49.460276096411505,93970400
2018-08-10,49.15997314453125,49.53187849965724,48.95625509336832,49.11970375953087,98444800
2018-08-13,49.47740173339844,49.97011532849168,49.200251013881406,49.581630095853846,103563600
2018-08-14,49.685848236083984,49.87772149361861,49.33289382938896,49.78297042789235,82992000
2018-08-15,49.80191421508789,49.920354837504796,49.34947016997029,49.56029433329154,115230400
2018-08-16,50.53150939941406,50.6475788972756,50.09327764618386,50.15960410625359,114001600
2018-08-17,51.5406379699707,51.628282901605665,50.493622970722605,50.55994945107156,141708000
2018-08-20,51.03844451904297,51.919639595681524,50.95553462143338,51.66381098233199,121150800
2018-08-21,50.938934326171875,51.448231101564794,50.699685602865536,51.355847573305866,104639200
2018-08-22,50.941314697265625,51.25162856351985,50.65468678783901,50.71627822753723,76072400
2018-08-23,51.04555892944336,51.41509322466389,50.834734691040765,50.84657586588272,75532800
2018-08-24,51.20426940917969,51.3795592809375,50.95554328856623,51.308497773209886,73905600
2018-08-27,51.62590789794922,51.81541364909847,51.244528884025435,51.43876965842527,82100400
2018-08-28,52.042823791503906,52.24180322712333,51.85805665635416,51.87937510705867,91107200
2018-08-29,52.819786071777344,52.94059783620013,51.974121793425,52.14941162490679,109019200
2018-08-30,53.30540084838867,54.070526466879734,52.682401847046464,52.883752406159765,195175200
2018-08-31,53.92129135131836,54.215021849347146,53.535173676561676,53.65598183805528,173360400
2018-09-04,54.09421157836914,54.288452356795226,53.68440795836104,54.106056365784276,109560400
2018-09-05,53.74124526977539,54.40451345860269,53.32196808127184,54.24343595184851,133332000
2018-09-06,52.84822463989258,53.8549702632671,52.42183753532365,53.58966072346746,137160000
2018-09-07,52.42183303833008,53.38593806128113,52.28207393714789,52.552118477788824,150479200
2018-09-10,51.718292236328125,52.55211538527459,51.2776928944184,52.338920056563786,158066000
2018-09-11,53.02587890625,53.13247476524067,51.29901225541865,51.64248940750935,142996000
2018-09-12,52.36735534667969,53.29829720285223,52.07598871951485,53.28408490192167,197114800
2018-09-13,53.63228988647461,54.09184013440997,52.722666665655694,52.94770315209747,166825600
2018-09-14,53.02351379394531,53.734157753846546,52.71083233114026,53.475957982567735,127997200
2018-09-17,51.611690521240234,52.812676640029984,51.46719280683929,52.62317090752562,148780400
2018-09-18,51.69697952270508,52.552121215029416,51.43166999184598,51.59038003926348,126286800
2018-09-19,51.7277717590332,52.023873403694104,51.000547999297495,51.75856748672499,108495200
2018-09-20,52.121002197265625,52.65398522500939,51.9125454564342,52.170748870244935,106435200
2018-09-21,51.55958938598633,52.436049554005606,51.47194083901891,52.29865795357762,384986800
2018-09-24,52.30101776123047,52.41235225527132,51.315594354443164,51.36060237729222,110773600
2018-09-25,52.632659912109375,52.781896297075804,52.042824137047674,52.05466892569171,98217600
2018-09-26,52.21336364746094,53.00217862793427,52.05702115810133,52.35075520345686,95938800
2018-09-27,53.286441802978516,53.63939620206603,52.95243833953208,53.018768421536556,120724800
2018-09-28,53.47358703613281,53.49727299789498,53.06615090279619,53.24854690500013,91717600
2018-10-01,53.833641052246094,54.34530550981975,53.618081823828625,53.99708972184782,94403200
2018-10-02,54.31214904785156,54.48270388831588,53.68441499233851,53.83128025486863,99152800
2018-10-03,54.973045349121094,55.30467772526183,54.430585144800126,54.494544108242195,114619200
2018-10-04,54.006568908691406,55.03937152166361,53.708096157284366,54.66746614555223,128168000
2018-10-05,53.130104064941406,54.10605745821215,52.25127648462719,53.99946159836693,134322000
2018-10-08,53.006927490234375,53.25091493076167,52.161259546536,52.6373932546599,118655600
2018-10-09,53.74124526977539,53.835999933619775,52.64685510764889,52.97611988365132,107564000
2018-10-10,51.25163650512695,53.61808191451641,51.17820388289686,53.40725770912091,167962400
2018-10-11,50.79920196533203,51.995453439346754,50.294647175709244,50.81578539388251,212497600
2018-10-12,52.613704681396484,52.79610429097438,51.36533924220412,52.21337471372891,161351600
2018-10-15,51.48851776123047,52.54737742537575,51.46719931244083,52.38866739351679,123164000
2018-10-16,52.62317657470703,52.82215960325249,51.34638657960489,51.86041853976065,116736000
2018-10-17,52.395782470703125,52.739259679639844,51.95755056013133,52.658720894141744,91541600
2018-10-18,51.17110061645508,52.05229936190943,50.45571806191486,51.60696135100703,130325200
2018-10-19,51.950439453125,52.41235728414576,51.505101434232195,51.65433781599349,132314800
2018-10-22,52.267860412597656,52.909810362997675,51.86279539037658,52.06414233827179,115168400
2018-10-23,52.76057052612305,52.88374981323003,50.858413991095595,51.12609101465835,155071200
2018-10-24,50.950801849365234,53.115896952503974,50.82051640148863,52.72978286182504,163702000
2018-10-25,52.06650161743164,52.4407744415898,51.3440130522694,51.571420652025175,119423200
2018-10-26,51.2374267578125,52.15889488542669,50.37754646798605,51.142672067536914,189033600
2018-10-29,50.275699615478516,52.04046497079283,48.81887712716149,51.922024294402306,183742000
2018-10-30,50.52677536010742,50.972109687595996,49.57214413596426,50.01747846345283,146640000
2018-10-31,51.843833923339844,52.22047426808277,51.31321858727521,51.3748100296124,153435600
2018-11-01,52.63975524902344,52.672918481701075,51.358226731764,51.88884206912743,233292800
2018-11-02,49.148128509521484,50.609685619388856,48.662521147330224,49.63847450952793,365314800
2018-11-05,47.752899169921875,48.41616751574769,46.94276557852468,48.394849066781845,264654800
2018-11-06,48.269309997558594,48.49434653988562,47.77659639362491,47.83107808787786,127531600
2018-11-07,49.73322296142578,49.75928004625563,48.35457582053014,48.79043649902817,133697600
2018-11-08,49.55970764160156,49.947168944767455,49.146094704463344,49.9138899930759,101450400
2018-11-09,48.60411071777344,48.97017910793809,48.07639914893464,48.86083555886795,137463200
2018-11-12,46.155731201171875,47.505913628533506,46.06540106061656,47.30386051217571,204542000
2018-11-13,45.69457244873047,46.871225412365966,45.50916064244286,45.55194993542723,187531600
2018-11-14,44.40382385253906,46.22941826577733,44.19701557173812,46.09154728762127,243204000
2018-11-15,45.49966812133789,45.63278395947221,44.42760321546091,44.78178927753117,185915200
2018-11-16,46.00358963012695,46.345889437901874,45.03612078314254,45.28333529590603,147713200
2018-11-19,44.18037796020508,45.33088300072915,43.97357330630078,45.16448824315479,167701200
2018-11-20,42.06952667236328,43.13683603169067,41.720095905860255,42.39994037904801,271300800
2018-11-21,42.02198791503906,42.85158950837461,41.96731613231537,42.723225255034755,124496800
2018-11-23,40.95467758178711,41.97920130450926,40.90951614402539,41.58460546368542,94496000
2018-11-26,41.50852966308594,41.586973662491694,40.47212364014225,41.41820317687881,179994000
2018-11-27,41.418209075927734,41.54419392188072,40.61951070937927,40.769264159453,165549600
2018-11-28,43.01084899902344,43.09404455097691,41.5822228299945,42.01009758633539,184250000
2018-11-29,42.68043899536133,43.45298939568039,42.2406780858648,43.41971044659814,167080000
2018-11-30,42.44987106323242,42.86585982792588,42.08142314621995,42.85634948210918,158126000
2018-12-03,43.93316650390625,43.961690285175266,43.075041021768605,43.84759153296526,163210000
2018-12-04,42.000587463378906,43.35552105926829,41.900750632853665,43.01322128196301,165377200
2018-12-06,41.532318115234375,41.5465800066735,40.51017357886562,40.828701244786494,172393600
2018-12-07,40.0513916015625,41.47763851102162,40.00622653575494,41.23993069277843,169126400
2018-12-10,40.315250396728516,40.431724914888164,38.82482125087968,39.22179290135247,248104000
2018-12-11,40.08467483520508,40.835828864514035,39.69720988937446,40.804929311290685,189126800
2018-12-12,40.19639587402344,40.86673007468708,40.17737881219227,40.50541315416228,142510800
2018-12-13,40.63615036010742,41.02123948791272,40.30336086904943,40.52680679610269,127594400
2018-12-14,39.33589553833008,40.191645282597655,39.288354691900565,40.17262821859903,162814800
2018-12-17,38.96981430053711,40.018106488031215,38.682186288828,39.32875174502848,177151600
2018-12-18,39.47614288330078,39.82319429985514,39.0767918244386,39.3121238927217,135366000
2018-12-19,38.24480438232422,39.804166830759186,37.816929655099294,39.459491276959305,196189200
2018-12-20,37.27970886230469,38.53480555928461,36.9160162755169,38.12832368909865,259092000
2018-12-21,35.829689025878906,37.59585953806202,35.56821267070731,37.2868387300115,382978400
2018-12-24,34.90262985229492,36.024610738041524,34.845578685735234,35.21640220054204,148676800
2018-12-26,37.36054229736328,37.374804188002045,34.87649599373954,35.25207483147406,234330000
2018-12-27,37.118072509765625,37.265453816149545,35.672812239071256,37.044383670140306,212468400
2018-12-28,37.137088775634766,37.68144167172036,36.73774141053779,37.43897869883537,169165600
2018-12-31,37.496028900146484,37.88111436747767,37.196514756992805,37.6838164623134,140014000
2019-01-02,37.53882598876953,37.75989619158616,36.661683377623504,36.81857144063734,148158800
2019-01-03,33.7996711730957,34.63877937995314,33.75450611274441,34.225166520409374,365248800
2019-01-04,35.242557525634766,35.31149481961843,34.18238275669409,34.35590843708306,234428400
2019-01-07,35.16411590576172,35.37805511903299,34.68156932360782,35.347151941896,219111200
2019-01-08,35.83445739746094,36.08880653095804,35.30436992220377,35.55158448343476,164101200
2019-01-09,36.4429817199707,36.73298552202173,35.56821876942101,35.96281095519444,180396400
2019-01-10,36.55946731567383,36.59987721410009,35.86060567047333,36.25044639149984,143122800
2019-01-11,36.20051956176758,36.535688433017384,36.01510776642368,36.34076992153444,108092800
2019-01-14,35.65617752075195,35.95806750602516,35.47076568781476,35.85823064422313,129756800
2019-01-15,36.38594436645508,36.46200899658063,35.668065603886845,35.720361623969346,114843600
2019-01-16,36.8304443359375,37.0538902314347,36.36929065835952,36.38830771618193,122278800
2019-01-17,37.04913330078125,37.47700801363403,36.431091645868044,36.65453753075409,119284800
2019-01-18,37.277339935302734,37.52930962970912,37.077662621334206,37.43897950260748,135004000
2019-01-22,36.440608978271484,37.2559450474709,36.278965777015756,37.17988043233495,121576000
2019-01-23,36.58798599243164,36.87798981327915,36.06027435955394,36.64265777360124,92522400
2019-01-24,36.297977447509766,36.72109700768508,36.06978000885468,36.63314628936311,101766000
2019-01-25,37.50078201293945,37.58873636724454,36.683070210489795,36.95880850768255,134142000
2019-01-28,37.15372848510742,37.16085942867184,36.526180061507155,37.032495190246195,104768400
2019-01-29,36.768646240234375,37.58874117410674,36.633154660160066,37.14184928285267,166348800
2019-01-30,39.281219482421875,39.49515508169959,38.08792514275934,38.80580381546367,244439200
2019-01-31,39.564090728759766,40.17262217665651,39.117198859839675,39.485646711738674,162958400
2019-02-01,39.58311080932617,40.1678700686223,39.44286042612328,39.68770283999932,130672400
2019-02-04,40.70746994018555,40.80493103070049,39.76376947096352,39.794672652622886,125982000
2019-02-05,41.40394973754883,41.61788896935048,40.96894758319973,41.09017727556035,144406400
2019-02-06,41.418209075927734,41.73436089051288,41.08779537344349,41.515666518949295,112958400
2019-02-07,40.63376998901367,41.34689335525924,40.49114386491136,40.980821329392036,126966800
2019-02-08,40.6815185546875,40.7412003774685,40.20644993398255,40.34252623841414,95280000
2019-02-11,40.44755554199219,40.872493391153164,40.40458638620201,40.834296157547215,83973600
2019-02-12,40.79610061645508,40.82236076031254,40.51201459909403,40.607507687070644,89134000
2019-02-13,40.626617431640625,41.17569104838117,40.56454963390793,40.91547911908736,89960800
2019-02-14,40.774620056152344,40.884432564786806,40.43562775647638,40.51440819581286,87342800
2019-02-15,40.68391036987305,40.98948105506245,40.52396349892937,40.88205448713788,98507200
2019-02-19,40.8056640625,40.927417341950274,40.46189973940875,40.51442004766372,75891200
2019-02-20,41.06825637817383,41.376216629460316,40.81998159348772,40.867726324078575,104457600
2019-02-21,40.836700439453125,41.149432689191315,40.65526896246121,41.01335999211996,68998800
2019-02-22,41.29267120361328,41.299832732903184,40.91309558048721,40.960840323316646,75652800
2019-02-25,41.593448638916016,41.98496119159878,41.52660529889863,41.57673962525608,87493600
2019-02-26,41.61733627319336,41.84890207691848,41.34041169350497,41.46932649284163,68280800
2019-02-27,41.74624252319336,41.77727823840255,41.23536623787133,41.34995796663316,111341600
2019-02-28,41.335636138916016,41.75579857516945,41.28072987242926,41.61495032332995,112861600
2019-03-01,41.77011489868164,41.813084063086116,41.273561690323184,41.60539248308564,103544800
2019-03-04,41.980201721191406,42.43378218337515,41.53139318278945,41.94200447479764,109744800
2019-03-05,41.903804779052734,42.016006907094805,41.667463428832036,42.001683851206835,78949600
2019-03-06,41.662681579589844,41.89424730844964,41.52421933451056,41.69848921077895,83241600
2019-03-07,41.180458068847656,41.64358960039428,41.06586998808738,41.5075132948063,99185600
2019-03-08,41.278343200683594,41.316540447448006,40.464282137130546,40.6600402947807,95997600
2019-03-11,42.708316802978516,42.760837105669346,41.86083771700078,41.894259396650405,128044000
2019-03-12,43.18815994262695,43.60831871063706,42.820517833264546,42.97091720915733,129870400
2019-03-13,43.379150390625,43.75872602054894,43.19055373543909,43.508061562842215,124130000
2019-03-14,43.861366271972656,43.9496978509338,43.58205576514747,43.90194947627824,94318000
2019-03-15,44.43192672729492,44.720788381391955,43.86375819430227,44.12874565980989,156171600
2019-03-18,44.88551712036133,44.97384507371518,44.353152510049036,44.355542114857684,104879200
2019-03-19,44.52981185913086,45.11708273704642,44.384188031378365,44.9642973802807,126585600
2019-03-20,44.918922424316406,45.236430119419495,44.100086022694995,44.458176915154105,124140800
2019-03-21,46.573307037353516,46.8693301940771,45.31282721306185,45.362961547719905,204136800
2019-03-22,45.608848571777344,47.19399759999864,45.54439118481218,46.63298702263183,169630800
2019-03-25,45.05739212036133,45.83086624459337,44.54651584172195,45.718664121662755,175381200
2019-03-26,44.59186935424805,46.045721333722135,44.064284077836106,45.75447374551605,199202000
2019-03-27,44.992942810058594,45.30089948100044,44.53458674675272,45.059786174955896,119393600
2019-03-28,45.0526123046875,45.25314234444775,44.768526260349205,45.107518558807506,83121600
2019-03-29,45.34624099731445,45.37727670587753,45.0096346962018,45.31759489260318,94256000
2019-04-01,45.65420150756836,45.75923843979471,44.971441413308554,45.74969095238825,111448000
2019-04-02,46.31787872314453,46.42291933375251,45.608858244230724,45.61840573488142,91062800
2019-04-03,46.635379791259766,46.909914730827474,46.11017681396402,46.13405100118274,93087200
2019-04-04,46.71654510498047,46.87887791765802,46.107789772060734,46.50168835311438,76457200
2019-04-05,47.02928161621094,47.05315580507173,46.773841637621636,46.897980862856144,74106400
2019-04-08,47.76933670043945,47.80036877404332,46.87171967389042,46.890818296018026,103526800
2019-04-09,47.6260871887207,48.42582494696021,47.56162981016656,47.82184528555595,143072800
2019-04-10,47.893470764160156,47.92212051778951,47.310975557121054,47.43033920962285,86781200
2019-04-11,47.49479293823242,47.984184604276585,47.373043333440464,47.948376968364045,83603200
2019-04-12,47.47569274902344,47.77887741292295,46.84068095613037,47.5544731881165,111042800
2019-04-15,47.56163787841797,47.70965127808389,47.27039028762013,47.40646659401936,70146400
2019-04-16,47.56641387939453,48.07251458286473,47.40169146179994,47.616548214497456,102785600
2019-04-17,48.49268341064453,48.552365242777874,47.4136348657205,47.63564953276536,115627200
2019-04-18,48.666954040527344,48.73618336401421,48.347060289936984,48.490294503503264,96783200
2019-04-22,48.82688522338867,48.924764272283525,48.30407195157679,48.421049618013726,77758000
2019-04-23,49.5311164855957,49.595573847010115,48.67647270612757,48.80299782573019,93292000
2019-04-24,49.45475387573242,49.769872052792415,49.42849372408659,49.50249861253667,70162400
2019-04-25,49.00593566894531,49.59797830244953,48.967738429960725,49.3759636808939,74172800
2019-04-26,48.77198791503906,48.93909629580391,48.25156050901197,48.91522210882772,74596400
2019-04-29,48.84600067138672,49.170669996093025,48.66695516826244,48.795866327728284,88818800
2019-04-30,47.90540313720703,48.557127595690886,47.53298916093055,48.47596119423354,186139600
2019-05-01,50.25688934326172,51.40039189717856,49.948928981404165,50.10410396490077,259309200
2019-05-02,49.929813385009766,50.765358935797714,49.68631416151659,50.09453580499543,127985200
2019-05-03,50.550506591796875,50.57199117489854,50.1876400699806,50.34520096477196,83569600
2019-05-06,49.76987075805664,49.855812739144525,48.58100972191574,48.76960270232786,129772400
2019-05-07,48.428218841552734,49.51681471565359,47.943602727798975,49.149176286929475,155054800
2019-05-08,48.437774658203125,49.020269936554875,48.16323968091457,48.19904732397306,105358000
2019-05-09,47.91735076904297,48.14652696976291,46.94811837589107,47.8409562736763,139634400
2019-05-10,47.25352478027344,47.65373790443453,46.1966858308996,47.31104129279952,164834800
2019-05-13,44.50716781616211,45.40823773541505,43.81938322929667,44.98406587699124,229722400
2019-05-14,45.21173858642578,45.46096949743799,44.43288696152573,44.67253361534113,146118800
2019-05-15,45.75334167480469,45.95224884917704,44.57907445764329,44.6389861249825,106178800
2019-05-16,45.552032470703125,46.12478777769744,45.25486932916094,45.51129298187126,132125600
2019-05-17,45.293216705322266,45.74854387618077,44.75640689461861,44.79714638618235,131516400
2019-05-20,43.87689971923828,44.178856807213535,43.20349328767014,43.979949669541405,154449200
2019-05-21,44.71806716918945,45.05357102262831,44.262736331845005,44.387353616001334,113459200
2019-05-22,43.802608489990234,44.5047749813333,43.7474907918009,44.25314530140876,118994400
2019-05-23,43.05490493774414,43.265791439114736,42.611557307233596,43.08845531228378,146118800
2019-05-24,42.88954162597656,43.64922072020413,42.80566387415397,43.184305846774684,94858800
2019-05-28,42.712215423583984,43.277781584642646,42.63553040781726,42.877572173999866,111792800
2019-05-29,42.508522033691406,42.980626205477755,42.17780850142833,42.278459651091545,113924800
2019-05-30,42.7289924621582,42.9518620603252,42.33836730703267,42.64511468367893,84873600
2019-05-31,41.95494079589844,42.654708575512196,41.93576862508081,42.2329281309598,108174400
2019-06-03,41.530765533447266,42.637931895817616,40.804636470241036,42.08195356453021,161584400
2019-06-04,43.05012893676758,43.09566239050077,41.82313911991477,42.04361362408563,123872000
2019-06-05,43.74509811401367,44.332235335001265,43.40959426492165,44.162084603643216,119093600
2019-06-06,44.3873405456543,44.447252191606566,43.65162377813643,43.874497002571545,90105200
2019-06-07,45.56880569458008,45.99298125786859,44.519155931088335,44.69649209879013,122737600
2019-06-10,46.15115737915039,46.819769997339314,45.92109496085426,45.9666284144444,104883600
2019-06-11,46.68556213378906,46.970742225231355,46.39559174230331,46.69754519733289,107731600
2019-06-12,46.536991119384766,46.96356193324347,46.34527303685182,46.479474597609396,73012800
2019-06-13,46.52738571166992,47.160052586468986,46.39558300765433,46.65919207240241,86698400
2019-06-14,46.189491271972656,46.39318870678023,45.60475292882197,45.9043112065248,75046000
2019-06-17,46.465084075927734,46.72150772045912,46.052891587494855,46.22783260024407,58676400
2019-06-18,47.557865142822266,47.99881399163234,46.781412530073396,46.98271478843668,106204000
2019-06-19,47.41887283325195,47.90056485236439,47.284671318756736,47.8526326057158,84496800
2019-06-20,47.799922943115234,48.075515130955985,47.45722632835696,48.01799861790571,86056000
2019-06-21,47.6369514465332,48.13302166991247,47.48597291651048,47.641745402473425,191202400
2019-06-24,47.58903503417969,47.967677202569334,47.49077902420712,47.57944711984593,72881600
2019-06-25,46.867698669433594,47.75199176598326,46.80059424100011,47.5530846009983,84281200
2019-06-26,47.88139724731445,48.16657732114802,47.29426373709572,47.394914882557444,104270000
2019-06-27,47.86701583862305,48.3055695796001,47.82627635318371,47.99881855051386,83598800
2019-06-28,47.43086242675781,47.80950455578012,47.22237102064913,47.612992556266285,124442400
2019-07-01,48.30078125,49.005342959981036,48.08509707895737,48.689007638472184,109012000
2019-07-02,48.58356475830078,48.679425613175255,48.255250015060284,48.26723307900931,67740800
2019-07-03,48.98616027832031,48.99334938347399,48.57396785149787,48.715358461809224,45448000
2019-07-05,48.94302749633789,49.14672858318471,48.62429705737568,48.732140960245864,69062000
2019-07-08,47.93412399291992,48.26483388360054,47.54829273986113,48.12344323760648,101354400
2019-07-09,48.22649383544922,48.29119579901545,47.64415056632906,47.73761261486467,82312000
2019-07-10,48.703392028808594,48.82321536456781,48.303182526178986,48.37268210868142,71588400
2019-07-11,48.34870529174805,48.98137221844201,48.33912103596176,48.72255343160577,80767200
2019-07-12,48.720157623291016,48.8879095226626,48.45654488376627,48.51645653759306,70380800
2019-07-15,49.177886962890625,49.336050960909304,48.8879129292078,48.90948024847616,67789600
2019-07-16,49.00774002075195,49.3935712742745,48.76809337028373,49.02930734168184,67467200
2019-07-17,48.73215103149414,49.14913389035731,48.712978859393154,48.899902966480354,56430000
2019-07-18,49.28572463989258,49.338447188715584,48.81601565675598,48.887910373943456,74162400
2019-07-19,48.55001449584961,49.487033785576166,48.4948967896062,49.31688305319296,83717200
2019-07-22,49.65958786010742,49.6619830106113,48.79446315482446,48.80404741355831,89111600
2019-07-23,50.04779815673828,50.06457517499835,49.676345172458426,49.95673492968282,73420800
2019-07-24,50.0070686340332,50.12209800817282,49.64759864021876,49.76742197149024,59966400
2019-07-25,49.611637115478516,50.143652827411785,49.542137557976254,50.05977505986539,55638400
2019-07-26,49.7841911315918,50.26108557444569,49.64040169408489,49.72188066887074,70475600
2019-07-29,50.24909591674805,50.4791582552203,49.95193648142088,49.95673043716652,86693600
2019-07-30,50.03343200683594,50.364145585133684,49.68115110561913,50.02863804950347,135742800
2019-07-31,51.054325103759766,53.05058230898032,50.6373422371492,51.864332020665906,277125600
2019-08-01,49.94955062866211,52.250159983136925,49.54455085268824,51.26041812620774,216071600
2019-08-02,48.8927116394043,49.47025729958617,48.31995627949175,49.25457677249791,163448400
2019-08-05,46.33328628540039,47.605809517619385,46.15115613267699,47.44764549457553,209572000
2019-08-06,47.210384368896484,47.466808008764005,46.50102876130164,47.04502761522001,143299200
2019-08-07,47.69927215576172,47.823889449526476,46.44831988764817,46.82935721987256,133457600
2019-08-08,48.75129699707031,48.77526311529055,47.783126522462226,47.97723964721094,108038000
2019-08-09,48.349578857421875,48.77536233448243,47.94062880012546,48.424150980389186,98478800
2019-08-12,48.22690200805664,48.60457853933476,47.90696052090706,48.02002268819342,89927600
2019-08-13,50.26922607421875,51.03179177110684,48.22689462466071,48.35679753640936,188874000
2019-08-14,48.77296829223633,49.66062487459382,48.73447826245235,48.87159761707856,146189600
2019-08-15,48.53001022338867,49.34790322459332,48.03205506391868,48.94376889570016,108909600
2019-08-16,49.6750602722168,49.83382890028056,49.035177258949965,49.14102301099248,110481600
2019-08-19,50.601200103759766,51.17372364887826,50.5242200506216,50.66614789415775,97654400
2019-08-20,50.60361099243164,51.32287831702901,50.593990319832756,50.728701759885844,107537200
2019-08-21,51.152076721191406,51.395038142607625,50.901898878290325,51.2362731993296,86141600
2019-08-22,51.1087760925293,51.58507824401724,50.69742173173677,51.28438179246483,89014800
2019-08-23,48.74650955200195,51.01015362415457,48.35199590142177,50.37989128106551,187272000
2019-08-26,49.672637939453125,49.841027178853416,49.328639370540266,49.5210857886878,104174400
2019-08-27,49.11216354370117,50.168209606170834,48.96061131856884,50.00222453495198,103493200
2019-08-28,49.441715240478516,49.487421690431304,48.91008594619143,49.09772024659994,63755200
2019-08-29,50.278846740722656,50.35342253777785,49.713539661494714,50.15616392017947,83962000
2019-08-30,50.21391296386719,50.625263734369405,49.84345280767614,50.55550375905669,84573600
2019-09-03,49.48261260986328,49.790525515438006,49.12658900103214,49.65821832852433,80092000
2019-09-04,50.322139739990234,50.391899683095176,49.87229914291597,50.129693328148676,76752400
2019-09-05,51.30603790283203,51.47202295353746,50.88025064284134,50.99812498900019,95654800
2019-09-06,51.30121994018555,51.5802671339122,51.12080206554331,51.491262157017566,77449200
2019-09-09,51.52012634277344,52.06619212190076,50.774401351657886,51.681299198955934,109237600
2019-09-10,52.12874221801758,52.14798723364633,50.92836419189196,51.44556068094827,127111600
2019-09-11,53.78617477416992,53.81504412951995,52.37650966317453,52.45830188762013,177158400
2019-09-12,53.6658935546875,54.46694930230438,53.610566438121275,54.0772478950462,128906800
2019-09-13,52.621883392333984,53.1126184269581,52.205720496590914,52.922579868861604,159053200
2019-09-16,52.898521423339844,52.953852216544,52.33561851362574,52.37651279298673,84632400
2019-09-17,53.09096145629883,53.11983080987123,52.71088072465714,52.91295151722097,73274800
2019-09-18,53.58892059326172,53.60816560690575,52.78786479455756,53.177566226668915,101360000
2019-09-19,53.15351486206055,53.82707201378475,53.011583339522566,53.40609695865153,88242400
2019-09-20,52.376502990722656,53.53839437139398,52.31395945821873,53.254538719325595,221652400
2019-09-23,52.61465835571289,52.88408117997222,52.357260452056735,52.66998547056386,76662000
2019-09-24,52.364479064941406,53.52156204892097,52.246608409698545,53.17034699206987,124763200
2019-09-25,53.170345306396484,53.2834074578566,52.23457816197458,52.573764616354914,87613600
2019-09-26,52.89612579345703,53.14871160301391,52.64113573317341,52.922587233898454,75334000
2019-09-27,52.63872528076172,53.15351751274349,52.26826515822796,53.05248026433511,101408000
2019-09-30,53.87757873535156,54.024318726125784,53.11260518112533,53.13906661128495,103909600
2019-10-01,54.026729583740234,54.89995321519849,53.932912441810814,54.14219965889246,139223200
2019-10-02,52.672393798828125,53.78376662810997,52.424616563859,53.65867588561685,138449200
2019-10-03,53.119834899902344,53.15351275615426,51.75106404471548,52.54489975216936,114426000
2019-10-04,54.60887908935547,54.72434916797866,53.85834193135936,54.27931695765273,138478800
2019-10-07,54.620906829833984,55.31130468759633,54.3274268081445,54.430868293138765,122306000
2019-10-08,53.98102951049805,54.86146966676648,53.96419241668242,54.32262393488646,111820000
2019-10-09,54.61368942260742,54.79651153502603,54.27931513122723,54.61368942260742,74770400
2019-10-10,55.349788665771484,55.433985128762735,54.67863589414209,54.83018438867168,113013600
2019-10-11,56.82200241088867,57.165997351667045,55.883827383054744,56.0377838024609,166795600
2019-10-14,56.7402229309082,57.283884526626984,56.45155503855571,56.506882164192184,96427600
2019-10-15,56.60791015625,57.168405084190226,56.50206442322086,56.86530439737924,87360000
2019-10-16,56.3793830871582,56.588670322294504,56.097931637089864,56.13882591575506,73903200
2019-10-17,56.59829330444336,56.80757687751156,56.174913986911356,56.552586852713226,67585200
2019-10-18,56.87012481689453,57.15157628203032,56.36014109020242,56.43230897960908,97433600
2019-10-21,57.85640335083008,57.971873434702374,57.089029065616195,57.13713976525744,87247200
2019-10-22,57.72410202026367,58.26294774953404,57.64230979011836,58.01276989960297,82293600
2019-10-23,58.49868392944336,58.5131204412516,58.02719398747313,58.23888544666587,75828800
2019-10-24,58.594913482666016,58.88839351156194,58.16912628162669,58.818629879608615,69275200
2019-10-25,59.316585540771484,59.35266764688448,58.42652477407812,58.49388048589636,73477200
2019-10-28,59.910762786865234,59.958873485830956,59.350264150917546,59.51865343260309,96572800
2019-10-29,58.5251579284668,60.07915901187092,58.35196012629603,59.891524694792075,142839600
2019-10-30,58.51792907714844,59.00866770266938,58.024789872236575,58.87876479036825,124522000
2019-10-31,59.84099578857422,59.93962510180534,57.07458854156934,59.47535156050555,139162000
2019-11-01,61.53933334350586,61.56579110685089,59.937221805325485,60.02863102849158,151125200
2019-11-04,61.94346618652344,62.027662657351385,61.43348620261237,61.902568240845305,103272000
2019-11-05,61.854469299316406,62.109459324596685,61.65961856945548,61.83522061369756,79897600
2019-11-06,61.880924224853516,61.94106351751216,61.43108349036237,61.76786206100636,75864400
2019-11-07,62.59511184692383,62.81709213075968,62.27662127747956,62.428628474862634,94940400
2019-11-08,62.766422271728516,62.83880314137399,61.97261103939182,62.41656422082973,69986400
2019-11-11,63.26345443725586,63.32859721707962,62.31763605688488,62.322458993562236,81821200
2019-11-12,63.205535888671875,63.40580187077444,62.95461066850528,63.10661047248142,87388800
2019-11-13,63.81114959716797,63.885945606147736,62.99080128485799,63.00527745670818,102734400
2019-11-14,63.369625091552734,63.910088590806986,63.239332153960035,63.63744169093796,89182800
2019-11-15,64.12239837646484,64.12722131238719,63.4588802057258,63.62053323662518,100206400
2019-11-18,64.44572448730469,64.5253434436311,63.75325383820071,64.13205687234594,86703200
2019-11-19,64.25028991699219,64.66287560634905,64.03313994171292,64.63874619503746,76167200
2019-11-20,63.502323150634766,64.1996167578222,62.82915159180207,64.06933118896113,106234400
2019-11-21,63.21759796142578,63.700156608845205,63.017331999320774,63.622945458075556,121395200
2019-11-22,63.162113189697266,63.499902835074955,62.935309992816094,63.35754889035371,65325200
2019-11-25,64.26956939697266,64.28646071605758,63.34064256968565,63.386486228195984,84020400
2019-11-26,63.767738342285156,64.46020908184904,63.3358461298195,64.40712731627637,105207600
2019-11-27,64.62427520751953,64.65805785871959,64.01383860498274,64.07898139381598,65235600
2019-11-29,64.48192596435547,64.66288553207583,64.15619726980609,64.32509581165056,46617600
2019-12-02,63.73636245727539,64.72319424644424,63.56505615770284,64.48673780121864,94487200
2019-12-03,62.59995651245117,62.6192556286964,61.83751256363615,62.324894403921384,114430400
2019-12-04,63.1524658203125,63.531276233622215,62.896710253389905,62.990812750806576,67181600
2019-12-05,64.07896423339844,64.15376760341428,63.39132400118668,63.647079513946814,74424400
2019-12-06,65.3167495727539,65.38672266610301,64.49398586889878,64.53742176047683,106075600
2019-12-09,64.40230560302734,65.33846356133417,63.91733161576993,65.14544297190798,128042400
2019-12-10,64.7786865234375,65.16231982994417,64.14652840241263,64.80763886909658,90420400
2019-12-11,65.3311996459961,65.41082594602184,64.78349823349234,64.85829423457072,78756800
2019-12-12,65.4977035522461,65.76311236364234,64.49881066987119,64.60979713163219,137310400
2019-12-13,66.38801574707031,66.42420617913521,65.36981653316047,65.49769430196437,133587600
2019-12-16,67.52445220947266,67.74884765705623,66.82957369318359,66.83439663061318,128186000
2019-12-17,67.65717315673828,67.98530968260975,67.26870940358774,67.45449929724155,114158400
2019-12-18,67.4955062866211,68.01667074592089,67.34591421616044,67.50998246355186,116028400
2019-12-19,67.56305694580078,67.84294194171301,67.3048935762057,67.43759430484558,98369200
2019-12-20,67.423095703125,68.19760028081991,67.21076871731513,68.0962670869402,275978000
2019-12-23,68.5233383178711,68.58365815793964,67.6474930619539,67.68609864318917,98572000
2019-12-24,68.58848571777344,68.73808511636746,68.26276445005648,68.68982629575491,48478800
2019-12-26,69.94927978515625,69.96617110262349,68.69221674708916,68.72116908374183,93121200
2019-12-27,69.92276763916016,70.92890598367917,69.51742001165071,70.24125821645885,146266000
2019-12-30,70.33775329589844,70.62005337456992,68.81769633977586,69.84071842512762,144114400
2019-12-31,70.85169982910156,70.85893791713207,69.85521465174138,69.95414009700069,100805600
2020-01-02,72.46826171875,72.52858156247073,71.22325926076245,71.4765996590847,135480400
2020-01-03,71.76373291015625,72.52376157647284,71.5393448267866,71.69617497011174,146322800
2020-01-06,72.33554077148438,72.3741463481867,70.63452442658405,70.88545699351877,118387200
2020-01-07,71.995361328125,72.60096759515153,71.7757961977681,72.34521202863968,108872000
2020-01-08,73.15350341796875,73.4551026743299,71.69858889981313,71.69858889981313,132079200
2020-01-09,74.70732116699219,74.90034168837741,73.87973482074321,74.13066002589181,170108400
2020-01-10,74.87623596191406,75.4408362602049,74.37437802964394,74.94138611501243,140644800
2020-01-13,76.47591400146484,76.50245856347271,75.07408132346671,75.19231323252647,121532000
2020-01-14,75.4432373046875,76.62309704687446,75.3201898237738,76.41318515734736,161954400
2020-01-15,75.11991119384766,76.12363416339696,74.68801909995545,75.24296601736016,121923600
2020-01-16,76.06090545654297,76.17189926714461,75.3008769215495,75.66279597280943,108829200
2020-01-17,76.90296936035156,76.90537714681764,76.00299474011516,76.30941686178534,137816400
2020-01-21,76.38179016113281,76.97292003121798,76.24425919224291,76.53138214978081,110843200
2020-01-22,76.65447998046875,77.20700458892972,76.56037746579443,76.86679969961068,101832400
2020-01-23,77.02362060546875,77.1032395625604,76.15983628507468,76.70754520066748,104472000
2020-01-24,76.80162048339844,78.01284003043101,76.61100775709045,77.26970295766732,146537600
2020-01-27,74.54325866699219,75.223660842835,73.56124993820636,74.81107521306389,161940000
2020-01-28,76.65203857421875,76.82334485387435,75.32500212699546,75.42392754574348,162234000
2020-01-29,78.25656127929688,79.1034543464979,77.54237630271076,78.28310584272509,216229200
2020-01-30,78.14315032958984,78.19623208684209,76.90780110255082,77.33969324731856,126743200
2020-01-31,74.67837524414062,77.85602021422844,74.38401413760657,77.43378134455115,199588400
2020-02-03,74.47329711914062,75.63867332859459,72.91945726436026,73.42131515382538,173788400
2020-02-04,76.9319076538086,77.12252036593104,75.67242939074868,76.07777685481715,136616400
2020-02-05,77.55925750732422,78.35789164403798,76.95605907395962,78.0587002140709,118826800
2020-02-06,78.4664535522461,78.46886870193435,77.27212521509354,77.82947991175031,105425600
2020-02-07,77.39990997314453,78.21495018710938,76.90895061507658,77.96584287500079,117684000
2020-02-10,77.76752471923828,77.76752471923828,75.905268338878,75.98507626887303,109348800
2020-02-11,77.29832458496094,78.33587187126635,77.08065923180118,78.26331921379253,94323200
2020-02-12,79.13397979736328,79.13881418044723,77.74816513747918,77.74816513747918,113730400
2020-02-13,78.57046508789062,78.89696679324649,78.20285267206994,78.40600748455542,94747600
2020-02-14,78.58980560302734,78.83891285274403,78.08191495757227,78.53901137196604,80113600
2020-02-18,77.15076446533203,77.33215340999973,76.08903096645754,76.27041991112526,152531200
2020-02-19,78.26814270019531,78.49790505143669,77.39263964512776,77.39263964512776,93984000
2020-02-20,77.46517944335938,78.51723694017812,76.95970973520781,78.02869864051748,100566000
2020-02-21,75.71176147460938,77.5014720805536,75.09504186089677,77.05887881173565,129554000
2020-02-24,72.11544036865234,73.56655262581305,69.95086901349747,71.89294062243466,222195200
2020-02-25,69.67274475097656,73.16751029900408,69.20113761805875,72.78538725578525,230673600
2020-02-26,70.7779769897461,72.0428654399997,69.29058886204834,69.29784412586203,198054800
2020-02-27,66.1513442993164,69.16965936503753,66.01590779451507,67.98458625765787,320605600
2020-02-28,66.11266326904297,67.3340203730767,62.00359989656375,62.21885173263986,426510000
2020-03-02,72.2677993774414,72.90387135222704,67.16714131154524,68.26998589980724,341397200
2020-03-03,69.97261810302734,73.52300347304629,69.12129439177312,73.44319556548463,319475600
2020-03-04,73.2182846069336,73.37790783984885,70.89409003325196,71.69461969933852,219178400
2020-03-05,70.84329223632812,72.4467648225109,70.47809334857007,71.47210154193513,187572800
2020-03-06,69.9024887084961,70.3354058888164,68.01604591388242,68.20226931131931,226176800
2020-03-09,64.37377166748047,67.25664434069014,63.60709732294457,63.78848638375145,286744800
2020-03-10,69.0100326538086,69.27607126773326,65.147656821936,67.02685114609001,285290000
2020-03-11,66.6133041381836,68.0136294855381,65.74989060302927,67.08733944027128,255598800
2020-03-12,60.03493118286133,65.30005115563984,59.97930624666177,61.8996120451793,418474000
2020-03-13,67.22759246826172,67.6992067625623,61.176455139066015,64.06417194479151,370732000
2020-03-16,58.5789794921875,62.65901820555978,58.044484903274174,58.51609560503949,322423600
2020-03-17,61.15470504760742,62.30349851090025,57.65752303606562,59.86079519838787,324056000
2020-03-18,59.65763854980469,60.46300623570861,57.347950973526814,57.98886105384675,300233600
2020-03-19,59.200531005859375,61.14985749394757,58.67571261986398,59.831764860050804,271857200
2020-03-20,55.44215393066406,60.90558973701077,55.142256121470716,59.78097572031221,401693200
2020-03-23,54.26432800292969,55.26317786918558,51.42015002405914,55.16160047962253,336752800
2020-03-24,59.70842742919922,59.904326973466,56.66592859765041,57.1641431646422,287531200
2020-03-25,59.37950897216797,62.45828415286656,59.08444921259577,60.644394003218935,303602000
2020-03-26,62.50423049926758,62.56227261652978,59.582657941818766,59.62135514690596,252087200
2020-03-27,59.91641616821289,61.882670430565696,59.74953769675213,61.12809336695391,204216800
2020-03-30,61.626304626464844,61.79802116213787,60.317884482413085,60.64196895182637,167976400
2020-03-31,61.500545501708984,63.483731229594824,60.94670602705082,61.8173747321562,197002000
2020-04-01,58.26456832885742,60.15343192722889,57.83407204839957,59.61652017243426,176218400
2020-04-02,59.236812591552734,59.29002033037774,57.294741195546685,58.12671272222617,165934000
2020-04-03,58.385494232177734,59.423037724427395,57.79537474123642,58.721668376231186,129880000
2020-04-06,63.478904724121094,63.63368619049375,60.313062431640056,60.68067487242126,201820400
2020-04-07,62.7436637878418,65.71119260823201,62.6396691972311,65.49351989948178,202887200
2020-04-08,64.34956359863281,64.66396824725281,63.17900080091498,63.544192303076315,168895200
2020-04-09,64.81390380859375,65.31696001402688,64.0182161815665,64.98562401276064,161834800
2020-04-13,66.08605194091797,66.19488828158737,64.29150704508059,64.89130259807796,131022800
2020-04-14,69.42361450195312,69.71383985781922,67.24694647516952,67.71856083326759,194994800
2020-04-15,68.78997039794922,69.2494877739681,67.87093564591146,68.29901107744294,131154400
2020-04-16,69.33654022216797,69.70173905002567,68.28690358299804,69.50341866796147,157125200
2020-04-17,68.395751953125,69.39944379426973,66.95915028721262,68.85285583806908,215250000
2020-04-20,66.97607421875,68.12487124671051,66.95672930580358,67.22276798842614,130015200
2020-04-21,64.90582275390625,67.05346978399236,64.19477725392538,66.81887303902265,180991600
2020-04-22,66.77534484863281,67.21067553657838,65.8321234375921,66.1731282940646,116862400
2020-04-23,66.51657104492188,68.14181716571889,66.47787383005301,66.71972588742912,124814400
2020-04-24,68.4368667602539,68.44654290771221,66.99300989791057,67.04138325446418,126161200
2020-04-27,68.4852294921875,68.81656552903699,67.7064658092128,68.1538860746012,117087600
2020-04-28,67.3751220703125,69.12854894429597,67.2832245167364,68.94715995733218,112004800
2020-04-29,69.58806610107422,70.05725948714488,68.65935547379901,68.86251023157146,137280800
2020-04-30,71.05611419677734,71.23266881272234,69.73802523358442,70.1274034083595,183064000
2020-05-01,69.91216278076172,72.31375148512824,69.13339900800005,69.23013833651491,240616800
2020-05-04,70.9013442993164,71.02952558414289,69.24707724616884,69.93635703016494,133568000
2020-05-05,71.9654769897461,72.79744841928256,71.21573435047652,71.36084701948627,147751200
2020-05-06,72.70797729492188,73.33920755337681,72.28231535832381,72.66685920210755,142333600
2020-05-07,73.46012878417969,73.80598277550787,73.03205337405477,73.33436839325711,115215200
2020-05-08,75.2086181640625,75.26196994409985,73.79237965846578,74.11976524502593,133838400
2020-05-11,76.39203643798828,76.88674476777591,74.50775467946016,74.71631428574544,145946400
2020-05-12,75.51901245117188,77.52696763422976,75.39775910098548,77.07590132316346,162301200
2020-05-13,74.60718536376953,76.61999543008798,73.53045501521297,75.69846552238357,200622400
2020-05-14,75.06553649902344,75.1261631825109,73.12305519185568,73.84572792328466,158929200
2020-05-15,74.6217269897461,74.66780385011373,72.80292692486488,72.8368814117532,166348400
2020-05-18,76.3798828125,76.75334507876426,75.25465594628882,75.94580129206992,135178400
2020-05-19,75.93854522705078,77.24322494712233,75.90701817457786,76.39687900327164,101729600
2020-05-20,77.41542053222656,77.48574215036817,76.75822201252429,76.79702397462873,111504800
2020-05-21,76.8382568359375,77.81798607126746,76.60059758260323,77.27719341349972,102688800
2020-05-22,77.33296966552734,77.41542106029263,76.4744938248148,76.57634250040586,81803200
2020-05-26,76.80914306640625,78.63036319231934,76.75336386600556,78.4509106181763,125522000
2020-05-27,77.14379119873047,77.289296677021,75.92641041182232,76.6660601761675,112945200
2020-05-28,77.177734375,78.43634436660551,76.54236819363913,76.8188219012375,133560800
2020-05-29,77.10260009765625,77.88104472738917,76.74611486335854,77.42028336215132,153532400
2020-06-01,78.05078887939453,78.17204223872224,76.92555415248881,77.05650985276371,80791200
2020-06-02,78.41212463378906,78.43637678676062,77.34266907399055,77.78403309563147,87642800
2020-06-03,78.84378051757812,79.10569190926654,78.15990981793529,78.73222950297175,104491200
2020-06-04,78.16476440429688,78.965033585586,77.79130199936047,78.6667550692759,87560400
2020-06-05,80.3909683227539,80.45159499569716,78.38544064604918,78.41454026494723,137250400
2020-06-08,80.86629486083984,80.90024935653804,79.37730733642842,80.0878503032951,95654400
2020-06-09,83.41988372802734,83.81274342787988,80.51465797687612,80.54618503439575,147712400
2020-06-10,85.56605529785156,86.0340914097843,83.92913522287401,84.36807171758845,166651600
2020-06-11,81.4579849243164,85.13438674688165,81.35613627237949,84.71000009547407,201662400
2020-06-12,82.1612548828125,84.34381486093497,81.05057761692748,83.59689759140369,200146000
2020-06-15,83.1773910522461,83.8297348271984,80.65289479838485,80.81537758352628,138808800
2020-06-16,85.38176727294922,85.65338103043176,83.59692127094438,85.2314142826488,165428800
2020-06-17,85.26293182373047,86.18688178098341,85.1416784708026,86.12625510451949,114406400
2020-06-18,85.29689025878906,85.71400210817573,84.68819603071728,85.21928633315488,96820400
2020-06-19,84.80945587158203,86.4682010550296,83.70119831369777,86.00259226707146,264476000
2020-06-22,87.02839660644531,87.17147470154637,85.15624419142326,85.20232106620209,135445200
2020-06-23,88.88597869873047,90.3046443458434,87.85289780891296,88.27243705588172,212155600
2020-06-24,87.31694793701172,89.43403375590695,86.94348560614667,88.51493143673328,192623200
2020-06-25,88.47614288330078,88.51494484309887,86.71312185164297,87.47216900112456,137522400
2020-06-26,85.75765228271484,88.5925564218204,85.60971933565048,88.3718744192934,205256800
2020-06-29,87.73406982421875,87.82865098546023,85.18774958467372,85.66548805897895,130646000
2020-06-30,88.46643829345703,88.75260181460118,87.302409131984,87.32180641103123,140223200
2020-07-01,88.29912567138672,89.08727257747864,88.25062876375057,88.54405984735594,110737200
2020-07-02,88.29912567138672,89.84147238829708,88.18515460811848,89.20610591273177,114041600
2020-07-06,90.66111755371094,91.12915363770222,89.69593836953126,89.72746541987443,118655600
2020-07-07,90.37982177734375,91.81788471884249,90.2682707685785,91.03944029125856,112424400
2020-07-08,92.48480224609375,92.51632930913458,91.26984100541604,91.35714728773827,117092000
2020-07-09,92.88248443603516,93.430544491857,91.83485381849374,93.3771927270549,125642800
2020-07-10,93.04496002197266,93.10316665691907,91.86638112451729,92.47749528608121,90257200
2020-07-13,92.61573791503906,96.9590339515966,92.40233082748179,94.34965940036575,191649200
2020-07-14,94.14837646484375,94.33995142456507,91.0636910214966,91.99733587271359,170989200
2020-07-15,94.7958755493164,96.27274058885732,93.59789175816579,96.02295896280789,153198000
2020-07-16,93.62940979003906,94.4854581347257,93.03041795220673,93.66821174965895,110577600
2020-07-17,93.44025421142578,94.23567587629981,92.96736319511449,94.08047543961847,92186800
2020-07-20,95.4094009399414,95.54763152313923,93.18319140296002,93.52755414344499,90318000
2020-07-21,94.09259033203125,96.2751504170526,93.84280875166303,96.19997393951473,103433200
2020-07-22,94.35693359375,95.03837684731691,93.70701739615949,93.79431625820118,89001600
2020-07-23,90.06212615966797,94.16776220953983,89.25215478910144,94.09015830080247,197004400
2020-07-24,89.83904266357422,90.18340548239307,86.47304800936116,88.26032885670101,185438800
2020-07-27,91.96822357177734,92.06037728689391,90.67809376229332,90.90119574558146,121214000
2020-07-28,90.45741271972656,91.7160228925572,90.45255785000906,91.5389903643371,103625600
2020-07-29,92.19134521484375,92.37565266958501,90.9036352682461,90.94000979201954,90329200
2020-07-30,93.30687713623047,93.41115323756709,90.95698669984957,91.36439616603701,158130000
2020-07-31,103.07505798339844,103.22541096516197,97.80295687640107,99.80121727475651,374336800
2020-08-03,105.67229461669922,108.2913640186851,104.6586183859917,104.95689689079155,308151200
2020-08-04,106.37799072265625,107.46927088099201,105.13877762781757,105.8614502635959,173071600
2020-08-05,106.76358032226562,107.08369095937002,105.6334981524038,106.09911429734815,121776800
2020-08-06,110.48847961425781,110.98319537944147,106.50652354357302,107.09581307815968,202428800
2020-08-07,107.97643280029297,110.46660808616394,107.17957700537667,110.009872310896,198045600
2020-08-10,109.54585266113281,110.56378836086954,106.89533339122227,109.4219488794754,212403600
2020-08-11,106.28797149658203,109.30776282738468,106.02801970691873,108.80973072656776,187902400
2020-08-12,109.82036590576172,110.07788585431382,107.18442302937045,107.37877518954045,165598000
2020-08-13,111.76393127441406,112.76729092425326,110.7119798713676,111.20029955907641,210082000
2020-08-14,111.66432189941406,111.75420996900903,109.85438662016135,111.58900987277718,165565200
2020-08-17,111.37278747558594,112.8110188476026,110.74599537909668,112.78672297104335,119561600
2020-08-18,112.30083465576172,112.72598654466942,110.78972307405309,111.12498689269856,105633600
2020-08-19,112.44171905517578,113.8556542958361,112.3469747919468,112.70895882104858,145538000
2020-08-20,114.93678283691406,115.05096678859472,112.46603963312674,112.48304748879555,126907200
2020-08-21,120.85975646972656,121.34321254794537,115.88426180533297,115.89640603696287,338054800
2020-08-24,122.30525970458984,125.15013843519527,120.43945211980873,125.06509916365437,345937600
2020-08-25,121.30191040039062,121.64689406910605,119.57943869691742,121.17801402833966,211495600
2020-08-26,122.95149993896484,123.40823574071352,121.5521404466388,122.61866792136692,163022400
2020-08-27,121.48168182373047,123.88682518833696,120.33741060365348,123.55399319873169,155552400
2020-08-28,121.28490447998047,122.87375249170243,121.06139279549139,122.45588862300937,187630000
2020-08-31,125.39796447753906,127.302651900579,122.44377205704545,123.97917986697699,225702700
2020-09-01,130.39285278320312,130.99536378403553,126.84587750534726,129.01293310588505,151948100
2020-09-02,127.69132995605469,134.0856162874723,123.41552250903742,133.70662433115996,200119000
2020-09-03,117.4682388305664,125.20357217596391,117.09896674971186,123.32805227415068,257599600
2020-09-04,117.54598999023438,120.20865338231157,107.76020880398585,116.68111019411374,332607200
2020-09-08,109.63575744628906,115.63161300846177,109.49970941253935,110.73386155128658,231366600
2020-09-09,114.00873565673828,115.77736730217215,112.0068798970881,113.95043148169943,176940500
2020-09-10,110.28683471679688,117.09898522798876,109.32477873982353,116.96293720757075,182274400
2020-09-11,108.83888244628906,111.97772133616776,106.89533097403391,111.33634579157453,180860300
2020-09-14,112.10406494140625,112.65797689067007,109.616321087037,111.48212897781393,140150100
2020-09-15,112.27897644042969,115.4761197012607,110.40344885623584,114.99023180291059,184642000
2020-09-16,108.96520233154297,112.72597681325361,108.87774608069525,111.97771281555889,154679000
2020-09-17,107.2257308959961,109.03323435377406,105.64173911915216,106.62323468611042,178011000
2020-09-18,103.82453155517578,107.75050700364507,103.09569964451083,107.28405873269399,287104900
2020-09-21,106.97308349609375,107.07997942887015,100.19008504511055,101.58944459122996,195713800
2020-09-22,108.65424346923828,109.67461096517128,106.07904368113599,109.49969103484163,183055400
2020-09-23,104.09663391113281,108.94579342871626,103.75650642522785,108.46962532813541,150718700
2020-09-24,105.16558074951172,107.1382844839182,102.03646141325542,102.20166152378793,167743300
2020-09-25,109.11096954345703,109.26645720727126,104.63108317313285,105.3696347481307,149981400
2020-09-28,111.71534729003906,112.06518717809003,109.59687570753539,111.76393904662547,137672400
2020-09-29,110.86991882324219,112.05548671390123,110.36459857207495,111.31694230173855,99382200
2020-09-30,112.54133605957031,113.95041520558416,110.41315241996158,110.57835250168256,142675200
2020-10-01,113.49369812011719,114.39744992300979,112.5607942290766,114.31970607857447,116120400
2020-10-02,109.83008575439453,112.11376456822066,109.0526696470594,109.70375758314337,144712000
2020-10-05,113.21188354492188,113.35765140139709,110.34514782850755,110.69498771842362,106243800
2020-10-06,109.96614837646484,112.84260373156758,109.08182887759448,112.43445227836398,161498200
2020-10-07,111.83194732666016,112.28868308370595,110.9087559798063,111.38493140237664,96849000
2020-10-08,111.7250747680664,113.1147145812158,111.35579518649142,112.96894671554469,83477200
2020-10-09,113.66860961914062,113.69776170512303,111.67646638432409,112.02630624423392,100506900
2020-10-12,120.88890075683594,121.64688463034302,115.91340641347355,116.67139028698064,240226800
2020-10-13,117.68204498291016,121.85096395135838,116.2729730734288,121.7343481891843,262330500
2020-10-14,117.7695083618164,119.5575722262898,116.2438206939987,117.58486859235376,150712000
2020-10-15,117.30305480957031,117.77922287109193,114.81531115779593,115.36922306195072,112559200
2020-10-16,115.66075897216797,118.11935811253977,115.45668693235429,117.85697447987833,115393800
2020-10-19,112.70655822753906,117.02123764921416,112.39559027449886,116.57422168009768,120639300
2020-10-20,114.19336700439453,115.62187849993559,112.36642390465587,112.9203357688391,124423700
2020-10-21,113.57144927978516,115.35951333260171,113.16329777724089,113.37708965617799,89946000
2020-10-22,112.48304748535156,114.70841493004065,111.35578401227829,114.13506335968486,101988000
2020-10-23,111.79306030273438,113.26044346102229,111.05450880786603,113.10495581407777,82572600
2020-10-26,111.80280303955078,113.2604666650257,109.69404402667767,110.79215536953423,111850700
2020-10-27,113.30904388427734,113.96985164953288,111.30718833691205,112.23037227607989,92276800
2020-10-28,108.06144714355469,112.17206132266384,107.9642710633188,111.8027892521436,143937800
2020-10-29,112.065185546875,113.62974518620118,109.03324236591982,109.19844988747217,146129200
2020-10-30,105.78751373291016,108.82916930496091,104.67968991872881,107.92541751822762,190272600
2020-11-02,105.70005798339844,107.5561534514894,104.29098593931357,106.03046563409058,122866900
2020-11-03,107.32292175292969,108.3432818947634,105.6611860241768,106.56493781497865,107624400
2020-11-04,111.70562744140625,112.32756337251364,109.17901179452487,110.91849140042434,138235500
2020-11-05,115.67045593261719,116.24380742886032,113.57142435671982,114.62093643763855,126387100
2020-11-06,115.53904724121094,116.03550252982856,113.04700448892655,115.17886724342364,114457900
2020-11-09,113.23197937011719,118.7514525250263,112.96915049805817,117.3010105733885,154515300
2020-11-10,112.89126586914062,114.46825386220857,111.10010975217423,112.48241768033425,138023400
2020-11-11,116.31780242919922,116.45408514437595,113.34877764644807,114.07886680354521,112295000
2020-11-12,116.04525756835938,117.33021441554035,115.42224863802025,116.44437660987315,103162300
2020-11-13,116.09391784667969,116.49302940870272,114.74081980829087,116.269139549406,81581900
2020-11-16,117.1063232421875,117.77800032814827,115.01339915844956,115.76295421656155,91183000
2020-11-17,116.22045135498047,117.46646891611805,115.80186663426858,116.37620726354791,74271000
2020-11-18,114.8965835571289,116.63906421361688,114.86738117394037,115.46118772161485,76322100
2020-11-19,115.4903793334961,115.89922751370858,113.70895985661822,114.4682514561133,74113000
2020-11-20,114.22488403320312,115.6169210548832,114.17621587656545,115.49037493540368,73604300
2020-11-23,110.82755279541016,114.49747245412723,110.73020904206231,114.06915102717399,127959300
2020-11-24,112.11251068115234,112.77445860760254,109.60100171666315,110.885966009348,113874200
2020-11-25,112.94966888427734,113.6505557267342,112.11249931432629,112.48241594054053,76499200
2020-11-27,113.49479675292969,114.37090528252364,113.13462416571154,113.47533097531714,46691300
2020-11-30,115.88949584960938,117.75852242774822,113.7089574149293,113.86471334319992,169410200
2020-12-01,119.46206665039062,120.19215587053868,116.82401182614447,117.79746411967523,127728200
2020-12-02,119.8125228881836,120.0948249747314,117.68065976068435,118.78065829638932,89004200
2020-12-03,119.67623138427734,120.49392777356492,118.96560791819012,120.24082808918226,78967600
2020-12-04,119.0045394897461,119.59834596601074,118.29391606792319,119.3452462973935,78260400
2020-12-07,120.46471405029297,121.2629445857138,119.00453569816821,119.06294045566084,86712000
2020-12-08,121.0779800415039,121.66205729371858,119.82222583220359,121.0682508669909,82225500
2020-12-09,118.54702758789062,122.60632215950014,117.78773593298261,121.2240215863675,115089200
2020-12-10,119.96826171875,120.58154143292921,116.96029761781081,117.30100444410381,81312200
2020-12-11,119.16028594970703,119.50099273028479,117.3496642850928,119.17975172566112,86939800
2020-12-14,118.54702758789062,120.07534750085607,118.31340110026942,119.34525822854418,79184500
2020-12-15,124.48506927490234,124.50454247866038,120.83462338964168,121.03904746799414,157243700
2020-12-16,124.41694641113281,124.96207736777791,123.20013093515553,124.0275714003019,98208600
2020-12-17,125.2833023071289,126.1399450451197,124.64082025363582,125.47798978748065,94359800
2020-12-18,123.29747772216797,125.67270382324948,122.77181256405065,125.53642108894336,192541500
2020-12-21,124.82576751708984,124.90364547308224,120.17266733587894,121.70098694468902,121251600
2020-12-22,128.37889099121094,130.84172406271304,126.20808171972651,128.11605471749206,168904800
2020-12-23,127.48332214355469,128.91428338608608,127.30809300233021,128.65146195480474,88223700
2020-12-24,128.46653747558594,129.91698715927026,127.61963848875611,127.83379924349359,54930100
2020-12-28,133.06121826171875,133.69395641508856,129.96563173528466,130.43289960768968,124486200
2020-12-29,131.28953552246094,135.105467586539,130.77360687946737,134.3851222341288,121047300
2020-12-30,130.17002868652344,132.37976932791838,129.85851685438772,131.98065036313264,96452100
2020-12-31,129.16737365722656,131.16295362039511,128.22312384324488,130.52047160916396,99116600
2021-01-04,125.97444152832031,130.06293743283263,123.39479194308862,129.97533030753675,143301900
2021-01-05,127.531982421875,128.242613306386,125.0204736671036,125.46826826756664,97664900
2021-01-06,123.23905944824219,127.57092663069263,123.02489875437408,124.32932869572905,155088000
2021-01-07,127.44437408447266,128.1355317571745,124.46561240551398,124.95233855838183,109578200
2021-01-08,128.5443878173828,129.10899197173987,126.77269738263777,128.91428961570313,105158200
2021-01-11,125.55586242675781,126.71427293823224,125.08860952298478,125.76029392736588,100384500
2021-01-12,125.38068389892578,126.24705602237135,123.49218368847659,125.088645180681,91951100
2021-01-13,127.41516876220703,127.96029966424209,125.07888922385592,125.34171064567087,88636800
2021-01-14,125.48773956298828,127.52225130518217,125.34171280576037,127.32756381591491,90221800
2021-01-15,123.76473236083984,126.76296740977297,123.62844962469308,125.36119363586094,111598500
2021-01-19,124.43643188476562,125.2930748174872,123.57005977461075,124.38775629018717,90757300
2021-01-20,128.52490234375,128.97269692470792,125.13729259464834,125.24437293876636,104319500
2021-01-21,133.2364044189453,135.9620736838479,130.04348223408022,130.24791374177147,120150900
2021-01-22,135.37803649902344,136.1373282057296,131.43555118884584,132.66209590266996,114459400
2021-01-25,139.1258087158203,141.23819854253642,132.9151779412319,139.2718354812106,157611700
2021-01-26,139.3594207763672,140.46915569228537,137.6169330170498,139.787742121757,98390600
2021-01-27,138.28868103027344,140.46922031278652,136.6824900998624,139.62230640708393,140843800
2021-01-28,133.45057678222656,138.22050212672593,133.07093096645877,135.81607367562873,142621100
2021-01-29,128.4567413330078,133.10984102627805,126.7532002152796,132.22399608017142,177523800
2021-02-01,130.57891845703125,131.7860049108473,127.45412937962104,130.19927257414088,106239800
2021-02-02,131.4063262939453,132.69127555683025,131.0364096809211,132.12667146199954,83305400
2021-02-03,130.3842315673828,132.16565144314657,130.0629904566346,132.1559074116743,89880900
2021-02-04,133.74261474609375,133.75234392204015,131.01694525702797,132.68155527349182,84183100
2021-02-05,133.3282470703125,133.97168912108438,132.4508369108214,133.90345338134028,75693800
2021-02-08,133.4744873046875,133.523235617583,131.53441750826036,132.61656460059567,71297200
2021-02-09,132.5970916748047,134.4201778248724,132.44111786524098,133.19178552172198,76774200
2021-02-10,131.99266052246094,133.5525177010359,131.02749721967888,133.0553056014661,73046600
2021-02-11,131.7392120361328,132.96758972800347,130.4133376758695,132.4898798543245,64280000
2021-02-12,131.97314453125,132.1291332081116,130.33530805190028,130.9787501870301,60145100
2021-02-16,129.84786987304688,132.59709996571863,129.45789813500429,132.09015902011436,80576300
2021-02-17,127.55683135986328,128.90220781232136,126.2212134982147,127.95654680963715,97918500
2021-02-18,126.45518493652344,126.7379014019475,124.21289601346298,125.95797287967874,96856700
2021-02-19,126.61116027832031,127.43009341839543,125.56801758188449,126.9718859638425,87668800
2021-02-22,122.83827209472656,126.46492703235708,122.44830783858197,124.7978296513902,103916400
2021-02-23,122.7017822265625,123.5304515985531,115.41922654111875,120.6544792375418,158273000
2021-02-24,122.20458984375,122.40931941932189,119.16288479188184,121.80488184514299,111039900
2021-02-25,117.95398712158203,123.28672920715788,117.51528197921584,121.5513960656033,148199500
2021-02-26,118.21721649169922,121.71712880247114,118.15871701805524,119.51383705660506,164560400
2021-03-01,124.58336639404297,124.71985277897572,119.70883139515851,120.64474122239031,116307900
2021-03-02,121.9803695678711,125.4900333680428,121.87312920015346,125.18781457062964,102260900
2021-03-03,118.99713134765625,122.55554294590044,118.78265064406548,121.6781252666424,112966300
2021-03-04,117.11556243896484,120.49849054949536,115.64345838509743,118.69491428410296,178155000
2021-03-05,118.37321472167969,118.88017056362067,114.61982398763308,117.94426066844194,153766600
2021-03-08,113.44017028808594,117.96373782106434,113.29393276187487,117.89549463389245,154376600
2021-03-09,118.05148315429688,118.99714411910483,115.80920155325997,116.04317714685729,129525800
2021-03-10,116.9693374633789,119.10437859558475,116.45263053937967,118.63642743151894,111943300
2021-03-11,118.89965057373047,120.1182842596345,118.21721868480411,119.46509838909789,103026500
2021-03-12,117.99299621582031,118.1294826044811,116.1699248367297,117.3788074668468,88105100
2021-03-15,120.87870788574219,120.8884590376453,117.39829045128926,118.36345366505867,92403800
2021-03-16,122.41905975341797,124.02765763412758,121.59039037182497,122.54579497339591,115227900
2021-03-17,121.62938690185547,122.7017830040472,119.27010655149442,120.93720389555035,111932600
2021-03-18,117.50554656982422,120.08905176241495,117.30081698009522,119.79657666968748,121229700
2021-03-19,116.97907257080078,118.38294083560933,116.67685382299581,116.8913345232248,185549500
2021-03-22,120.29377746582031,120.76173611147584,117.24232114898952,117.31056434336112,111912300
2021-03-23,119.46511840820312,121.12245752357768,119.07515407577647,120.23529591930925,95467100
2021-03-24,117.07657623291016,119.81606991796893,117.05708136591241,119.73807557407793,88530500
2021-03-25,117.56402587890625,118.60718345893137,116.0139273940255,116.5403780411406,98844700
2021-03-26,118.16847229003906,118.43170133574063,115.93593444848634,117.33005170542276,94071200
2021-03-29,118.34394836425781,119.50408995901205,117.70051367598907,118.59742624167248,80819200
2021-03-30,116.89134979248047,117.37880328833072,115.87744562855794,117.09607936818357,85671900
2021-03-31,119.08488464355469,120.42050239594532,118.10997769999379,118.59743117177423,118323800
2021-04-01,119.91354370117188,121.0639340927336,119.41633912027298,120.55698579856444,75089100
2021-04-05,122.74077606201172,122.99425393009696,119.9817878428641,120.76171631176526,88651200
2021-04-06,123.04299926757812,123.93991183273825,122.49705378234141,123.32572316184695,80171300
2021-04-07,124.69060516357422,124.71010003062226,121.99985979599343,122.67254799737614,83466700
2021-04-08,127.0888900756836,127.1181360985941,125.2950645829636,125.7142674952822,88844600
2021-04-09,129.66261291503906,129.70160264420477,126.22119287511026,126.54291392534559,106686700
2021-04-12,127.94676208496094,129.51636248443688,127.35206839631736,129.1946414847547,91420000
2021-04-13,131.0567169189453,131.28095619861375,128.619449864356,129.11666186406666,91266500
2021-04-14,128.7169647216797,131.61243958256816,128.35625390681537,131.55394754511985,87222800
2021-04-15,131.12496948242188,131.61242290057214,130.2865490081675,130.46203997416845,89347100
2021-04-16,130.7935333251953,131.29073056509336,129.93561036138595,130.93001971708307,84922400
2021-04-19,131.4564666748047,132.07066289352065,129.99410605950115,130.1598384774607,94264200
2021-04-20,129.76988220214844,132.12915555406386,128.502500021129,131.6319582978669,94812300
2021-04-21,130.15003967285156,130.3937663389056,128.00524798675514,129.038646670681,68847100
2021-04-22,128.62921142578125,130.78374722132708,128.11251198833915,129.701600029045,84566500
2021-04-23,130.94952392578125,131.72943767595572,128.8437210981472,128.8437210981472,78657500
2021-04-26,131.33946228027344,131.67092706494682,130.2085666757299,131.44670263718533,66905100
2021-04-27,131.0177459716797,132.01215523774303,130.7447732125093,131.62218352757128,66015800
2021-04-28,130.22808837890625,131.63195694182536,129.74063484322053,130.93976637575503,107760100
2021-04-29,130.13058471679688,133.63051222031285,129.12643167740748,133.04556205861587,151101000
2021-04-30,128.16128540039062,130.2085812488916,127.78107225167611,128.4732479162047,109839500
2021-05-03,129.2141571044922,130.70577838338053,128.5219815192614,128.7267036427075,75135100
2021-05-04,124.641845703125,128.19051366277054,123.52070128030383,127.89803861753046,137564700
2021-05-05,124.88558959960938,127.17661206810328,124.75884693241741,125.95797834787251,84000900
2021-05-06,126.48442840576172,126.49417211958026,123.93991332667143,124.68084466410176,78128300
2021-05-07,127.1582260131836,128.18360484895004,126.44532456778545,127.78322549740948,78973300
2021-05-10,123.87699127197266,126.50394017112625,123.83792786540381,126.37699713829772,88071200
2021-05-11,122.95903015136719,123.31058591748854,119.892615994426,120.60551014234991,126142800
2021-05-12,119.89264678955078,121.71882244257513,119.38483726308996,120.50788630210312,112172300
2021-05-13,122.04106903076172,123.19341357180042,121.34771025318693,121.66021008886267,105861300
2021-05-14,124.46295166015625,124.89264176534579,122.90045234662759,123.29107903765586,81918000
2021-05-17,123.31060028076172,123.95513540332345,122.2363825270762,123.8477128828965,74244600
2021-05-18,121.92386627197266,124.01371010532826,121.85550717277253,123.59378779578954,63342900
2021-05-19,121.76762390136719,121.99222918408067,119.98051210138631,120.27348393601976,92612000
2021-05-20,124.32621002197266,124.7266043537825,122.16800708745404,122.29496502221474,76857100
2021-05-21,122.49028015136719,125.00004641017311,122.27543512950636,124.82426479688547,79295400
2021-05-24,124.12115478515625,124.94147157268773,122.98834558881246,123.05670470022471,63092900
2021-05-25,123.92583465576172,125.31255964913692,123.35942638033971,124.82427074399982,72009500
2021-05-26,123.87699127197266,124.40433608477755,123.45706896458631,123.98441377739123,56575900
2021-05-27,122.34379577636719,124.64848475719648,122.14848618161899,123.47661228754039,94625600
2021-05-28,121.68949890136719,122.85161109201668,121.63090751379944,122.62699835536803,71311100
2021-06-01,121.36724090576172,122.41216295280358,121.0352130826755,122.14849423744593,67637100
2021-06-02,122.12895202636719,122.30473364370846,121.14262887683675,121.36723416808287,59278900
2021-06-03,120.64458465576172,121.92387970340114,120.2441902802076,121.75786579428137,76229200
2021-06-04,122.93951416015625,123.20319033966574,120.94732476737572,121.16216981717328,75169300
2021-06-07,122.94926452636719,123.3594191359653,121.90434257301015,123.21293321808503,71057600
2021-06-08,123.76958465576172,125.44928155152503,123.2520074907996,123.63286644051075,74403800
2021-06-09,124.15044403076172,124.75591573650723,123.55474004059155,124.22857085419675,56877900
2021-06-10,123.15435791015625,125.18561069515118,122.98834399182276,124.04302634697638,71186400
2021-06-11,124.36528015136719,124.45317468407444,123.14457656242446,123.5644988950441,53522400
2021-06-14,127.42192077636719,127.4805121651489,124.09184522029778,124.82426738240325,96906500
2021-06-15,126.60162353515625,127.53913054805693,126.35748279130559,126.89459540801074,62746300
2021-06-16,127.09965515136719,127.82231705994997,125.449276371544,127.31450018091431,91815000
2021-06-17,128.7012481689453,129.4434456834725,126.61140366967015,126.75789707967088,96721700
2021-06-18,127.40238189697266,128.4277608552948,127.18753690160719,127.64652258250933,108953300
2021-06-21,129.19924926757812,129.30667176152045,126.1816740756951,127.24612385129173,79663300
2021-06-22,130.8398895263672,130.93755177411464,128.53520055049577,129.0332571523742,74783600
2021-06-23,130.56646728515625,131.17194646480604,130.10748149302736,130.63483384623305,60214200
2021-06-24,130.28326416015625,131.4844323925828,129.81450322458238,131.2988830515641,68711000
2021-06-25,129.99029541015625,130.7520133222248,129.69732354370646,130.33209840454234,70783700
2021-06-28,131.6211700439453,132.08015588124547,130.2246919993891,130.28328339969636,62111300
2021-06-29,133.13482666015625,133.29108030597018,131.20123622200433,131.64068656233414,64556100
2021-06-30,133.7500457763672,134.18949604999602,132.68558101434905,132.97855283049014,63261400
2021-07-01,134.05279541015625,134.11138680082388,132.5781758729055,133.39850004575504,52485800
2021-07-02,136.6797637939453,136.71881975736173,134.52155301126126,134.66803150053377,78852600
2021-07-06,138.69146728515625,139.79497322979873,136.78717260963688,136.78717260963688,108181800
2021-07-07,141.18170166015625,141.4941940308165,139.31646299700128,140.17582819219206,104911600
2021-07-08,139.8828582763672,140.6836320091057,137.37308477373998,138.26176048175577,105575500
2021-07-09,141.70904541015625,142.2363828285555,139.30669407903906,139.4043563311566,99890800
2021-07-12,141.1133270263672,142.89067850548736,140.62504561797144,142.78325599959365,76299700
2021-07-13,142.22662353515625,144.00397520789517,140.2637374239949,140.65435663279786,100827100
2021-07-14,145.65435791015625,146.06452746184092,144.218809182764,144.62897873444868,127050800
2021-07-15,145.0000762939453,146.48445629001154,143.64265426170465,145.74227374256316,106820300
2021-07-16,142.95901489257812,146.25002646546287,142.4609732736023,144.98050686009336,93251400
2021-07-19,139.11138916015625,140.69343127095988,138.34967125172668,140.38092397459488,121434600
2021-07-20,142.72463989257812,143.65238642562363,139.60941723835447,140.09769861315104,96350000
2021-07-21,141.9922637939453,142.7051655607568,141.24032096218994,142.1192217608621,74993500
2021-07-22,143.3594512939453,144.7266335326549,142.39264856010647,142.51960651840406,77338200
2021-07-23,145.07818603515625,145.23443967973952,143.47662343109712,144.09186284341388,71447400
2021-07-26,145.49813842773438,146.31844783738003,144.23836371183495,144.79501181913238,72434100
2021-07-27,143.3301239013672,145.71293947720633,142.13871611344763,145.62503750180875,104818600
2021-07-28,141.58209228515625,143.5254579196167,139.19927630353345,141.4160783718357,118931200
2021-07-29,142.22662353515625,143.1152993715257,141.1914692207776,141.29889173837356,56699500
2021-07-30,142.44143676757812,142.90042243108647,140.7324520335854,140.99612813629884,70440600
2021-08-02,142.1094207763672,143.50589840764349,141.84574465184807,142.92972994024274,62880000
2021-08-03,143.9062957763672,144.5703513322944,141.77738110937673,142.39262044590672,64786600
2021-08-04,143.50592041015625,144.32622969980267,142.8516250314263,143.81842770211748,56368300
2021-08-05,143.6133270263672,144.37504483971543,142.7441867059485,143.53520021202812,46397700
2021-08-06,142.92874145507812,143.87742801771682,142.42995348932268,143.1341335136214,54126800
2021-08-09,142.87982177734375,143.47641826359128,142.3223546901742,142.9874052395685,48908700
2021-08-10,142.40060424804688,144.46423988872255,142.10719343722454,143.22214257955443,69023100
2021-08-11,142.65484619140625,143.49594899053452,142.332095881143,142.84067348429932,48493500
2021-08-12,145.61830139160156,145.77478914489808,142.63531888467134,142.97763397957073,72282600
2021-08-13,145.82369995117188,146.15622524916978,145.01193648359285,145.6965517804986,59375000
2021-08-16,147.79930114746094,147.8677701385214,143.25148569982673,145.27599198977236,103296000
2021-08-17,146.8897247314453,148.3469738946529,145.81389018106398,146.92883920441727,92229700
2021-08-18,143.14389038085938,147.4080844695857,142.938498348175,146.50830231259667,86326000
2021-08-19,143.4763946533203,144.74783129125242,141.32474068639172,141.8430932126771,86960300
2021-08-20,144.93368530273438,145.23687099584217,143.55466496618592,144.2001657522503,60549600
2021-08-23,146.4202880859375,146.88973641640624,144.6402734925246,145.05104264712142,60131800
2021-08-24,146.33224487304688,147.54500248159704,145.8725714606484,146.1659822444016,48606400
2021-08-25,145.09994506835938,147.0168826886461,144.5522528692755,146.51807985316438,58991300
2021-08-26,144.2979736328125,145.84325676235127,144.2686340417797,145.09018736118287,48597200
2021-08-27,145.33465576171875,145.48135367838458,143.60354572760687,144.2392565978135,55802400
2021-08-30,149.75534057617188,150.11722035437248,145.344448563989,145.7258781178275,90956700
2021-08-31,148.49368286132812,149.44236923362013,147.96554048732443,149.3054461965621,86453100
2021-09-01,149.1587371826172,151.57446255268852,148.99247455645138,149.4717126602179,80313700
2021-09-02,150.27369689941406,151.32019193818465,149.05116433458483,150.48886382470346,71115500
2021-09-03,150.90940856933594,151.2321589268622,149.72599059173956,150.38126619393228,57808700
2021-09-07,153.24691772460938,153.80438486222874,150.99745462583329,151.5647115758547,82278300
2021-09-08,151.70162963867188,153.58921285674052,150.59645536526742,153.53053367824012,74420200
2021-09-09,150.68447875976562,152.67964530991367,150.56710548729126,152.073273942186,57305700
2021-09-10,145.69656372070312,152.0635088889551,145.4324924690074,151.5940604931036,140893200
2021-09-13,146.2637939453125,148.09269782306362,145.48137014638132,147.32006383534568,102404300
2021-09-14,144.86521911621094,147.7504080093713,143.68181590903453,147.04622803340942,109296300
2021-09-15,145.7552490234375,146.156243362569,143.15369564928645,145.29557549779818,83281300
2021-09-16,145.52047729492188,145.69652972947753,143.98498428450677,145.1781771600229,68034100
2021-09-17,142.85044860839844,145.5498094174723,142.55703787826133,145.5498094174723,129868800
2021-09-20,139.79904174804688,141.6572852174671,138.16574008474763,140.64014472255653,123478900
2021-09-21,140.27825927734375,141.42256280767091,139.642548359155,140.7672722677942,75834000
2021-09-22,142.6450958251953,143.21233776359767,140.54233100418216,141.27585049264187,76404300
2021-09-23,143.6035614013672,143.8480679048245,142.43970805715156,143.42750895866175,64838200
2021-09-24,143.6915740966797,144.22949136628228,142.36145817706782,142.45926674371992,53477900
2021-09-27,142.17562866210938,142.7526753188713,140.65970036682202,142.27343722725323,74150700
2021-09-28,138.79168701171875,141.56927754565646,138.5765200764918,140.10223840010562,108972300
2021-09-29,139.6914520263672,141.27584933291644,138.90902826040127,139.33936207785715,74602000
2021-09-30,138.39065551757812,141.20737469514876,138.1754886402087,140.5031949007561,89056700
2021-10-01,139.51539611816406,139.77946730384753,136.0531908135578,138.7818766539813,94639600
2021-10-04,136.08253479003906,139.08508172360442,135.23165695964403,138.64495809209728,98322000
2021-10-05,138.00927734375,139.11445172258436,136.2977314979069,136.42487967911666,80861100
2021-10-06,138.8797149658203,139.02641292068202,135.32947522321794,136.40530997052016,83221100
2021-10-07,140.14134216308594,141.0509141240026,139.5838750906148,139.91640035654444,61732700
2021-10-08,139.75991821289062,141.01179037767685,139.42739293363346,140.86509243785557,58773200
2021-10-11,139.67190551757812,141.62795772548145,138.69387941362646,139.1437779877816,64452200
2021-10-12,138.4004669189453,140.1022376916366,137.94079346178435,140.08267299121655,73035900
2021-10-13,137.81365966796875,138.292882900144,136.14122849083293,138.13641006788947,78762700
2021-10-14,140.6010284423828,140.7184017237602,138.40046969110713,138.98729132751163,69907100
2021-10-15,141.65728759765625,141.71596677210917,140.35651117780878,140.61080749842878,67940300
2021-10-18,143.3297119140625,143.61333288501362,140.0142044027078,140.2978253736589,85589200
2021-10-19,145.4911346435547,145.89212886384934,143.32970565575582,143.7795892346543,76378900
2021-10-20,145.9801788330078,146.45941702243417,144.86522961087866,145.43248657280327,58418800
2021-10-21,146.19532775878906,146.35181550626882,144.62070524306984,145.54005210514717,61421000
2021-10-22,145.42271423339844,146.8799636819581,145.37380993998815,146.40074040762428,58883400
2021-10-25,145.37379455566406,146.08774940871533,144.3762037849461,145.41290903215594,50720600
2021-10-26,146.0388641357422,147.52545305998103,145.73566350958762,146.04863902426567,60893400
2021-10-27,145.57919311523438,146.43984594803317,145.22710311706854,146.07798106118008,56094900
2021-10-28,149.2174530029297,149.80425972363017,146.43007257824578,146.5278811601097,100077900
2021-10-29,146.50828552246094,146.64520855406127,143.19277825689716,143.98497686283406,124953200
2021-11-01,145.68679809570312,146.41052797626944,144.5522840537118,145.71613768959114,74588300
2021-11-02,146.7234649658203,148.23940825327995,145.38355919540496,145.39334900645795,69122000
2021-11-03,148.16116333007812,148.63061162902127,146.52786170952203,147.0853287663622,54511500
2021-11-04,147.64280700683594,149.08049145321388,147.32983153314007,148.24917833275668,60394600
2021-11-05,148.17172241210938,149.07281782729038,146.97678796158638,148.76918963737086,65463900
2021-11-08,147.3489532470703,148.4557402315451,147.0747075253852,148.29902412050475,55020900
2021-11-09,147.7113800048828,148.3186363926463,146.97678987957883,147.1139127718246,56787900
2021-11-10,144.8807373046875,147.0453357776248,144.8121833419343,146.93759531163658,65187100
2021-11-11,144.831787109375,146.35973220816493,144.64568854947308,145.89940280376894,41000000
2021-11-12,146.90823364257812,147.3097982131486,144.449795829464,145.38027365145768,63804000
2021-11-15,146.9180145263672,148.7593917575851,146.3597188974358,147.28040751304476,59222800
2021-11-16,147.8974609375,148.3773984758072,146.27156473370576,146.85924274203003,59256200
2021-11-17,150.3363037109375,151.81527292494047,147.88767027666427,147.89745943010328,88807000
2021-11-18,154.62631225585938,155.40987800940817,149.90535437132496,150.55179723889825,137827700
2021-11-19,157.2512664794922,157.71161083201548,153.31385912302107,154.41084228889372,117305600
2021-11-22,157.7116241455078,162.29545985723482,157.69203088867044,158.3580521683808,117467900
2021-11-23,158.09356689453125,158.47555309859132,155.79184557181551,157.80951705712113,96041900
2021-11-24,158.61270141601562,158.8085891260157,156.35995538782916,157.44714936539495,69463600
2021-11-26,153.5880889892578,157.15329885394945,153.14733793761846,156.2913900038225,76959800
2021-11-29,156.94761657714844,157.8780943084946,155.52739720558188,156.09548196515397,88748200
2021-11-30,161.90365600585938,162.11913695746247,156.6341917361946,156.7027606504653,174048100
2021-12-01,161.38455200195312,166.8009284808444,161.1494777894876,164.03886252915143,152052500
2021-12-02,160.39527893066406,160.82624080588923,154.55774519881157,155.47843376037946,136739200
2021-12-03,158.51475524902344,161.57066041655554,156.43831855392804,160.64997170977935,118023100
2021-12-06,161.9232177734375,164.43061569150498,160.90457802842855,160.91436718058944,107497000
2021-12-07,167.66282653808594,168.05461686688494,164.88118245734097,165.60598335666447,120405400
2021-12-08,171.4827423095703,172.34466628131048,167.19273065330603,168.5933571073838,116998900
2021-12-09,170.973388671875,173.11839407886248,170.3465390733042,171.31620335113058,108923700
2021-12-10,175.76292419433594,175.93923359247646,171.1007310045987,171.61005099944745,115402700
2021-12-13,172.129150390625,178.38785718223016,171.9234585953343,177.39859965742585,153237000
2021-12-14,170.74813842773438,174.08807860568035,168.67170169318734,171.64923389641092,139380400
2021-12-15,175.61598205566406,175.81186972926076,168.76959801571434,171.51207028188244,131063300
2021-12-16,168.7206268310547,177.4181772656769,167.2416576691539,175.5963934569458,150185800
2021-12-17,167.6236572265625,169.90578548213614,166.20345276063674,166.43851201579665,195432700
2021-12-20,166.26219177246094,167.0751397760327,164.01925037100784,164.82239427695404,107499100
2021-12-21,169.4356689453125,169.641345814115,165.64517367936028,168.03504264727704,91185900
2021-12-22,172.03118896484375,172.24666990143447,168.61289133008395,169.48460422982922,92135300
2021-12-23,172.65805053710938,173.21634616947264,171.66880794684926,172.23689273327608,68356600
2021-12-27,176.62486267089844,176.71300990463334,173.43184943831818,173.45142774896462,74919600
2021-12-28,175.606201171875,177.6042945644057,174.86182193569553,176.45833582983963,79144300
2021-12-29,175.69435119628906,176.91866791508298,174.4798236309474,175.6453755384828,62348900
2021-12-30,174.53858947753906,176.85990415292721,174.4308490078352,175.78249945588863,59773000
2021-12-31,173.92152404785156,175.54740511503024,173.6178809806125,174.43082898683727,64062300
2022-01-03,178.2703094482422,179.12244407617163,174.05867174915193,174.17620137564992,104487900
2022-01-04,176.0077667236328,179.18120100693088,175.43968197842852,178.87757285498617,99310400
2022-01-05,171.32598876953125,176.46811917460536,171.0517430102158,175.91962765597447,94537600
2022-01-06,168.4659881591797,171.69818743268368,168.1133843303379,169.15160256379613,96904000
2022-01-07,168.63247680664062,170.56200104833394,167.51590061636946,169.33768439473522,86709100
2022-01-10,168.652099609375,168.95572780142643,164.7146923768041,165.60599864366586,106765600
2022-01-11,171.4827423095703,171.58067870481955,167.31027525099185,168.77945568721645,76138300
2022-01-12,171.92349243164062,173.53958492379155,171.2280887319737,172.5013664795951,74805200
2022-01-13,168.652099609375,172.9910714162829,168.26030924441002,172.16833406776786,84505800
2022-01-14,169.51400756835938,170.20941111487983,167.57467907053888,167.81954242119846,80440800
2022-01-18,166.31118774414062,168.99488045377709,165.92920152184269,167.98604466295757,90956700
2022-01-19,162.81455993652344,167.56491564685888,162.53052498206404,166.5071040161468,94815000
2022-01-20,161.1298828125,166.19365539118294,160.80666137829382,163.54913404663756,91420500
2022-01-21,159.0730438232422,162.91249968467412,158.965303342259,161.04173994454513,122848900
2022-01-24,158.29925537109375,158.9652914615593,151.5214395660685,156.73213888196668,162294600
2022-01-25,156.4970703125,159.41583739515477,153.79378418345803,155.71350456711474,115798400
2022-01-26,156.40890502929688,161.01233270214277,154.57733208034693,160.14061983418955,108275300
2022-01-27,155.94859313964844,160.4736636918006,155.02790442490624,159.112223875077,121954600
2022-01-28,166.83029174804688,166.8498849998228,159.45500918063075,162.30522203050273,179935700
2022-01-31,171.18887329101562,171.4043542462614,166.02714940989443,166.66380312140188,115541600
2022-02-01,171.02236938476562,171.2476394960686,168.76962343591478,170.43469133018758,86213900
2022-02-02,172.22706604003906,172.26625254169926,169.7686436179964,171.15946552150538,84914300
2022-02-03,169.3474884033203,172.618874147118,168.58351594007854,170.89502658265624,89418100
2022-02-04,169.06309509277344,170.74010088602927,167.3860892995176,168.3667905913057,82465400
2022-02-07,168.34719848632812,170.59299800892276,167.65089393875687,169.52403712153145,77251200
2022-02-08,171.45599365234375,171.965962469506,168.12160057312957,168.4158139278121,74829200
2022-02-09,172.8780059814453,173.24086063611506,171.5246335396632,172.65244889591918,71285000
2022-02-10,168.7982940673828,172.09345086021537,168.23930213729957,170.77931477893978,90865900
2022-02-11,165.38548278808594,169.7397993797007,164.79705596488338,169.0042733328554,98670700
2022-02-14,165.620849609375,166.3073375649639,163.34561528306318,164.1399809862671,86185500
2022-02-15,169.45535278320312,169.61226856573026,166.96437833391397,167.67048439097334,62527400
2022-02-16,169.22003173828125,169.99477926994211,166.76827820676257,168.5335437423192,61177400
2022-02-17,165.620849609375,168.59237351767158,165.21875846241755,167.7293515367512,69589300
2022-02-18,164.0713348388672,167.24879755806595,162.98275576839345,166.54270637048876,82772700
2022-02-22,161.1488494873047,163.4731068473456,159.02071443579257,161.79610099125685,91162800
2022-02-23,156.9808807373047,162.94353209804362,156.66704910552062,162.3453036437316,90009200
2022-02-24,159.59933471679688,159.70721245821238,149.06659738297807,149.63540593186767,141147500
2022-02-25,161.66864013671875,161.9334187541049,157.76543758855004,160.67812209433018,91974200
2022-02-28,161.9333953857422,162.22760877136363,159.2953064697166,159.91315308309024,95056600
2022-03-01,160.05047607421875,163.38487003337303,158.8442174624351,161.52152827152648,83474400
2022-03-02,163.34559631347656,164.13016029917193,159.8052642347465,161.21747641613547,79724800
2022-03-03,163.0220184326172,165.6503064320056,162.35514854526573,165.2187953452166,76678400
2022-03-04,160.02102661132812,162.35510045432284,158.9716840195684,161.3155594882437,83737200
2022-03-07,156.2257080078125,161.8353202073776,155.9707161123603,160.2073525837716,96418800
2022-03-08,154.40158081054688,159.73659709320324,152.79323163394997,155.75495309286646,131148300
2022-03-09,159.80528259277344,160.2564117997747,156.33360638496927,158.36365040568722,91454900
2022-03-10,155.46075439453125,157.29466080253508,152.96976503092125,157.1083251850628,105342000
2022-03-11,151.74386596679688,156.20605863983377,151.51830892022346,155.86280729409629,96970100
2022-03-14,147.71322631835938,151.1456808985897,147.20327241217439,148.527210200246,108732100
2022-03-15,152.09693908691406,152.56768641731915,147.4778450101939,147.98779883833126,92964300
2022-03-16,156.5101318359375,156.9122229988077,151.4791438617729,154.01915688013034,102300200
2022-03-17,157.52024841308594,157.89291972026123,154.58796090972857,155.54904405714797,75615400
2022-03-18,160.81539916992188,161.30574983268542,156.67683837905244,157.41236437319773,123511700
2022-03-21,162.18836975097656,163.13965111509174,159.86409772398687,160.3544483255179,95811400
2022-03-22,165.56202697753906,166.1504388725233,161.72748069331104,162.31589258829527,81532000
2022-03-23,166.9251708984375,169.30826781804822,164.41456305995604,164.74801286692667,98062700
2022-03-24,170.71070861816406,170.77934993823305,166.92520042184205,167.75878767591715,90131400
2022-03-25,171.34814453125,171.89733490405604,169.4161616355689,170.52435897204094,80546200
2022-03-28,172.21115112304688,172.33863211398676,168.68062052174977,168.84733794398963,90371900
2022-03-29,175.50633239746094,175.55535549692144,172.936884505865,173.28013598798506,100589400
2022-03-30,174.33926391601562,176.14375060919454,173.28990640459241,175.1042096873483,92633200
2022-03-31,171.24024963378906,174.59424618696573,171.0342957824536,174.40791055107027,103049300
2022-04-01,170.94606018066406,171.5050671665747,168.62180263029362,170.67146498333403,78751300
2022-04-04,174.99635314941406,175.0453912102986,171.0735477076942,171.20104367313095,76468400
2022-04-05,171.68153381347656,174.85901079501437,171.0538857020469,174.07444691464946,73401800
2022-04-06,168.51390075683594,170.27916603294383,166.8467115933005,169.0336712319797,89058800
2022-04-07,168.81793212890625,170.01438898962488,166.57213259059588,167.85684898260146,77594700
2022-04-08,166.80747985839844,168.4648674430598,165.93465630346196,168.4648674430598,76575500
2022-04-11,162.5512237548828,165.76792249086608,162.3060484551017,165.45410588858888,72246700
2022-04-12,164.42437744140625,166.59171885387798,163.4240579625581,164.77743049486364,79265200
2022-04-13,167.1114959716797,167.73914420674996,163.55156041909547,164.1595904381064,70618900
2022-04-14,162.10009765625,167.96470171120438,161.85492235187505,167.32723694124167,75329400
2022-04-18,161.88436889648438,163.38484067093813,160.41331696354428,160.75655343597518,69023900
2022-04-19,164.16940307617188,164.5813108194766,160.74676487778993,161.83534399523174,67723800
2022-04-20,164.00267028808594,165.62083637298807,162.89448802131358,165.50314204406817,67929800
2022-04-21,163.20831298828125,168.21969736612456,162.70816069883412,165.65026467883652,87227800
2022-04-22,158.66766357421875,164.63032953066207,158.38326676927218,163.24755201100473,84882400
2022-04-25,159.73663330078125,160.0210300948507,155.40193532965264,158.01058942731927,96046400
2022-04-26,153.7739715576172,159.207050342252,153.69551365548884,159.1187908139756,95623200
2022-04-27,153.54840087890625,156.70624511583344,152.38136400484169,152.9011344667558,88063200
2022-04-28,160.48193359375,161.34495538360846,155.86282465033622,156.17665619730724,130216800
2022-04-29,154.6075439453125,162.99254251007733,154.2152694364459,158.71668452045293,131747600
2022-05-02,154.91159057617188,155.17636916422146,150.31209888761785,153.68571389859628,123055300
2022-05-03,156.40223693847656,157.60851029484962,153.30323224685807,155.09790243206862,88966500
2022-05-04,162.8160400390625,163.26715427373458,156.18648942865437,156.58858056796436,108256500
2022-05-05,153.7445831298828,160.913508923705,151.95969916146092,160.687951761694,130525300
2022-05-06,154.47132873535156,156.59275954886184,151.42668182783396,153.22400390708842,116124600
2022-05-09,149.3445281982422,153.04720818256274,148.78471498335946,152.16327128379606,131577900
2022-05-10,151.7508087158203,153.94099694086412,150.19902200842762,152.74278207802044,115366700
2022-05-11,143.8838348388672,152.67400468671187,143.20615431110124,150.75883036017825,142689800
2022-05-12,140.01419067382812,143.58918770892123,136.32134136947613,140.22044713133192,182602000
2022-05-13,144.48297119140625,145.45529757679608,140.55440153354604,142.00796811078922,113990900
2022-05-16,142.9409637451172,144.88561601712348,141.60524980458257,142.95079475797485,86643800
2022-05-17,146.57492065429688,147.09545486873625,144.06062380512492,146.2017017887358,78336300
2022-05-18,138.3052520751953,144.728454553279,137.40166819210114,144.22756749777338,109742900
2022-05-19,134.89724731445312,139.13027811714653,134.1606406090294,137.3820660685117,136095600
2022-05-20,135.1329345703125,138.1873972505803,130.2418708685785,136.60614779257094,137426100
2022-05-23,140.55438232421875,140.7016976717336,135.19187888015,135.32937819993117,117726300
2022-05-24,137.85348510742188,139.43473470985077,134.87759532556828,138.29544611720485,104132700
2022-05-25,138.01063537597656,139.25794526331134,135.86955744381711,135.95794665102005,92482700
2022-05-26,141.21241760253906,141.7624148884754,134.69099338044722,134.93652895354754,90601500
2022-05-27,146.96780395507812,147.0070830613322,142.6660149844481,142.7936983058082,90978500
2022-05-31,146.18206787109375,147.969574191578,144.21778311608426,146.40797140805827,103718400
2022-06-01,146.05435180664062,149.0302410387393,145.04273170111645,147.22308826530934,74286600
2022-06-02,148.50975036621094,148.56867650901708,144.237425177131,145.19010444930467,72348100
2022-06-03,142.78384399414062,145.327588805216,141.88027492949882,144.27668941243508,88570300
2022-06-06,143.53025817871094,145.91687147884687,142.31239647541148,144.40436412307008,71598400
2022-06-07,146.05435180664062,146.3391664090359,141.5266763270165,141.77221184112562,67808200
2022-06-08,145.31777954101562,147.1936599216941,144.8267083969664,145.92670296402,53950200
2022-06-09,140.09280395507812,145.3079781710141,139.98476768189485,144.45351900166787,69473000
2022-06-10,134.68115234375,138.24631801246798,134.61239520262438,137.77489399581836,91437900
2022-06-13,129.52491760253906,132.78562190034356,129.09277263849617,130.49722878533498,122207100
2022-06-14,130.38919067382812,131.49901613498997,129.1320498799016,130.75259347181498,84784300
2022-06-15,133.0115203857422,134.8874157174927,129.79992595411264,131.89187879778933,91533000
2022-06-16,127.7374038696289,130.0257968459268,126.7356146942801,129.72133518143346,108123900
2022-06-17,129.2106170654297,130.70347730890373,127.49186832675026,127.747234873443,134520300
2022-06-21,133.44363403320312,134.61238545733227,130.93918382298145,131.0373890350951,81000500
2022-06-22,132.93296813964844,135.29991972582334,131.5186808102628,132.38295585554104,73409200
2022-06-23,135.8008270263672,136.11510478571114,133.20797181999205,134.37672361512418,72433800
2022-06-24,139.1302947998047,139.37583039772065,137.27404627901228,137.40171459924213,89116800
2022-06-27,139.1302947998047,140.92761717490586,138.45261415174812,140.15171629316146,70207900
2022-06-28,134.98561096191406,140.85881645152855,134.867758706979,139.5918597520797,67083400
2022-06-29,136.74366760253906,138.15795490582852,134.22938572393656,135.0052865296894,66242400
2022-06-30,134.2784881591797,135.89901685954254,131.38117155043633,134.7990223471169,98964500
2022-07-01,136.44898986816406,136.55702609474315,133.2373961064284,133.6105999003664,71051600
2022-07-05,139.03204345703125,139.08115356288656,134.4847204054961,135.3097312194843,73353800
2022-07-06,140.36778259277344,141.54635041323854,138.56064426897342,138.8258268991265,74064300
2022-07-07,143.73651123046875,143.93293666537267,140.72132760332855,140.7311436298687,66253700
2022-07-08,144.41419982910156,144.91510200246088,142.41063609457171,142.66598770215515,64547800
2022-07-11,142.28294372558594,144.02133971358117,141.2124122640522,143.06866052706354,63141600
2022-07-12,143.25526428222656,145.79900902596674,142.4597314847581,143.1570440660671,77588800
2022-07-13,142.89187622070312,143.83472435454556,139.58204676627264,140.43652068379964,71185600
2022-07-14,145.81866455078125,146.29008864591398,140.69188068401962,141.50706056941064,78140700
2022-07-15,147.48831176757812,148.16599237248846,145.5534901802815,147.10527685866828,76259900
2022-07-18,144.44366455078125,148.86330457327466,144.08026173602485,148.0481247263253,81420900
2022-07-19,148.30348205566406,148.52937058051154,144.286523787425,145.27848208027842,82982400
2022-07-20,150.30703735351562,150.97490184976564,147.6847194489196,148.42132610705224,64823400
2022-07-21,152.57583618164062,152.79190872036583,149.22672681770464,151.74100910144742,65086600
2022-07-22,151.33828735351562,153.48918116011728,150.67043785379852,152.61507520531072,66675400
2022-07-25,150.21865844726562,152.27133221190695,149.56062491925485,151.2597268643066,53623900
2022-07-26,148.89276123046875,150.3561434947877,148.1070444852617,149.54096368293668,55138700
2022-07-27,153.99009704589844,154.52046232301393,149.44278802073802,149.85528602165928,78620700
2022-07-28,154.54006958007812,154.82488420275592,151.65256933071927,154.17666680263463,81378700
2022-07-29,159.60792541503906,160.70793488273625,156.65168275313596,158.3606155964203,101786900
2022-08-01,158.62576293945312,160.6686202770066,158.01683964165412,158.13469189637678,67829400
2022-08-02,157.15257263183594,159.50972297268584,156.77936877558471,157.24097682201486,59907000
2022-08-03,163.1632843017578,163.61506130985597,157.8793546055034,157.96774380452692,82507500
2022-08-04,162.84901428222656,164.20437546779837,161.49365309665475,163.0454397472784,55474100
2022-08-05,162.62278747558594,163.11454067024195,160.31154145785612,160.51808440274291,56697000
2022-08-08,162.15069580078125,165.04220702567798,161.49174831186727,163.62595540473944,60276900
2022-08-09,162.19989013671875,163.08505499075815,160.55743608300256,161.31474028979756,63135500
2022-08-10,166.44863891601562,166.54698055787682,164.14722239112217,164.91435623038078,70170500
2022-08-11,165.7110137939453,168.1697800173322,165.41595884571527,167.25511117853088,57149200
2022-08-12,169.26145935058594,169.33029699566112,166.60598003496278,167.01906593388134,68039400
2022-08-15,170.33348083496094,170.5301791193321,168.52383260735886,168.6910268994302,54091700
2022-08-16,170.17611694335938,170.84490912166515,168.82871793209483,169.93024033504878,56377100
2022-08-17,171.67103576660156,173.24463691658173,169.72369740271,169.92039567056804,79542000
2022-08-18,171.27764892578125,172.01527879196829,170.26463844345383,170.88425233332873,62290100
2022-08-19,168.69102478027344,170.87441022573427,168.48448182965225,170.1761140668042,70346300
2022-08-22,164.8061981201172,167.05842149370653,164.38328250419255,166.89122718275175,69026800
2022-08-23,164.4718017578125,165.92740230652828,163.90136613852434,164.32428177313432,54147100
2022-08-24,164.766845703125,165.33728128422243,163.5079585610888,164.5603177384026,53841500
2022-08-25,167.22561645507812,167.3338027751895,165.57333266477946,165.99623327523008,51218200
2022-08-26,160.9213104248047,168.228770692368,160.86230244265508,167.75669182805456,78961000
2022-08-29,158.71829223632812,160.2132113909233,157.18402441564837,158.4920749241394,73314000
2022-08-30,156.2890167236328,159.87880933569366,155.118641623387,159.45590875707995,77906200
2022-08-31,154.62689208984375,157.93147450788678,154.54820976951913,157.665923552681,87991100
2022-09-01,155.3546905517578,155.8070951296429,152.11894582091065,154.05645479166745,74229900
2022-09-02,153.24012756347656,157.71508462008887,152.41398580114964,157.11514512449315,76957800
2022-09-06,151.9812469482422,154.4990209999667,151.15510515135455,153.88925181756636,73714800
2022-09-07,153.38768005371094,154.08596126340717,151.07643378022465,152.26648324611122,87449600
2022-09-08,151.91246032714844,153.7811171630645,150.1618044927005,152.08948434003383,84923800
2022-09-09,154.77439880371094,155.21698869351633,152.19761681404773,152.90574262919617,68028800
2022-09-12,160.7344512939453,161.5507634451195,156.67257987610813,156.9577901423654,104956000
2022-09-13,151.30264282226562,157.89213365235918,150.84039354694787,157.26269006575274,122656600
2022-09-14,152.74838256835938,154.50886749732993,151.07642462426648,152.23695501832623,87965400
2022-09-15,149.8568572998047,152.67953072071606,148.8831956207659,152.09925057054045,90481100
2022-09-16,148.21441650390625,148.85370468985187,145.92284471335466,148.71601438946803,162278800
2022-09-19,151.9320526123047,152.01073491901784,146.64079879810572,146.84732672200167,81474200
2022-09-20,154.3121337890625,155.47267903670416,150.55514749457834,150.86986170957442,107689800
2022-09-21,151.18463134765625,156.12183853779936,151.06661536137307,154.74492033364538,101696800
2022-09-22,150.22076416015625,151.92222593073575,148.42094575247768,149.86670127656183,86652500
2022-09-23,147.94886779785156,148.97172290795524,146.10971554201328,148.69634230303134,96029900
2022-09-26,148.28326416015625,151.23378336075643,147.17189712565283,147.19157145564952,93339400
2022-09-27,149.25692749023438,152.16811306913462,147.47678328794686,150.22077457787657,84442700
2022-09-28,147.3686065673828,148.1554147485666,142.45107419388137,145.20489532446575,146691400
2022-09-29,140.12998962402344,144.30006222073425,138.3596750779143,143.69029304650877,128138200
2022-09-30,135.92059326171875,140.739784043771,135.72389496609006,138.9497950371784,124925300
2022-10-03,140.1004638671875,140.71024795379824,135.41897946775094,135.93040692542345,114311700
2022-10-04,143.69027709960938,143.80829305388013,141.8806140938045,142.63791815031084,87830100
2022-10-05,143.98536682128906,144.94921413848994,140.65127989511333,141.69380954476654,79471000
2022-10-06,143.03134155273438,145.1065408456924,142.8248135939426,143.40507882099124,68402200
2022-10-07,137.77940368652344,140.73976746295003,137.14996021039673,140.18899129011245,85925600
2022-10-10,138.10398864746094,139.54974448383035,136.28451052504542,138.10398864746094,74899000
2022-10-11,136.687744140625,139.01866500579177,135.9402845213117,137.5925684188842,77033700
2022-10-12,136.0582733154297,138.04496046792565,135.88124936484056,136.8352517842159,70433700
2022-10-13,140.63162231445312,141.22171730449597,132.15378472461572,132.76356905691682,113224000
2022-10-14,136.09764099121094,142.1363705990491,135.9107723458466,141.92982762072035,88598000
2022-10-17,140.06117248535156,140.54308109407378,137.9564690521345,138.74327729972723,85250900
2022-10-18,141.37904357910156,144.28038442851894,138.29083411442357,143.09035010046446,99136600
2022-10-19,141.48724365234375,142.55926212019432,139.16616774549112,139.35303637893844,61758300
2022-10-20,141.02500915527344,143.48377562705596,140.29720887706276,140.6611165197279,64522000
2022-10-21,144.8409881591797,145.41142365797057,140.29717849836038,140.51355110159543,86548600
2022-10-24,146.98504638671875,147.75218027161432,143.59195189473937,144.76232705447245,75981900
2022-10-25,149.82737731933594,149.97491229930705,146.89653213741997,147.6144876838341,74732300
2022-10-26,146.88668823242188,149.48314455270017,145.59828223025528,148.47013415168624,88194300
2022-10-27,142.41172790527344,146.59163005196794,141.75278042653088,145.62779799425218,109180200
2022-10-28,153.1713104248047,154.90227649289278,145.3819406077306,145.75566287950778,164762400
2022-10-31,150.8108673095703,151.6960320711127,149.41429002672785,150.63384336153183,97943200
2022-11-01,148.1652374267578,152.8860712842191,146.6703184608035,152.52217870801033,80379300
2022-11-02,142.637939453125,149.66017491618842,142.60843546015093,146.49328294195223,93604600
2022-11-03,136.58941650390625,140.44476100108147,136.46155582949885,139.71696063409377,97918500
2022-11-04,136.32337951660156,140.5496142487395,132.3828281448323,139.97823249599168,140814800
2022-11-07,136.8553466796875,137.08192417351185,133.65364870551915,135.07224959765693,83374600
2022-11-08,137.42674255371094,139.3280515614897,135.44662070693448,138.32322168629616,89908500
2022-11-09,132.86558532714844,136.49090174990351,132.589747831419,136.4416418330912,74917800
2022-11-10,144.68719482421875,144.68719482421875,137.42673349906372,139.14087881229642,118854000
2022-11-11,147.47515869140625,147.7805490726991,142.2243712372686,143.6528333928847,93979700
2022-11-14,146.07626342773438,148.04653945457946,145.23889010351994,146.75601106211803,73374100
2022-11-15,147.81007385253906,151.3073161661693,146.35207406862938,149.95768214517247,89868300
2022-11-16,146.5786590576172,147.642609775535,145.100952232511,146.91361736230309,64218300
2022-11-17,148.47996520996094,149.2286645001734,143.97787840652705,144.25371577829003,80389400
2022-11-18,149.04151916503906,150.4305673318375,147.74114484123723,150.0463641188946,74829600
2022-11-21,145.8102569580078,148.13518303183807,145.52457357758468,147.92831248822412,58724100
2022-11-22,147.947998046875,148.18443654711209,144.74629997055138,145.92847743972578,51804100
2022-11-23,148.82479858398438,149.57349802080938,147.1204990929822,147.22886486968167,58301400
2022-11-25,145.90878295898438,146.66734339247978,144.9334909730617,146.10580754336945,35195900
2022-11-28,142.07659912109375,144.46063120272478,141.24908683464577,142.9829242489195,69246000
2022-11-29,139.07192993164062,142.65783165746328,138.2641245866872,142.14555568748492,83763800
2022-11-30,145.82997131347656,146.50971891238402,138.4611435666205,139.29850181511986,111380900
2022-12-01,146.10580444335938,146.9136247638141,144.43107296360157,146.00729966926298,71250400
2022-12-02,145.61322021484375,145.80039880762385,143.4853188948338,143.79072424895466,65447400
2022-12-05,144.45079040527344,148.6770258303521,143.60357112015112,145.57384712908555,68826400
2022-12-06,140.7860565185547,145.11081116378415,139.81076461635996,144.88423366279338,64727200
2022-12-07,138.84536743164062,141.2392458201791,137.9193352044314,140.07679006739448,69721100
2022-12-08,140.52992248535156,141.38700272319693,139.00297068921475,140.24423909407787,62128300
2022-12-09,140.0472412109375,143.4065658669265,138.80595753740835,140.22455886029022,76097000
2022-12-12,142.34259033203125,142.35243630018152,138.9635592869445,140.5791849523235,70462700
2022-12-13,143.30799865722656,147.7411188094641,142.09628335791112,147.27810283544738,93886200
2022-12-14,141.08160400390625,144.48032672192886,139.06206832067184,143.18979848966035,82291200
2022-12-15,134.47134399414062,139.69257867211073,134.00832790749715,139.01283101163355,98931900
2022-12-16,132.51089477539062,135.6042272094749,131.74248840865712,134.65850323442362,160156900
2022-12-19,130.40272521972656,133.19066784085936,129.36834224245627,133.1020090197244,79592600
2022-12-20,130.33377075195312,131.26964891983806,127.95958437581338,129.43729149310985,77432800
2022-12-21,133.4369354248047,134.7767236692483,130.77706590433928,131.003643429146,85928000
2022-12-22,130.26478576660156,132.56015897362735,128.36347675529532,132.35328842388512,77852100
2022-12-23,129.90028381347656,130.45195863115794,127.71327647766012,128.97425178436364,63814900
2022-12-27,128.09750366210938,129.45699902617415,126.80697517918489,129.42744608626094,69007800
2022-12-28,124.16679382324219,129.08263031505834,123.99932216789122,127.7428420402377,85438400
2022-12-29,127.6837158203125,128.5407809293698,125.83165939011434,126.0877898165425,75703700
2022-12-30,127.99896240234375,128.01866936965655,125.53612512465858,126.50156359082803,77034200
2023-01-03,123.21121215820312,128.95456111650307,122.3245864348614,128.34378035287284,112117500
2023-01-04,124.4820327758789,126.74785308207225,123.22105739420844,125.00415469022626,89113600
2023-01-05,123.16193389892578,125.87106305679183,122.90580346279697,125.24057541769616,80962700
2023-01-06,127.69355773925781,128.35359826613845,123.03386012088578,124.13721717054082,87754700
2023-01-09,128.2156982421875,131.4272575812406,127.95956778658704,128.530949601707,70790800
2023-01-10,128.7870635986328,129.3091854431004,126.21585327519355,128.32404761851848,63896200
2023-01-11,131.50607299804688,131.52576493439358,128.52110615216108,129.29935853420528,69458900
2023-01-12,131.42727661132812,132.26463497127472,129.4865533653131,131.89029271765745,71379600
2023-01-13,132.75717163085938,132.9147972949888,129.70325330640753,130.0677495016975,57809700
2023-01-17,133.91964721679688,135.24957434953774,132.1365500404185,132.82614355724837,63646600
2023-01-18,133.20053100585938,136.54999458059902,133.02319832869463,134.78660397065414,69672800
2023-01-19,133.2596435546875,134.22507474572916,131.7819363097804,132.08732673527206,58280400
2023-01-20,135.8209686279297,135.9687483442848,132.22522101014553,133.26946486486585,80223600
2023-01-23,139.01283264160156,141.18999437445396,135.85053284595898,136.06726442233395,81760300
2023-01-24,140.41171264648438,141.03235437334166,138.21485919822922,138.22470516633354,66435100
2023-01-25,139.7516632080078,140.3131839948148,136.7469896041819,138.7960782416761,65799300
2023-01-26,141.8204803466797,142.10616376720364,139.79108333600698,141.04221286895242,54105100
2023-01-27,143.7611846923828,145.04186713056833,140.95355034191297,141.03236318771044,70555800
2023-01-30,140.874755859375,143.3868611555781,140.7269911492517,142.80563325307273,64015300
2023-01-31,142.14553833007812,142.19479823056315,140.1654165994733,140.57917270592753,65874500
2023-02-01,143.26858520507812,144.43105564330162,139.21968321658196,141.83029241325445,77663600
2023-02-02,148.57855224609375,148.9331875714321,145.96792696689582,146.6870736521922,118339000
2023-02-03,152.20384216308594,155.04104480782712,145.63297259328513,145.8299972142777,154357300
2023-02-06,149.47499084472656,150.82464018350336,148.5391127115985,150.3025182240104,69858300
2023-02-07,152.3516082763672,152.92299020492754,148.40120972216627,148.40120972216627,83322600
2023-02-08,149.6621551513672,152.28262569889247,148.9233016908853,151.5930321421785,64120100
2023-02-09,148.62774658203125,152.036330247997,148.1844375441137,151.49450140964842,56007100
2023-02-10,148.99282836914062,149.31842209117474,147.226745512614,147.46354505272012,57450700
2023-02-13,151.79490661621094,152.1994184714387,148.90403717735236,148.9336352385894,62199000
2023-02-14,151.15357971191406,151.7159729836762,148.84484061249728,150.08800434565288,61707600
2023-02-15,153.25511169433594,153.4228390365263,150.83784167870803,151.06476513520522,65573800
2023-02-16,151.65675354003906,154.24175084931028,151.3015618059057,151.45941308943844,68167900
2023-02-17,150.5122528076172,150.95623873407766,148.83496427712012,150.314927401964,59144100
2023-02-21,146.49661254882812,149.27895045459564,146.42755543146694,148.19363813923312,58867200
2023-02-22,146.9208984375,147.9469997349945,145.19427453082793,146.88142431742384,51011300
2023-02-23,147.40432739257812,148.33177339849212,145.27319184522457,148.08511286734324,48394200
2023-02-24,144.7502899169922,145.22387397766028,143.77350867783375,145.1449407917213,55469600
2023-02-27,145.94410705566406,147.1774097603546,145.48038403430326,145.73692063205627,44998500
2023-02-28,145.44090270996094,147.08859306462728,144.8686485359811,145.08571098317904,50547000
2023-03-01,143.3689727783203,145.26332395747403,143.07297711330398,144.86867310742886,55479000
2023-03-02,143.96095275878906,144.75026945161636,141.977792498003,142.4513915466776,52238100
2023-03-03,149.01255798339844,149.0914911594904,145.36198515518814,146.0624926286878,70732300
2023-03-06,151.77517700195312,154.2121845297758,151.41012419214647,151.7357028817241,87558000
2023-03-07,149.57492065429688,151.97245328646787,149.11119774886313,151.64685964722966,56182000
2023-03-08,150.82798767089844,151.41997901042942,149.80188641133856,150.76879154793838,47204800
2023-03-09,148.57846069335938,152.4756947765348,148.22326886232506,151.50878953565072,53833600
2023-03-10,146.51637268066406,148.92378215572674,145.63826168901898,148.2035375357173,68572400
2023-03-13,148.46002197265625,151.09435428881787,145.72701943515565,145.83555065664373,84457100
2023-03-14,150.55169677734375,151.35087437586574,148.09496787151124,149.25919818665145,73695900
2023-03-15,150.94638061523438,151.20290214198522,147.91738213550175,149.17042182051847,77167900
2023-03-16,153.7681884765625,154.37004080347904,149.6144183096525,150.1274764543104,76161100
2023-03-17,152.9295196533203,154.64628226147335,152.21913616408204,153.99509488717774,98944600
2023-03-20,155.29747009277344,155.7118730486912,152.09088307007352,152.99860710640667,73641400
2023-03-21,157.1523895263672,157.27078178868533,154.44898411535414,155.21857898532377,73938300
2023-03-22,155.72174072265625,159.97416620924432,155.7020036632039,157.17210596561782,75701800
2023-03-23,156.80703735351562,159.3920501505052,155.57373460560854,156.70838216666218,67622100
2023-03-24,158.10939025878906,158.1981844310787,155.74145533462084,156.73795839634036,59196500
2023-03-27,156.1657257080078,158.6224701978729,155.76119879412065,157.80355536791788,52390300
2023-03-28,155.54412841796875,156.37291926303735,153.89643783944095,155.85986113132142,45992200
2023-03-29,158.6224822998047,158.89874093159347,157.2214520800284,157.2411740858945,51305700
2023-03-30,160.19122314453125,160.29975438530866,159.1157867936236,159.37230833774987,49501700
2023-03-31,162.69728088378906,162.79595111857384,159.74723055627194,160.27014967971024,68749800
2023-04-03,163.9503173828125,164.06870961825848,162.02636828199599,162.07570339841976,56976200
2023-04-04,163.4175262451172,164.6113546852389,162.90446816785285,164.37457023031905,46278300
2023-04-05,161.57249450683594,162.84527116493152,159.6386845457234,162.53941454235493,51511700
2023-04-06,162.4604949951172,162.75649064193277,159.83602334429725,160.26027222926052,45390100
2023-04-10,159.86561584472656,159.86561584472656,157.94166678976978,159.26376357061562,47716900
2023-04-11,158.6520538330078,160.19121311129285,158.36591919116847,160.1813521100088,47644200
2023-04-12,157.96142578125,159.8952361057982,157.64569304379242,159.0664602524204,50133100
2023-04-13,163.3484649658203,163.58526449148977,159.26376724154565,159.47096870837692,68445600
2023-04-14,163.0031280517578,164.09830125116352,161.63169630249857,162.39139978711486,49386500
2023-04-17,163.02288818359375,163.18075455042484,161.83892054229136,162.8847588763579,41516200
2023-04-18,164.24632263183594,165.17376867697192,163.43726882906975,163.8812698478859,49923000
2023-04-19,165.3908233642578,165.91374248336922,163.32872989204589,163.58526647837797,47720200
2023-04-20,164.42388916015625,165.62759364761484,163.34845295487423,163.8713720291843,52456400
2023-04-21,162.81568908691406,164.226580111448,162.29276996055185,162.84528714652217,58337300
2023-04-24,163.12156677246094,163.38796439824753,161.7007995082206,162.79597301982534,41949600
2023-04-25,161.5823974609375,164.08846202710322,161.54292334211996,162.98342757965568,48714100
2023-04-26,161.57249450683594,163.07219461797823,160.6253265824028,160.8818480921529,45498800
2023-04-27,166.16038513183594,166.30837541189834,162.98339664348885,162.98339664348885,64902300
2023-04-28,167.41342163085938,167.5811640335514,165.63747792316207,166.23933019675923,55275900
2023-05-01,167.3246307373047,168.17314354860417,166.387323749872,167.0187740939811,52472900
2023-05-02,166.28868103027344,168.07451617943886,165.30203876342605,167.81797955488014,48425700
2023-05-03,165.21322631835938,168.63687581044152,164.92710671677185,167.23584575291258,65136000
2023-05-04,163.5753936767578,164.8086963510818,162.11516752574818,162.68742177323023,81235400
2023-05-05,171.25149536132812,171.97173995816638,168.47901810918157,168.6960805994559,113453200
2023-05-08,171.1824188232422,171.52774960942492,169.81098679048802,170.17603958076435,55962800
2023-05-09,169.4755401611328,171.22188606967399,169.30781278853107,170.73844101187063,45326900
2023-05-10,171.2415771484375,171.70530007668728,169.60374787227713,170.7087971111727,53724500
2023-05-11,171.42906188964844,172.25783762602444,169.87016559220018,171.5277321199156,49514700
2023-05-12,170.50033569335938,171.97245613352067,168.94915782664347,171.5377307421917,45533100
2023-05-15,170.00634765625,171.13267487374878,169.4135375098661,171.0832715155854,37266700
2023-05-16,170.00634765625,171.0635071571624,169.73958158279842,169.92730529834625,42110300
2023-05-17,170.61892700195312,170.85603902755463,168.37614694646877,169.65068438723694,57951600
2023-05-18,172.95059204101562,173.13831574371522,170.51021405749552,170.92517510124802,65496700
2023-05-19,173.0592803955078,174.27452457823847,172.84191768629904,174.27452457823847,55809500
2023-05-22,172.1107635498047,172.61465661362408,171.36975852728045,171.89340087046807,43570900
2023-05-23,169.50244140625,171.300620989034,169.22580071286586,171.05361929309908,50747300
2023-05-24,169.77908325195312,170.35212899950594,168.4749221279745,169.03807815911904,45143500
2023-05-25,170.91529846191406,171.81437317497037,169.63088663153601,170.34225271987503,56058300
2023-05-26,173.32601928710938,173.66195304430255,171.03385143516303,171.24133948884744,54835000
2023-05-30,175.1736297607422,176.8433638660441,174.4523889310648,174.83771102645838,55964400
2023-05-31,175.1241912841797,177.1990114284393,174.64006256364283,175.20323363094815,99625300
2023-06-01,177.9301300048828,177.95976900098933,174.8080250915144,175.5687945017499,68901800
2023-06-02,178.7798309326172,179.5998784017098,177.11009699591673,178.8588732872537,61996900
2023-06-05,177.42630004882812,182.73189284985287,175.90476081626858,180.4397244340229,121946500
2023-06-06,177.06068420410156,177.95975882757918,175.30201843952955,177.81156385551847,64848400
2023-06-07,175.68736267089844,179.03670485789638,175.19335930953716,176.29992201473482,61944600
2023-06-08,178.40438842773438,178.67113939917257,175.3316867918341,175.76639710388454,50214900
2023-06-09,178.7897186279297,180.04447641965535,178.46367457216073,179.3232356709596,48900000
2023-06-12,181.58578491210938,181.68459163427195,178.79961324143656,179.09601833213515,54274900
2023-06-13,181.11154174804688,181.94146392274692,180.25198057252106,180.60766365821948,54929100
2023-06-14,181.7438507080078,182.1785761189824,179.8370047903456,181.17080494588566,57462900
2023-06-15,183.77914428710938,184.28303741690132,181.57589328622848,181.7537423543279,65433200
2023-06-16,182.70223999023438,184.74742157511324,182.06004151498252,184.490530124381,101256200
2023-06-20,182.79112243652344,183.8680612460024,182.19832743508823,182.19832743508823,49799100
2023-06-21,181.75376892089844,183.18637601292107,180.4001891198182,182.6824828094761,49515700
2023-06-22,184.75729370117188,184.80669706223912,181.46722885451086,181.53639657516283,51245300
2023-06-23,184.44113159179688,185.3105825386594,182.79116178184807,183.32469398134634,53117000
2023-06-26,183.0480499267578,185.79470801287036,183.00852120673045,184.58933834045672,48088700
2023-06-27,185.8045654296875,186.13060949863421,183.4432296659109,183.66059237854205,50730800
2023-06-28,186.98028564453125,187.6224840299043,185.3500804657921,185.67610944091012,51216800
2023-06-29,187.31619262695312,187.79044671269003,186.67399428172388,186.81231462111722,46347300
2023-06-30,191.64370727539062,192.14758538728958,188.9662018357955,189.33177465497502,85213200
2023-07-03,190.1517791748047,191.5547469022835,189.4601624130482,191.45594020037944,31458200
2023-07-05,189.03533935546875,190.66554451499093,188.33384790710164,189.27246641036476,46920300
2023-07-06,189.50958251953125,189.7170705815605,186.9308841600135,187.56320791106293,45094300
2023-07-07,188.3931427001953,190.3592817984136,187.9584323411384,189.11439856972888,46815000
2023-07-10,186.3479766845703,187.71143099184326,184.79679865953796,186.9901751208951,59922200
2023-07-11,185.82432556152344,187.0296950947768,184.3620796809065,186.8913747422291,46638100
2023-07-12,187.49404907226562,189.4008949030878,186.2096372553674,187.4051170053163,60750200
2023-07-13,188.25482177734375,188.897035286273,187.5039419858172,188.2153081360164,41342300
2023-07-14,188.40301513671875,188.88712881002033,187.35573036289856,187.948525384943,41616200
2023-07-17,191.66343688964844,191.9894809296959,189.50957431242833,189.59849130268125,50520200
2023-07-18,191.4065704345703,191.9993805984401,190.1122838217696,191.0311380681889,48288200
2023-07-19,192.76014709472656,195.8525983579603,190.3395181934612,190.78413334726974,80507300
2023-07-20,190.81378173828125,194.11372124075075,190.19133255294633,192.7502668636511,59581200
2023-07-21,189.6380157470703,192.63167495782974,188.93652432958442,191.77211391982547,71951700
2023-07-24,190.4383087158203,192.57240699977407,189.94430532096735,191.09039681521514,45377800
2023-07-25,191.2978973388672,192.1080702594407,190.60629550166382,191.01138196195058,37283200
2023-07-26,192.16729736328125,193.29362436433283,191.0014567287653,191.34725001788098,47471900
2023-07-27,190.90267944335938,194.83494237556206,190.24071668140024,193.66910156142774,47460200
2023-07-28,193.4813690185547,194.2717774555962,191.81163515269853,192.33527753863382,48291400
2023-07-31,194.0939483642578,194.13347708185938,192.91821776612247,193.70862628447964,38824100
2023-08-01,193.26402282714844,194.37058568804014,192.93797875368105,193.88647197429418,35175100
2023-08-02,190.27037048339844,192.83917937620112,189.54912966810338,192.7008590133255,50389300
2023-08-03,188.87728881835938,190.06289415573028,188.40304969856896,189.27250064800953,61235200
2023-08-04,179.80734252929688,185.13269797319032,179.7381748247779,183.29500493096032,115956800
2023-08-07,176.70504760742188,180.93371611312844,175.22303719441848,179.94570917112617,97576100
2023-08-08,177.6436309814453,178.10799539743132,175.45025461361834,177.5349496271552,67823000
2023-08-09,176.05294799804688,178.76007719518685,174.88709204262926,178.70079919463467,60378500
2023-08-10,175.83558654785156,178.58224448237493,175.4700288246158,177.32747151707323,54686900
2023-08-11,175.89492797851562,176.71608281179377,174.6681548123879,175.4299516016464,52036700
2023-08-14,177.54713439941406,177.77467859210861,175.42004228880285,176.07301094207762,43675600
2023-08-15,175.55856323242188,177.56692432110017,175.1628328578025,176.9733287591711,43622600
2023-08-16,174.68792724609375,176.6369149003717,174.61866613802027,175.24195572610614,46964900
2023-08-17,172.1453399658203,175.6179215615527,171.6308784010705,175.25187020963352,66062900
2023-08-18,172.63014221191406,173.23364091556027,170.12711031715548,170.46348268413263,61172200
2023-08-21,173.96572875976562,174.25264612165492,171.88812158676677,173.20394701107267,46311900
2023-08-22,175.34091186523438,175.78611232307705,174.3713618531986,175.17272569654475,42038900
2023-08-23,179.189453125,179.61487764306722,176.4291981302873,176.61717535249278,52722800
2023-08-24,174.49998474121094,179.16967585239115,174.13391827576947,178.74425133745834,54945800
2023-08-25,176.70620727539062,177.2404448053197,173.9459523611551,175.4893219988908,51449600
2023-08-28,178.26937866210938,178.66510907128173,176.64685983066678,178.17043851174256,43820700
2023-08-29,182.15745544433594,182.9291401969668,177.58670497165372,177.78457014737916,53003900
2023-08-30,185.64984130859375,185.84772159478027,182.77087033679462,182.9687355268348,60813900
2023-08-31,185.86746215820312,187.1041382306799,185.4816198274361,185.83778314015515,60794500
2023-09-01,187.4405517578125,187.89564016216337,186.27312153245367,187.47023078000296,45766500
2023-09-05,187.677978515625,187.95499277883354,185.61025951662367,186.27311615331163,45280000
2023-09-06,180.96034240722656,186.83702959860793,179.5356891370561,186.39181412957188,81755800
2023-09-07,175.66737365722656,176.31045432139675,171.69021887943939,173.31273740579792,112488800
2023-09-08,176.28074645996094,178.31880130389678,175.89490413000163,176.44894769007192,65551300
2023-09-11,177.44821166992188,178.3781946740771,175.44973851819339,178.15065045906456,58953100
2023-09-12,174.4208221435547,178.2100000030001,172.95660168355545,177.57682236385347,90370200
2023-09-13,172.35311889648438,175.41017925863045,172.1255595752841,174.6285913393108,84267900
2023-09-14,173.86680603027344,174.2229694212733,171.72982568427443,172.14534712441645,60895800
2023-09-15,173.14454650878906,174.61866989320765,171.96724351151664,174.59887884816905,109259500
2023-09-18,176.07301330566406,177.46798769380123,174.2921965438023,174.59888982853914,67257600
2023-09-19,177.1613006591797,177.71532920549458,175.24197669791334,175.62781908525017,51826900
2023-09-20,173.61944580078125,177.78456267568592,173.5303936437239,177.34925024969752,58436200
2023-09-21,172.0760498046875,174.4207979255845,172.00680379397062,172.68945140779596,63149100
2023-09-22,172.92691040039062,175.19250979208792,172.19480770645978,172.8081943086496,56725400
2023-09-25,174.2031707763672,175.08368369125543,172.29373473406022,172.3432048049037,46172700
2023-09-26,170.1270751953125,173.33253018900052,169.83026989319274,172.9565908960506,64588900
2023-09-27,168.6134033203125,171.19558430072632,167.24812281187548,170.7800628332761,66921800
2023-09-28,168.87062072753906,170.19633406818943,165.83333655703308,167.53500431517824,56294400
2023-09-29,169.38507080078125,171.22524557281096,168.52433390834895,170.18643455541363,51861100
2023-10-02,171.8980255126953,172.44216616664136,169.10807621217995,169.3949936006915,52164500
2023-10-03,170.5623779296875,171.77927819729268,168.99923247491208,170.42387079713225,49594600
2023-10-04,171.80892944335938,172.35306991048125,169.14760023737094,169.2663163043274,53020300
2023-10-05,173.04562377929688,173.57986123329636,170.83938266052527,171.93755168454948,48527900
2023-10-06,175.59812927246094,176.09279974358,171.33405713065292,171.947458780219,57266700
2023-10-09,177.0821533203125,177.1415113656987,173.92615307401468,174.9253820623563,42390800
2023-10-10,176.48854064941406,177.80436599291428,176.05322819338144,176.20163840129018,43698000
2023-10-11,177.88351440429688,177.9329844734106,175.70696722860302,176.300562769531,47551100
2023-10-12,178.78382873535156,180.39644439001881,177.13161588848607,178.1506510638416,56743100
2023-10-13,176.9436492919922,179.9908063804386,176.24121051823693,179.48624788964275,51427100
2023-10-16,176.8150177001953,177.17118104988546,174.6285675347915,174.86601479996662,52517000
2023-10-17,175.2617645263672,176.51823191229096,172.93682206936518,174.76709399132676,57549400
2023-10-18,173.96572875976562,175.68718764266174,173.24351401125745,173.7085055181981,54764400
2023-10-19,173.58978271484375,175.9444040866048,173.32265641144056,174.16358722416024,59302900
2023-10-20,171.0372772216797,173.55019672394363,170.7998299466356,173.44136860989997,64244000
2023-10-23,171.156005859375,172.15523490983713,168.1187215150264,169.08828663709707,55980100
2023-10-24,171.59129333496094,171.81883752196748,169.6224994494151,171.20545097606092,43816600
2023-10-25,169.2762451171875,171.21534495437086,168.83102960610762,170.04792986204652,57157000
2023-10-26,165.111083984375,169.5532295699906,163.90408701182272,168.55398570968117,70625300
2023-10-27,166.4269256591797,167.1590433521086,165.05174242645685,165.13089150916355,58499100
2023-10-30,168.47486877441406,169.34549366723184,167.0700063949142,167.21841659954197,51131000
2023-10-31,168.94976806640625,169.07837213199355,166.1103491096919,167.54490564738762,44846000
2023-11-01,172.11566162109375,172.37288485640974,168.3066925856151,169.1773175299865,56934900
2023-11-02,175.6772918701172,175.88504503012373,173.58978171760563,173.64913976332178,77334800
2023-11-03,174.76710510253906,174.93530637975567,171.50229144062166,172.3828044451284,79829200
2023-11-06,177.31959533691406,177.51746053122469,174.3317961816863,174.49998235165765,63841300
2023-11-07,179.88197326660156,180.4953598060514,177.06234560698942,177.27009874628624,70530000
2023-11-08,180.94056701660156,181.4945955371222,179.65442075331012,180.40632954214095,49340300
2023-11-09,180.4656982421875,182.1574629246798,179.87208759448916,181.00983881988668,53763500
2023-11-10,184.65609741210938,184.82452025063435,181.8129530168045,182.24883894138773,66133400
2023-11-13,183.07110595703125,184.28959445510736,182.4866293320066,184.08156757584422,43627500
2023-11-14,185.68638610839844,186.35011603301572,184.55705211313364,185.94394820695575,60108400
2023-11-15,186.25103759765625,187.72710311138576,186.0231936311185,186.09254599086609,53790500
2023-11-16,187.93515014648438,189.1734556093977,186.88505441646575,187.79646053927942,54412900
2023-11-17,187.9153289794922,188.59887599886426,186.805812145748,188.47008739636428,50922700
2023-11-20,189.65887451171875,190.1145776039652,188.10357060538217,188.11347160798348,46505100
2023-11-21,188.85646057128906,189.72823253932046,187.9648865974642,189.61926104331656,38134500
2023-11-22,189.52020263671875,191.12504193836494,189.04469749475615,189.69852651247717,39617700
2023-11-24,188.19273376464844,189.1140258787283,187.47946852715137,189.0843077535022,24048300
2023-11-27,188.01437377929688,188.88614559455414,187.13270096287798,188.1431623745596,40552600
2023-11-28,188.61868286132812,189.29232889633607,187.62803848681267,188.0044881862593,38415400
2023-11-29,187.59832763671875,190.29288164913223,187.2020759179661,189.11401237919708,43014200
2023-11-30,188.1728973388672,188.53944603911236,186.42936866830843,188.06392585220516,48794400
2023-12-01,189.4508514404297,189.76784980640184,187.4596464071562,188.54936135651158,45704800
2023-12-04,187.6577606201172,188.27197042434886,185.69628894913777,188.2026180609542,43389500
2023-12-05,191.6104278564453,192.58125508438908,188.40073472916,188.43046796633192,66628400
2023-12-06,190.52073669433594,192.93789631295678,190.3126947209947,192.63079897005184,41089700
2023-12-07,192.45249938964844,193.17566559760107,191.7788533108163,191.81848755335412,47477700
2023-12-08,193.8790283203125,194.15640755182167,191.8581052152776,192.38314555463674,53406400
2023-12-11,191.37269592285156,191.67980841318465,189.6291670567547,191.3033586686724,60943700
2023-12-12,192.8883819580078,192.8982829604503,189.92634969600132,191.27362671385956,52696900
2023-12-13,196.1079559326172,196.14757505430106,193.02705149757753,193.26479645974607,70404200
2023-12-14,196.25657653808594,197.75244424587422,194.32482284497263,196.16742216364264,66831600
2023-12-15,195.7216033935547,196.5438248679527,195.15692888170386,195.68196915621468,128538400
2023-12-18,194.05731201171875,194.7903942380946,192.57134555644006,194.2554378492161,55751900
2023-12-19,195.0975341796875,195.10743518311423,194.05735441052127,194.32483266340077,40714100
2023-12-20,193.00726318359375,195.8305908429342,193.00726318359375,195.05788936850126,52242800
2023-12-21,192.858642578125,195.23619818360498,191.6896894536902,194.26537091395173,46482500
2023-12-22,191.7887725830078,193.58183662844655,191.16466173906855,193.35397752019378,37149600
2023-12-26,191.24391174316406,192.0760494430794,191.02596875756228,191.7986702097743,28919300
2023-12-27,191.3429718017578,191.6897034098951,189.3022466284661,190.68915794498034,48087700
2023-12-28,191.76893615722656,192.83883387512188,191.3627683436117,192.32369457775746,34049900
2023-12-29,190.728759765625,192.58125990446206,189.9362412446781,192.08593771837442,42672100
2024-01-02,183.90322875976562,186.67703614744315,182.16960103197144,185.39909638597572,82488700
2024-01-03,182.52622985839844,184.1409850600839,181.7138941984477,182.49651173581816,58414500
2024-01-04,180.20811462402344,181.37706768373354,179.18775216816366,180.4458595901839,71983600
2024-01-05,179.4849395751953,181.05015949262307,178.48439420396812,180.28737421180142,62379700
2024-01-08,183.823974609375,183.86360885082058,179.80196071659407,180.38643729162627,59144500
2024-01-09,183.40789794921875,183.41779895114087,181.0204413910758,182.19931060924736,42841800
2024-01-10,184.4480743408203,184.65610118978807,182.19930742900604,182.62529236075727,46792900
2024-01-11,183.85369873046875,185.3000462697353,181.90212796654464,184.79480792904317,49128400
2024-01-12,184.1806182861328,184.99295400827782,183.45745205458948,184.31930790747037,40477800
2024-01-16,181.9120330810547,182.5361287641061,179.23728115128065,180.45578462721193,65603000
2024-01-17,180.97093200683594,181.21859313457642,178.61320834965068,179.57413473456663,47317400
2024-01-18,186.86526489257812,187.3704881134165,184.0914574471942,184.34901955890965,78005800
2024-01-19,189.76785278320312,190.15420352293785,187.0534966021051,187.5587198414397,68903000
2024-01-22,192.07603454589844,193.50256484427592,190.4612794003693,190.5009136397872,60133900
2024-01-23,193.35397338867188,193.91864797179585,192.01661247228014,193.19548176740474,42355600
2024-01-24,192.68032836914062,194.542744606446,192.5218216434054,193.59171936806808,53631300
2024-01-25,192.35340881347656,194.43376796447615,191.30332823639347,193.39358838897635,54822100
2024-01-26,190.6197967529297,192.93790105900956,190.14429166563914,192.45249496932922,44594000
2024-01-29,189.93626403808594,190.40186815816608,187.80638442872507,190.21364328629937,47145600
2024-01-30,186.28079223632812,190.00562537270864,185.71613271012245,189.1536704655616,55859400
2024-01-31,182.67481994628906,185.34957189909602,182.62529981948686,185.2901205380725,55467800
2024-02-01,185.11180114746094,185.20095550981347,182.10024901841177,182.26865674153308,64885400
2024-02-02,184.1112823486328,185.5774319441079,177.57302274507782,178.1773164815156,102551700
2024-02-05,185.9241180419922,187.4794368744002,184.10133612770585,186.38972207997213,69668800
2024-02-06,187.52899169921875,187.53889270164484,185.02266252630227,185.1118168962398,43490800
2024-02-07,187.63796997070312,189.26262627331204,186.8454513829838,188.85645841865113,53439000
2024-02-08,186.5581817626953,187.7667541606289,185.5972553767356,187.61816353023744,40962000
2024-02-09,187.32191467285156,188.45268968737696,186.4787864459619,187.12352087688578,45155200
2024-02-12,185.6356658935547,187.14337102036012,185.27857823550397,186.89539390047275,41781900
2024-02-13,183.54275512695312,184.70330147289806,182.02513622573113,184.26685928046126,56529500
2024-02-14,182.65994262695312,184.02878118831165,180.96378758253468,183.8204888809099,54630500
2024-02-15,182.37229919433594,182.99720639873473,179.8826142837668,182.06480997798818,65434500
2024-02-16,180.83482360839844,183.3542794985624,180.20000281806102,181.9358425720657,49752500
2024-02-20,180.0908966064453,180.95385211869663,178.543521838827,180.31903131312703,53665600
2024-02-21,180.84478759765625,181.41016764298323,179.19821564929268,180.46785747722194,41371400
2024-02-22,182.878173828125,183.463411373256,180.98364000764028,181.99537582737872,52292200
2024-02-23,181.0431365966797,183.54273502175582,180.7554746671187,183.51297897874218,45119700
2024-02-26,179.6941375732422,181.28118200444274,179.1882545795608,180.76540051034647,40867400
2024-02-27,181.15223693847656,182.43179212202116,178.10707086865912,179.63461828889808,54318900
2024-02-28,179.95204162597656,181.6382830805114,178.67248629654023,181.03321827875988,48953900
2024-02-29,179.28746032714844,181.09274105155225,178.07733075339527,179.80325698202418,136682600
2024-03-01,178.20626831054688,179.06922378267282,175.94471834990426,178.09715778019478,73563100
2024-03-04,173.6831817626953,175.46860492728393,172.38376893378626,174.7246735635979,81510100
2024-03-05,168.7434539794922,170.64791631173568,168.2474997741583,169.37827475690668,95132400
2024-03-06,167.75157165527344,169.85442810491517,167.31512946505867,169.67587669286206,68587700
2024-03-07,167.6325225830078,169.34851990765398,167.12665473872153,167.78130279152694,71765100
2024-03-08,169.34852600097656,172.29449531822434,167.57301652903823,167.6325286145872,76267000
2024-03-11,171.35220336914062,172.96901916174485,170.65787040570808,171.54066841678448,60139500
2024-03-12,171.8282928466797,172.62182261661565,169.62625492438514,171.74893835615396,59825400
2024-03-13,169.7452850341797,171.78861386475305,169.3782686434611,171.37201416354768,52488700
2024-03-14,171.60015869140625,172.89955631533712,170.65784870831544,171.5108905650266,72913500
2024-03-15,171.22323608398438,171.22323608398438,168.91208752136302,169.78497182252738,121752700
2024-03-18,172.31434631347656,176.27206668827822,172.11596763998543,174.1493830977455,75604200
2024-03-19,174.65524291992188,175.18095319129145,171.62991909909198,172.92931675607417,55215200
2024-03-20,177.22430419921875,177.22430419921875,173.67326966604173,174.29817691484007,53423100
2024-03-21,169.9833526611328,176.05384289670778,169.45764237357878,175.61740074055217,106181300
2024-03-22,170.88600158691406,171.64977539848843,168.68396342338923,170.37020490965267,71160100
2024-03-25,169.46755981445312,170.54873636107317,168.0788789435942,169.1898266673456,54288300
2024-03-26,168.33680725097656,170.0329624014482,168.20785429573576,168.6244540719099,57388400
2024-03-27,171.90765380859375,172.19531573949365,168.7335497446837,169.03112531152695,60273300
2024-03-28,170.0924530029297,170.83638432396197,169.13030061690222,170.36027251639132,65672700
2024-04-01,168.65419006347656,169.86431956551354,168.10863739693175,169.80480748103986,46240500
2024-04-02,167.4738311767578,167.96978543762384,166.86876637308836,167.71189467068976,49329500
2024-04-03,168.27728271484375,169.29894733031932,167.2159484161416,167.42424073989756,47691700
2024-04-04,167.45401000976562,170.52891745806397,167.45401000976562,168.91210166538218,53704400
2024-04-05,168.20785522460938,169.01129873561936,167.5829479892356,168.21776886148135,42104800
2024-04-08,167.0869903564453,167.83092176064616,166.87869803905005,167.6622991252661,37425500
2024-04-09,168.297119140625,168.70380527202582,166.98780774616682,167.3349666518587,42373800
2024-04-10,166.4224395751953,167.72183754351633,165.75786256602828,167.43419068161515,49709300
2024-04-11,173.62367248535156,174.04028741115994,166.79935169580833,166.97788797659143,91070300
2024-04-12,175.12144470214844,176.91679662448954,172.80038249764078,172.8499658132502,101670900
2024-04-15,171.29269409179688,175.2008162956038,171.10422904105639,173.94108816854134,73531800
2024-04-16,168.0094757080078,172.35402488220237,166.9084566077323,170.360294137519,73711200
2024-04-17,166.640625,169.26917642354965,166.640625,168.2375982616629,50901200
2024-04-18,165.68836975097656,167.2754292189987,165.20234432957687,166.67036449953886,43122900
2024-04-19,163.66490173339844,165.05356757276493,162.7523477339115,164.86511767231858,68149400
2024-04-22,164.49810791015625,165.9066162144586,163.43677364744048,164.18070504913473,48116400
2024-04-23,165.5495147705078,165.69831011966792,163.58554027123327,164.01206877643943,49537800
2024-04-24,167.6523895263672,167.93012271313196,164.86512888648411,165.19244539313124,48251800
2024-04-25,168.5153350830078,169.2295104164757,166.78940883790665,168.15824741627387,50558300
2024-04-26,167.93011474609375,169.95360145871248,167.81107543218243,168.50542350147623,44838400
2024-04-29,172.09613037109375,174.60565774723543,171.69937301226366,171.9671774185786,68169400
2024-04-30,168.9517822265625,173.57407962239418,168.6244505944639,171.92750782528833,65934800
2024-05-01,167.93011474609375,171.31252641733016,167.74164970644674,168.20784791968214,50383100
2024-05-02,171.62994384765625,172.01678759624437,169.50726004906326,171.11414713776406,94214900
2024-05-03,181.8961639404297,185.48686744008484,181.1819886945406,185.13969345224513,163224100
2024-05-06,180.23971557617188,182.70955826534143,178.9601450261929,180.8745364649345,78569700
2024-05-07,180.9241180419922,183.40388947971314,179.8528700999816,181.96562507289974,77305800
2024-05-08,181.2613525390625,181.58868413827042,179.98178218440233,181.3704630721318,45057100
2024-05-09,183.07655334472656,183.16582147443802,180.6364518520254,181.08280763590477,48983000
2024-05-10,181.8151397705078,183.8413711732151,180.90134794922002,183.65265049654158,50759500
2024-05-13,185.02333068847656,185.8378061410755,183.37452561798457,184.18900107058352,72044800
2024-05-14,186.16555786132812,187.02969899838186,185.0332491027049,186.245019986336,52393600
2024-05-15,188.4401397705078,189.3638586651008,186.1059869360216,186.64235255391958,70400000
2024-05-16,188.55931091308594,189.81082048816586,188.3805324914181,189.1850657006259,52845200
2024-05-17,188.58912658691406,189.52278774440742,187.903778922122,188.23155455119007,41282900
2024-05-20,189.75123596191406,190.6253043247416,187.73493157063496,188.0527801228825,44361300
2024-05-21,191.05239868164062,191.42982486744873,189.63203768676544,189.80088903544183,42309400
2024-05-22,189.61216735839844,191.51922822288097,188.9864276944718,190.97293553544338,34648500
2024-05-23,185.61927795410156,189.71147882549133,185.3709645001415,189.6916095055364,51005900
2024-05-24,188.6983642578125,189.2943226367172,186.771449342652,187.54620129756856,36327000
2024-05-28,188.70831298828125,191.69800175645932,187.82431762786635,190.21804799663707,52280100
2024-05-29,189.00628662109375,190.95307102285372,188.23154975607,188.33088121296123,53068000
2024-05-30,189.99952697753906,190.88352231957748,189.34399093884022,189.47310363654154,49889100
2024-05-31,190.9530487060547,191.2708972062775,188.62883838261533,190.14851552916033,75158300
2024-06-03,192.72105407714844,193.67458449503022,191.22124613590765,191.5986723140291,50080500
2024-06-04,193.03890991210938,194.00236744942592,191.72780743235197,193.3269468870457,47471400
2024-06-05,194.5486297607422,195.5716800296083,193.55537589536917,194.08179923154876,54156800
2024-06-06,193.1680145263672,195.17439165110096,192.86010824182844,194.36985841579607,41181800
2024-06-07,195.56175231933594,195.6114180436154,192.83030419832767,193.33685821193552,53103900
2024-06-10,191.8171844482422,195.96899354752293,190.8537269722117,195.57168290202756,97010200
2024-06-11,205.7525177001953,205.7624599378956,192.32373729563466,192.34359145933493,172373300
2024-06-12,211.63259887695312,218.7144883134223,205.50420946534445,205.97103997359795,198134300
2024-06-13,212.7947235107422,215.2877853731434,210.17253378994005,213.29135046662026,97862700
2024-06-14,211.05653381347656,213.71844708080008,209.87455920751867,212.40735976944958,70122700
2024-06-17,215.20831298828125,217.47293058672338,211.28496325493592,211.93057220447776,93728300
2024-06-18,212.8443603515625,217.15509356895643,211.56306955662498,216.12210108008887,79943300
2024-06-20,208.26548767089844,212.79473855973384,207.4411002029893,212.4868170943974,86172500
2024-06-21,206.09027099609375,210.46058238700795,205.71282963889428,208.97070143703453,241805100
2024-06-24,206.73587036132812,211.2651058128792,205.19632375372012,206.3187055335118,80727000
2024-06-25,207.65960693359375,209.95402109263304,207.20270345608853,207.73905391104032,55549700
2024-06-26,211.8114013671875,213.41054080672134,209.2190079939271,210.07320698316605,66213200
2024-06-27,212.65567016601562,214.28460598729217,210.91747580739147,213.24168634094727,49772700
2024-06-28,209.19912719726562,214.6123729638464,208.8812938369491,214.31439376890182,82542700
2024-07-01,215.28778076171875,216.0426482623776,210.4903626519942,210.65921399467373,60402900
2024-07-02,218.78402709960938,218.89328562800327,213.6489065767971,214.6918109818244,58046200
2024-07-03,220.0553741455078,220.0553741455078,217.55237042000067,218.51582778223576,37369800
2024-07-05,224.81307983398438,224.92233836715073,220.15471670620812,220.15471670620812,60412400
2024-07-08,226.28311157226562,226.31290797690275,221.7439339584199,225.55802531049062,59085900
2024-07-09,227.1372833251953,227.85242731023644,224.84286935479298,226.3923429370984,48076100
2024-07-10,231.40829467773438,231.50762613234983,227.70346178953022,227.75312751683794,62627700
2024-07-11,226.03480529785156,230.82228138425162,224.24694518340354,229.82902744909742,64710600
2024-07-12,228.98475646972656,231.07059580434316,227.13730353661973,227.3756899381295,53046500
2024-07-15,232.81871032714844,235.62962070976812,231.5175501306247,234.88468027763452,62631300
2024-07-16,233.23587036132812,234.67608537579065,230.7626628820321,233.4146487749432,43234300
2024-07-17,227.33595275878906,229.8985495862513,225.11105861290636,227.90209958898402,57345900
2024-07-18,222.66766357421875,228.88544301040346,220.77056004528671,228.7265187407576,66034600
2024-07-19,222.79678344726562,225.2699911539264,221.77373312637206,223.30335264411235,49151500
2024-07-22,222.44915771484375,226.24337986146955,221.58501648633228,225.47857008869346,48201800
2024-07-23,223.49205017089844,225.40903804109774,221.17776681088287,222.8563682936816,39960300
2024-07-24,217.06570434570312,223.2834835656707,215.66522784122517,222.48887740092556,61777600
2024-07-25,216.0227813720703,219.36011485373604,213.17213256832727,217.45305415919788,51391200
2024-07-26,216.4896240234375,218.0093012590926,214.55276681781487,217.22462220056258,41601300
2024-07-29,216.7677459716797,217.82059272630025,214.294538197557,215.49638213713573,36311800
2024-07-30,217.32394409179688,218.84362126060284,214.66201590891492,217.71131248471113,41643800
2024-07-31,220.58181762695312,222.31008478832948,219.14160257039833,219.94613576688096,50036300
2024-08-01,216.8869171142578,222.96562598955987,215.5559605569344,222.85636745689294,62501000
2024-08-02,218.37681579589844,224.07809897050203,216.24132584869807,217.67159881719564,105568600
2024-08-05,207.85824584960938,212.0597055615941,194.6777624827749,197.74691336614487,119548600
2024-08-06,205.83200073242188,208.5733911865651,199.7135682482994,203.91502798694503,69660500
2024-08-07,208.40452575683594,212.1987475040528,204.9976572409954,205.50421123787663,63516400
2024-08-08,211.87100219726562,212.75499762550604,207.42122864939222,211.67235443417223,47161100
2024-08-09,214.78123474121094,215.31758519349225,210.5400362270979,210.66916408754707,42201600
2024-08-12,216.31260681152344,218.28152162650582,214.39341520959198,214.86078610016068,38028100
2024-08-13,220.0316619873047,220.64818728863202,217.7843004144017,217.7843004144017,44155300
2024-08-14,220.4791717529297,221.78183806687042,218.4704721927748,219.33561365974072,41960600
2024-08-15,223.46237182617188,224.08885093177264,221.51333414952188,223.3430482530648,46414000
2024-08-16,224.78492736816406,225.56056092969672,222.39834972442236,222.66684293368954,44340200
2024-08-19,224.62583923339844,224.72528566746527,221.79178276984416,224.45679243420122,40687800
2024-08-20,225.2423553466797,225.89866536829538,224.18828995199718,224.50650638916653,30299000
2024-08-21,225.13294982910156,226.70410920432383,223.7905141872767,225.25228856886343,34765500
2024-08-22,223.27345275878906,227.06212827891838,222.64697359696132,226.51520323076682,43695300
2024-08-23,225.57049560546875,226.9427773475752,223.07454817990703,224.39710671028325,38677300
2024-08-26,225.90858459472656,226.00803101617393,222.6370036872603,225.490936936756,30602200
2024-08-27,226.75384521484375,227.5692634267734,223.63141860700006,224.73520717839608,35934600
2024-08-28,225.22247314453125,228.57360836626125,224.41699349604747,226.64446298605537,38052200
2024-08-29,228.50399780273438,231.61648594304322,227.5991020536236,228.8122756660522,51906300
2024-08-30,227.7184295654297,229.1105885676507,226.20693181059323,228.9017723040151,52990800
2024-09-03,221.5232696533203,227.71839914572155,219.93221800041218,227.27092061002648,50190600
2024-09-04,219.61402893066406,220.53881694406624,216.2628786668988,220.41949337418052,43840200
2024-09-05,221.1354522705078,224.2180939758369,220.28026466484505,220.3896496553389,36615400
2024-09-06,219.584228515625,223.9794909727234,218.54010161402243,222.69670172483006,48423000
2024-09-09,219.67369079589844,220.03167667908036,215.49719894103853,219.58419811845144,67180000
2024-09-10,218.878173828125,220.2405018848782,215.517084853391,217.69483113354613,51591000
2024-09-11,221.4138946533203,221.8414808899648,216.670585544778,220.22061344649163,44587100
2024-09-12,221.5232696533203,222.29890316142993,218.58978239332697,221.25477646254603,37455600
2024-09-13,221.25479125976562,222.78616606005667,220.66809680320824,222.32874892129448,36766600
2024-09-16,215.10939025878906,216.00434741371936,212.72281255665072,215.32814508742544,59357400
2024-09-17,215.5767364501953,215.6861214463737,213.2995590231644,214.54256344637628,45519300
2024-09-18,219.45492553710938,221.46362499015893,216.322545198334,216.33249894497217,59894900
2024-09-19,227.58914184570312,228.53383738270648,223.37288038958053,223.7308662842885,66781300
2024-09-20,226.92288208007812,231.78551472560144,226.34612621296694,228.68298057338347,318679900
2024-09-23,225.20257568359375,228.16589404695566,224.54626569168985,226.06770192621624,54146000
2024-09-24,226.0975341796875,228.06646416724695,224.4667129366972,227.37036953161189,43556100
2024-09-25,225.10311889648438,226.01796830972677,222.76627973963284,223.6711754067507,42308700
2024-09-26,226.24668884277344,227.2212000254045,224.1484968482946,226.02791885863684,36636700
2024-09-27,226.51516723632812,228.2354962210898,226.02791923090672,227.18143093581907,34026000
2024-09-30,231.69602966308594,231.69602966308594,228.3647716650959,228.75258844686658,54541900
2024-10-01,224.94403076171875,228.36476618305377,222.4878528116685,228.2355040411627,63285000
2024-10-02,225.51083374023438,226.09752818761766,221.771881889721,224.62581519597003,32880600
2024-10-03,224.4070281982422,225.54064754177273,222.07018915877285,223.87999557549335,34044200
2024-10-04,225.53074645996094,226.72402778202942,222.87569058700512,226.62458134960903,37245100
2024-10-07,220.44932556152344,224.4269397639463,220.09133967636964,223.24359711098245,39505400
2024-10-08,224.50650024414062,224.71531649859696,222.00059897690352,223.0447257693685,31855700
2024-10-09,228.25540161132812,228.4642330490597,223.57176903047048,223.96952441146985,33591100
2024-10-10,227.75819396972656,228.21562630222516,225.89866409237993,226.50525089558744,28183500
2024-10-11,226.2765350341797,228.12612627842185,226.0677036085129,228.0167412789572,31759200
2024-10-14,230.0055389404297,230.43312517401645,227.32065245091678,227.42008369962844,39882100
2024-10-15,232.54127502441406,236.16090332060597,231.0695468532438,232.30261271123658,64751400
2024-10-16,230.4828643798828,230.82095796107367,228.5537189749549,230.30387901574463,34082200
2024-10-17,230.8507843017578,232.5412825211578,229.22991678936268,232.12361966628396,32993800
2024-10-18,233.68482971191406,234.8582185948981,232.7003647541102,234.8582185948981,46431500
2024-10-21,235.15655517578125,235.52449481958178,233.13791711516282,233.13791711516282,36254500
2024-10-22,234.54002380371094,234.89800969153723,231.29827366695753,232.5810475805218,38846600
2024-10-23,229.4685516357422,233.8240439244486,226.48534106504323,232.76997861721128,52287000
2024-10-24,229.27964782714844,229.52824872985036,227.13173238618916,228.69293816499177,31109500
2024-10-25,230.11492919921875,231.91479719738325,228.28523030841902,228.45427709115,38802300
2024-10-28,232.0937957763672,233.4163543943246,231.24856181455635,232.0142568404043,36087100
2024-10-29,232.36228942871094,233.01859945208068,231.01985366097637,231.7954872619061,35417200
2024-10-30,228.812255859375,232.1633908639167,228.26533088908346,231.30820323038637,47070900
2024-10-31,224.64572143554688,228.54378173572667,224.10873499320775,228.05651850818114,64370100
2024-11-01,221.66249084472656,224.08883784550613,219.03726617591775,219.7333456007168,65276700
2024-11-04,220.76751708984375,221.54315061130296,218.4804011628397,219.75323643771605,44944500
2024-11-05,222.19947814941406,222.6966799421733,219.90240829460964,220.55871830266648,28111300
2024-11-06,221.4735565185547,224.80481443000403,219.95212032394844,221.36417152277414,54561100
2024-11-07,226.20692443847656,226.6046949785728,223.31322152292373,223.37288331058951,42137700
2024-11-08,225.93814086914062,227.63048374280507,225.39061415381417,226.1471868576639,38328800
2024-11-11,223.22042846679688,224.68381119249955,220.50272420052974,223.98696589218596,42005600
2024-11-12,223.22042846679688,224.5743058460154,222.354350392842,223.53899499841924,40398300
2024-11-13,224.10643005371094,225.629540269826,221.75705495073464,223.00142703514817,48566200
2024-11-14,227.19247436523438,227.83954176018094,223.9869707245471,224.0068849307252,44923900
2024-11-15,223.98695373535156,225.89830725108274,223.26024476090137,225.38064426033654,47923700
2024-11-18,226.99337768554688,228.70563485331775,224.15620331601912,224.2358449505769,44633700
2024-11-19,227.25218200683594,229.12372228231885,225.63948081886542,225.9580321395358,36211800
2024-11-20,227.9689483642578,228.89475383274825,224.8729502483013,227.0331781982001,35169600
2024-11-21,227.49111938476562,229.1237348668511,224.69377351516385,227.8494991340082,42108300
2024-11-22,228.8350372314453,229.6812162999479,227.03318893672346,227.03318893672346,38168300
2024-11-25,231.82151794433594,232.19981188776785,228.70562083004268,230.41787789282506,90152800
2024-11-26,234.0016632080078,234.50937670519198,232.27945661483375,232.27945661483375,45986200
2024-11-27,233.87225341796875,234.62884134649127,232.75730092131053,233.41433300973634,33498400
2024-11-29,236.26145935058594,236.73929396987336,232.91658663539664,233.75280101667178,28481400
2024-12-02,238.51126098632812,239.70585504150458,236.0922091638524,236.20171450499868,48137100
2024-12-03,241.55747985839844,241.66698519896212,237.82436396202866,238.73027039850206,38861000
2024-12-04,241.91586303710938,243.01091645834052,240.16379275322726,241.77649398259703,44383900
2024-12-05,241.9457244873047,243.43897085315564,241.0398332364883,242.891459337747,40033900
2024-12-06,241.7466278076172,243.52857697582414,240.99005511798387,241.81631992920728,36870600
2024-12-09,245.6390380859375,246.12683738886614,240.6615499788263,240.74119161135067,44649200
2024-12-10,246.65443420410156,247.09245556004478,244.23536723926503,245.7783914922151,36914800
2024-12-11,245.3802032470703,249.67079537394437,245.15122786747497,246.8435859006099,45205800
2024-12-12,246.84359741210938,247.62008434324935,244.57384885559844,245.77840766369866,32777500
2024-12-13,247.01283264160156,248.16759835190283,245.13134272203925,246.70423080565516,33155300
2024-12-16,249.9097137451172,250.2481944775453,246.53497744922532,246.87345818165343,51694800
2024-12-17,252.33872985839844,252.68716009783537,248.655391740455,248.95404406138837,51356400
2024-12-18,246.9331817626953,253.13512753347695,246.62457993830327,251.02467749046986,56774100
2024-12-19,248.6653594970703,250.86541605964533,245.97751879159193,246.38567648715164,60882300
2024-12-20,253.3441925048828,253.8518908180873,244.58381048961357,246.92322076153135,147495300
2024-12-23,254.1206817626953,254.49896052911285,252.30886880268173,253.62293295259332,40858800
2024-12-24,257.0375061035156,257.04744042152294,254.14058909817473,254.3397007808045,23234700
2024-12-26,257.853759765625,258.9289141129315,256.47003399402934,257.0275101814573,27237100
2024-12-27,254.43923950195312,257.53525297634997,251.92063167469624,256.66914450564,42355300
2024-12-30,251.0644989013672,252.3586488565982,249.62103037787767,251.0943626150189,35557500
2024-12-31,249.2925262451172,252.13965020658335,248.30697807727114,251.30343580421712,39480700
2025-01-02,242.75210571289062,247.97846832553566,240.73124671787497,247.80922035937212,55740700
2025-01-03,242.26429748535156,243.08059762167903,240.80091479245596,242.26429748535156,40244100
2025-01-06,243.89691162109375,246.21642284830082,242.10501290585998,243.2100158477468,45045600
2025-01-07,241.11949157714844,244.44445006993732,240.2633629937866,241.8860138278822,40856000
2025-01-08,241.6072540283203,242.61271628247306,238.96919157849698,240.83076714912374,37628900
2025-01-10,235.7836151123047,239.0787097724967,231.95094323601768,238.9293760168756,61710900
2025-01-13,233.34463500976562,233.61342361918983,228.68571346021633,232.47855694506205,49630700
2025-01-14,232.22967529296875,235.05688478727922,231.4233246799516,233.69305795736565,39435300
2025-01-15,236.7989959716797,237.88409983929475,233.37448198930954,233.58354315722423,39832000
2025-01-16,227.2322998046875,236.93840239126823,227.00333958663936,236.2813854529523,71759100
2025-01-17,228.94451904296875,231.2441159203825,227.45127273918456,231.0748831620974,68488300
2025-01-21,221.63758850097656,223.40957304130882,218.39227174297113,222.99146586562136,98070400
2025-01-22,222.8222198486328,223.11090745632038,218.80040121474653,218.80040121474653,64126500
2025-01-23,222.6529998779297,226.00782197454978,221.29912251598503,223.72813912330528,60234800
2025-01-24,221.77694702148438,224.614121166801,220.4131202139208,223.76794215782238,54697900
2025-01-27,228.8250732421875,231.10475600574816,222.9715426392062,223.01137104866308,94863400
2025-01-28,237.18727111816406,239.10858953414348,229.7708164605127,229.81064487405342,75707600
2025-01-29,238.28231811523438,238.78006694024197,232.95639961161774,233.06590496072297,45486100
2025-01-30,236.520263671875,239.70585285329432,236.14198492507634,237.59540286874542,55658300
2025-01-31,234.93743896484375,246.07705979363328,232.38896748106293,246.07705979363328,100959800
2025-02-03,226.9833984375,230.78620649590428,224.6838014511222,228.95449458875606,73063300
2025-02-04,231.75184631347656,232.08036234711574,225.62952690670866,226.2268315478868,45067300
2025-02-05,231.42333984375,231.62243633567465,227.24225275297744,227.50107667347064,39620300
2025-02-06,232.16995239257812,232.74734282564026,229.39250557129796,230.24863411824003,29925300
2025-02-07,226.60511779785156,232.94643248808816,226.23677336593994,231.5527419594936,39707200
2025-02-10,226.8741912841797,229.80417456619486,226.42572786906877,228.7876615470872,33115600
2025-02-11,231.8272705078125,234.42837673351212,227.3525813044295,227.42233485023965,53718400
2025-02-12,236.06277465820312,236.15247950770552,229.89386689621963,230.41209906543347,45243300
2025-02-13,240.70687866210938,241.5141157963719,234.76719850951847,236.10262821821914,53614100
2025-02-14,243.76646423339844,244.71322380546283,240.16876569412125,240.427874198087,40896200
2025-02-18,243.6368865966797,244.34445851454996,241.01584434943877,243.31796980618805,48822500
2025-02-19,244.03549194335938,245.17160627919233,242.3313280430039,243.8262161273519,32204200
2025-02-20,244.9922332763672,245.9389927126525,243.45747295470235,244.1052669318995,32316900
2025-02-21,244.71319580078125,247.84249441981407,244.38431857946645,245.11182656230832,53197400
2025-02-24,246.25791931152344,248.01191597096326,243.58704451830639,244.0953010258401,51326400
2025-02-25,246.1981201171875,249.14803959700342,244.0753891604379,247.15485528022737,48013300
2025-02-26,239.5408935546875,244.14514449402503,238.3150894487839,243.49736566903925,44433600
2025-02-27,236.49131774902344,241.6337368385667,236.25213016109495,238.5941277716784,41153600
2025-02-28,241.01583862304688,241.26498665715278,229.41550676334808,236.14250368420718,56833400
2025-03-03,237.2188262939453,243.1983791446907,235.30537120652147,240.96600727263495,47184000
2025-03-04,235.1259765625,239.25188262538288,233.88023638606123,236.89992456399492,53798100
2025-03-05,234.93663024902344,235.7438674276595,228.44880585950324,234.61771347352882,47227600
2025-03-06,234.52804565429688,237.0494227188423,232.36544239217005,233.64107919926062,45170400
2025-03-07,238.2552947998047,240.54744460053885,233.95996981993864,234.30878315837532,46273600
2025-03-10,226.70477294921875,235.35520052510583,223.45588808739058,234.73730306532093,72071200
2025-03-11,220.08741760253906,225.07037859810526,216.70897065581676,223.0472976504486,76137400
2025-03-12,216.24057006835938,220.99431909322652,214.17763213362198,219.38980505207962,62547500
2025-03-13,208.96542358398438,216.10102664759694,207.70972301630272,215.21406028960521,61368300
2025-03-14,212.76246643066406,213.22089031000854,208.86578742228792,210.53009451028822,60107600
2025-03-17,213.27072143554688,214.48656508270392,209.25445626243933,212.58307041465437,48073400
2025-03-18,211.96519470214844,214.4168029665515,210.76928711901598,213.43018643369246,42432400
2025-03-19,214.50650024414062,218.01449366985423,213.02157246340184,213.4899719913265,54385400
2025-03-20,213.37037658691406,216.74882322763474,211.4967785561088,213.2607508466693,48862900
2025-03-21,217.52618408203125,218.09423372936246,210.55999911901452,210.8390437188948,94127800
2025-03-24,219.977783203125,220.7252273230714,217.83511614199446,220.24686734420678,44299500
2025-03-25,222.98748779296875,223.3363011191594,219.32999652191663,220.0176475207108,34493600
2025-03-26,220.77505493164062,224.25316696482244,219.71866969932233,222.7483031053444,34466100
2025-03-27,223.08717346191406,224.22328797900445,219.8083765580053,220.63554992146092,37094800
2025-03-28,217.15740966796875,223.04727255158852,216.93815819229235,220.91456609374504,39818600
2025-03-31,221.37301635742188,224.8511131847691,215.49311362240712,216.27045427307317,65299300
2025-04-01,222.4293975830078,222.91771798921508,218.15400887457568,219.06091135294477,36412700
2025-04-02,223.12701416015625,224.4225869866718,220.2667995775576,220.56578026164416,35905900
2025-04-03,202.49755859375,206.78290782089874,200.56416741637668,204.83954098981803,103419000
2025-04-04,187.738037109375,199.19884701911502,186.70157274086588,193.2292544699453,125910900
2025-04-07,180.84161376953125,193.48835506739644,174.02491207450518,176.59612158290105,160466300
2025-04-08,171.83242797851562,189.69135865616965,168.63337548243626,186.0637635998773,120859500
2025-04-09,198.17234802246094,199.926344669284,171.30421792842867,171.3640110222038,184395900
2025-04-10,189.7710723876953,194.11621470149436,182.37636057603893,188.42568213047016,121880000
2025-04-11,197.4747314453125,198.85999394662434,185.42593581806156,185.46580802047046,87435900
2025-04-14,201.82984924316406,212.2143377637297,200.47448329230923,210.7194495182335,101352900
2025-04-15,201.4511260986328,202.81645240683693,199.11910423874315,201.1720815277121,51343900
2025-04-16,193.6079559326172,200.01603598224625,191.71442177543545,197.68401406478426,59732400
2025-04-17,196.3087158203125,198.15241736523095,193.75744237056688,196.5279673080365,52164700
2025-04-21,192.50172424316406,193.13954254760668,189.16313478921086,192.61134997705832,46742500
2025-04-22,199.059326171875,200.9030125684292,195.3021694205859,195.45165216386687,52976400
2025-04-23,203.90274047851562,207.29114738184992,202.10887173866126,205.29796327240905,52929200
2025-04-24,207.659912109375,208.11835121294007,202.2484237558185,204.1917755069081,47311000
2025-04-25,208.56680297851562,209.0352025034097,205.49729734578435,205.66671618569228,38222300
2025-04-28,209.4238739013672,210.77923983434187,206.7530142372406,209.2843516085664,38743100
2025-04-29,210.490234375,211.51672307140856,207.6599011161091,207.978817902887,36827600
2025-04-30,211.7758331298828,212.8521544830753,205.96569903614,208.58674127234366,52286500
2025-05-01,212.59304809570312,213.82881264887993,208.18809734114114,208.3674918385056,57365700
2025-05-02,204.65020751953125,206.28461806468735,201.4710760745947,205.38767599056177,101010600
2025-05-05,198.21221923828125,203.4044712176219,197.5345438511527,202.40787903175757,69018500
2025-05-06,197.83349609375,199.96620262041338,196.34858356859348,197.5345306234426,51216500
2025-05-07,195.58120727539062,198.7603386318323,192.59143085844198,198.49125449640593,68536700
2025-05-08,196.81698608398438,199.3682595147921,194.0165494128041,197.04619801698016,50478900
2025-05-09,197.8534393310547,199.85658408831688,196.86680762308345,198.32183886048443,36453900
2025-05-12,210.3471221923828,210.82612467262763,206.31561695740214,210.52675192915717,63775800
2025-05-13,212.48263549804688,212.95164926547025,208.56089957562318,209.98788789546765,51909300
2025-05-14,211.8839111328125,213.49052924285678,210.1375877621875,211.98369190366654,49325800
2025-05-15,211.00575256347656,212.51258988469863,209.0997617101353,210.506803034962,45029500
2025-05-16,210.81614685058594,212.12340739052024,209.3292870180407,211.9138418912236,54737900
2025-05-19,208.3413543701172,209.0398806327114,203.83084657536088,207.47318710280226,46140500
2025-05-20,206.42539978027344,208.03201787298204,204.5992426766309,207.23369558110693,42496600
2025-05-21,201.66542053222656,206.6050179110669,200.2883301620853,204.7389515122616,59211800
2025-05-22,200.93695068359375,202.32402973584547,199.28043462788855,200.28832240028711,46742400
2025-05-23,194.8597412109375,197.28462846236872,193.05354646446796,193.2630967266574,78432900
2025-05-27,199.78936767578125,200.31825293342968,197.01519441683536,197.88337691051132,56288500
2025-05-28,199.99893188476562,202.3040763244224,199.48002009942556,200.16857290124128,45339700
2025-05-29,199.5299072265625,203.38179807643976,198.09293019267844,203.15228556391767,51396800
2025-05-30,200.4280242919922,201.53569281345096,196.36656797106642,198.95112277889336,70819900
2025-06-02,201.27622985839844,201.70533435611304,199.69954757512772,199.85921507319503,35423300
2025-06-03,202.8429412841797,203.34189080211323,200.53779694760377,200.92697696252267,46381600
2025-06-04,202.3938751220703,205.80668775064265,201.67538665008354,202.4836823743862,43604000
2025-06-05,200.20848083496094,204.3198198340372,199.72947835269025,203.07244608657666,55126100
2025-06-06,203.49156188964844,205.26782088834017,201.62549563553227,202.57349663849442,46607700
2025-06-09,201.02674865722656,205.56719211084615,199.59976040917107,203.96057412654167,72862600
2025-06-10,202.24420166015625,203.92068000712237,200.14862275986277,200.17855851367187,54672600
2025-06-11,198.36236572265625,204.07034932786254,197.99314795828434,203.0724503091444,60989900
2025-06-12,198.78147888183594,199.26046614106752,196.94534836583952,198.66173587371065,43904600
2025-06-13,196.03726196289062,199.9490243445518,195.2888376882346,199.3103695725812,51447300
2025-06-16,198.0031280517578,198.27256505925683,196.1470352061455,196.8854859861783,43020700
2025-06-17,195.2289581298828,197.97318035709665,194.79986887227625,196.78567812068002,38856200
2025-06-18,196.1669921875,197.15491770400297,194.66017014117494,195.52833742048526,45394700
2025-06-20,200.5777130126953,201.27623931614946,196.44641147314488,197.82351706190548,96813500
2025-06-23,201.07664489746094,201.87496712850407,198.54198818263384,201.20637663769034,55814300
2025-06-24,199.87918090820312,203.0125832870988,199.77938491343542,202.16436301176623,54064000
2025-06-25,201.1365203857422,203.24208788881052,200.19849288768373,201.02675088646447,39525700
2025-06-26,200.5777130126953,202.2142668779585,199.04095514509618,201.00680230384165,50799100
2025-06-27,200.6575469970703,202.79305039965564,199.57981417332658,201.46584280819525,73188600
2025-06-30,204.7389373779297,206.95427439094752,198.84135059390303,201.58557286233471,91912800
2025-07-01,207.3833770751953,209.74839282792448,205.70689884063935,206.23578409144605,78788900
2025-07-02,211.99366760253906,212.8917706186518,207.7026988246806,208.47108532398713,67941800
2025-07-03,213.10133361816406,214.1990133776075,211.3649838836884,211.70426588787655,34955800
2025-07-07,209.50889587402344,215.77570049162512,208.36131809352125,212.23315593085263,50229000
2025-07-08,209.5687713623047,210.98578616820197,208.01205130024096,209.658593847986,42848900
2025-07-09,210.69639587402344,210.8859991217609,206.78463359109693,209.0897778625777,48749400
2025-07-10,211.9637451171875,213.03148920420767,209.58874045798783,210.06772774811225,44443600
2025-07-11,210.7163543701172,211.68431760849728,209.41908263784933,210.12759762046792,39765800
2025-07-14,208.1816864013672,210.46688365912564,207.10395364435493,209.48893166698292,38840100
2025-07-15,208.67066955566406,211.44482767792792,208.48106630115817,208.7804390594974,42296300
2025-07-16,209.7184600830078,211.9537441254909,208.20164932080104,209.85816533566302,47490500
2025-07-17,209.57875061035156,211.3550095983717,209.14964612579556,210.12759810142074,48068100
2025-07-18,210.73631286621094,211.34503189230253,209.25942654413325,210.42696659875526,48974600
2025-07-21,212.03358459472656,215.32665448510335,211.18537954340883,211.65439331220318,51377400
2025-07-22,213.9495391845703,214.49838667908332,211.78410018506472,212.69219192810166,46404100
2025-07-23,213.7000732421875,214.69797228179937,211.9637386583707,214.54829351654996,46989300
2025-07-24,213.31089782714844,215.23685093304425,213.08138530657155,213.45060308663847,46022600
2025-07-25,213.43064880371094,214.7877920897316,212.95164630742312,214.24891808809048,40268800
2025-07-28,213.6002960205078,214.39861831079742,212.61237047326716,213.5803337758995,37858000
2025-07-29,210.8261260986328,214.3586818606333,210.37707459375494,213.73000061776605,51411700
2025-07-30,208.6107940673828,211.94377315400357,207.28358653790625,211.454797150492,45512500
2025-07-31,207.1339111328125,209.39913099136336,206.72476887181696,208.0519764228089,80698400
2025-08-01,201.95480346679688,213.13126916468397,201.07664747870345,210.4269561886582,104434500
2025-08-04,202.9227752685547,207.44325668811337,201.25627047720934,204.0803265791815,75109300
2025-08-05,202.49366760253906,204.90858140720596,201.73526982787092,202.97265486934364,44155100
2025-08-06,212.8019561767578,214.9274858636443,205.15804638253505,205.1979708684584,108483100
2025-08-07,219.56771850585938,220.38600300495352,216.12496995802366,218.42014073215765,90224800
2025-08-08,228.86813354492188,230.51466074526758,218.78934791515115,220.36603010589778,113854000
2025-08-11,226.95997619628906,229.33767612130436,224.54232171734583,227.6992650180531,61806100
2025-08-12,229.42758178710938,230.57647717809445,226.8500938879156,227.78917070894937,55626200
2025-08-13,233.10403442382812,234.77241529044048,230.2068337695816,230.8462285986664,69878500
2025-08-14,232.5545654296875,234.89229562265464,230.6264418350812,233.83332460758467,51916300
2025-08-15,231.36570739746094,234.0531046408583,229.11788646444978,233.77337703316005,56038700
2025-08-18,230.66639709472656,232.89423321308522,229.88715369469057,231.47561022214762,37476200
2025-08-19,230.3367156982422,232.64447617946885,229.1278960385577,231.05601964615855,39402600
2025-08-20,225.79110717773438,230.24679444121838,225.55134937034353,229.75726351111018,42263900
2025-08-21,224.68218994140625,226.30063142153253,223.56327948127884,226.05087353353895,30621200
2025-08-22,227.53941345214844,228.8681272027074,225.1916985271248,225.95095699429655,42477800
2025-08-25,226.94000244140625,229.07792927219558,226.01089520624416,226.26065308481304,30983100
2025-08-26,229.08792114257812,229.26775474756235,224.4724002828088,226.65028173376106,54575100
2025-08-27,230.26678466796875,230.676376013076,228.03893336267103,228.38860049855515,31259500
2025-08-28,232.33477783203125,233.18396075811214,229.11789497993007,230.59647266873003,38074700
2025-08-29,231.91517639160156,233.15398096397084,231.145917853049,232.28481317583598,39418400
2025-09-02,229.49752807617188,230.62643860177437,226.75019132336067,229.02798202980685,44075600
2025-09-03,238.2390594482422,238.6186963224971,234.133039090421,236.98028515930878,66427800
2025-09-04,239.5477752685547,239.66765417218173,236.51072617258424,238.21906152531412,47549400
2025-09-05,239.45787048339844,241.08629675958926,238.25903569310344,239.76756781945676,54870400
2025-09-08,237.64962768554688,239.91741830634814,236.11111057683257,239.06825064349684,48999500
2025-09-09,234.123046875,238.5487492683241,233.13400016518182,236.77047435136637,66313900
2025-09-10,226.5703582763672,232.19491077497392,225.73117543382176,231.96513778704139,83440800
2025-09-11,229.80722045898438,230.22681187017153,226.43048902665416,226.66027725307507,50208600
2025-09-12,233.84332275390625,234.28288383192944,228.79821036620638,228.9980136278554,55824200
2025-09-15,236.47076416015625,237.95932665324483,234.80238330570734,236.77047667310174,42699500
2025-09-16,237.9193572998047,240.98639147239973,236.09114297984144,236.9502954777413,63421100
2025-09-17,238.75856018066406,239.86748583209587,237.4997706474641,238.73857528095925,46508000
2025-09-18,237.64962768554688,240.9664044724694,236.4208079152849,239.737599946219,44249600
2025-09-19,245.26223754882812,246.06146581163878,239.9773675285625,240.99636870073516,163741300
2025-09-22,255.8319854736328,256.3914711896616,247.8797028858207,248.05953649140056,105517400
2025-09-23,254.18359375,257.0907792625319,253.33442606621003,255.63220171436936,60275200
2025-09-24,252.06564331054688,255.4923293909784,250.79686899703333,254.9728287261993,42303700
2025-09-25,256.6212158203125,256.9209435623003,251.466224879955,252.96477212582877,55202100
2025-09-26,255.2126007080078,257.3505275669758,253.5342198150173,253.8539172209246,46076300
2025-09-29,254.18359375,254.75304905914027,252.76497075706976,254.31347273152574,40127700
2025-09-30,254.38340759277344,255.67215158054225,252.8648753735947,254.61318058017173,37704300
2025-10-01,255.20260620117188,258.53938316103813,254.6831055272507,254.7929996074261,48713900
2025-10-02,256.8809814453125,257.9299523535748,253.9038565188199,256.33149581258533,42630200
2025-10-03,257.7701110839844,258.9889308017334,253.70406057825727,254.42336451804394,49155600
2025-10-06,256.44140625,258.819106172963,254.80299514816292,257.7401350456914,44664100
2025-10-07,256.23162841796875,257.15072039039774,255.18262697514498,256.56129542181253,31955800
2025-10-08,257.8100891113281,258.2696351050741,255.8619653198879,256.2715719294531,36496900
2025-10-09,253.79396057128906,257.75013209688524,252.8948383011137,257.5603136690899,38322000
2025-10-10,245.032470703125,256.13171175032437,243.76369637579657,254.69310389004832,61999100
2025-10-13,247.42015075683594,249.44818352992385,245.32217845998096,249.13848619669534,38142900
2025-10-14,247.53004455566406,248.60900042906025,244.46301046499008,246.36117950382103,35478000
2025-10-15,249.09852600097656,251.5761352503302,247.2303418581919,249.24838988167792,33893600
2025-10-16,247.21035766601562,248.79881419551728,244.8926123625184,248.00958596667436,39777000
2025-10-17,252.045654296875,253.13461023404025,247.03052706557392,247.77980070207627,49147000
2025-10-20,261.98602294921875,264.1239650925819,255.3824390623343,255.64218177653177,90483000
2025-10-21,262.5155029296875,265.03308188579996,261.5764108568555,261.6263807259345,46695900
2025-10-22,258.19970703125,262.5954395959732,255.18261234613632,262.3956210979312,45015300
2025-10-23,259.3285827636719,260.36758405794774,257.76012648314656,259.68824995662277,32754900
2025-10-24,262.56549072265625,263.87421967110856,258.9290010880386,260.93706434715574,38253700
2025-10-27,268.5496520996094,268.8593494221352,264.3936774471076,264.6234656652487,44888200
2025-10-28,268.7394714355469,269.6286240979669,267.8902885694659,268.7294713644567,41534800
2025-10-29,269.4388122558594,271.1471476128123,266.85129379808274,269.01920560410514,51086700
2025-10-30,271.13714599609375,273.87451306817263,268.2199910571769,271.72657092903916,69886500
2025-10-31,270.108154296875,277.05143573891627,268.89933466249033,276.721738255342,86167100
2025-11-03,268.7894287109375,270.5877038096653,265.9921525413924,270.15812755648943,50194600
2025-11-04,269.7784729003906,271.22705027239556,267.36080327265466,268.0701070960229,49274800
2025-11-05,269.8783874511719,271.43687417180433,266.67147434431234,268.3498399683747,43683100
2025-11-06,269.50872802734375,273.1352174017799,267.6305743388968,267.6305743388968,51204000
2025-11-07,268.2099914550781,272.02629915101613,266.51162568814635,269.5386899523433,48227400
2025-11-10,269.42999267578125,273.7300109863281,267.4599914550781,268.9599914550781,41312400
2025-11-11,275.25,275.9100036621094,269.79998779296875,269.80999755859375,46208300
2025-11-12,273.4700012207031,275.7300109863281,271.70001220703125,275.0,48398000
2025-11-13,272.95001220703125,276.70001220703125,272.0899963378906,274.1099853515625,49602800
2025-11-14,272.4100036621094,275.9599914550781,269.6000061035156,271.04998779296875,47431300
2025-11-17,267.4599914550781,270.489990234375,265.7300109863281,268.82000732421875,45018300
2025-11-18,267.44000244140625,270.7099914550781,265.32000732421875,269.989990234375,45677300
2025-11-19,268.55999755859375,272.2099914550781,265.5,265.5299987792969,40424500
2025-11-20,266.25,275.42999267578125,265.9200134277344,270.8299865722656,45823600
2025-11-21,271.489990234375,273.3299865722656,265.6700134277344,265.95001220703125,59030800
2025-11-24,275.9200134277344,277.0,270.8999938964844,270.8999938964844,65585800
2025-11-25,276.9700012207031,280.3800048828125,275.25,275.2699890136719,46914200
2025-11-26,277.54998779296875,279.5299987792969,276.6300048828125,276.9599914550781,33431400
2025-11-28,278.8500061035156,279.0,275.989990234375,277.260009765625,20135600
2025-12-01,280.9800109863281,281.0400085449219,276.1400146484375,278.1499938964844,17823866
