Price,Close,High,Low,Open,Volume
Ticker,MSFT,MSFT,MSFT,MSFT,MSFT
Date,,,,,
2015-12-07,48.86782455444336,49.0079221046974,48.41250668107046,48.850311943137974,30709800
2015-12-08,48.85031509399414,49.12175223626274,48.14982729754232,48.57011997541341,32878000
2015-12-09,48.14105987548828,48.92035260489798,47.729521914487755,48.48254740049355,36373200
2015-12-10,48.39499282836914,48.73648038959194,48.167332227427956,48.50006515331716,31775800
2015-12-11,47.335506439208984,48.246138851575566,47.291723240571635,47.904651279414466,39549500
2015-12-14,48.28116989135742,48.34246236860736,47.00277916558814,47.571927414554075,46768900
2015-12-15,48.33369827270508,48.94662626543971,48.23738058725107,48.73647828443198,39843000
2015-12-16,49.14802169799805,49.25309403000909,47.94843282513092,48.631411333675715,37503300
2015-12-17,48.771507263183594,49.725922875942125,48.62265173595897,49.3494100802546,41280900
2015-12-18,47.39680862426758,49.034199715219074,47.30924554923368,48.832809652925775,84684200
2015-12-21,48.00971984863281,48.46503431739338,47.48435160437365,48.05349970060726,37246300
2015-12-22,48.46504211425781,48.578872419854825,47.720774490391584,48.149825125217774,28322200
2015-12-23,48.876583099365234,48.92912093748361,48.54385013832754,48.77151076331783,27279800
2015-12-24,48.74524688720703,48.99917479613199,48.53510218617174,48.91161506073225,9558500
2015-12-28,48.99040985107422,48.99040985107422,48.14106656760164,48.465041528644015,22458300
2015-12-29,49.51578140258789,49.77846392855861,49.08673405621328,49.28812410413048,27731400
2015-12-30,49.30564498901367,49.717179790667466,49.28813237231924,49.445742582379026,21704500
2015-12-31,48.57889938354492,49.20058241115109,48.52636151944923,49.06924276119836,27334100
2016-01-04,47.98345947265625,47.98345947265625,46.74884867928611,47.56316679195464,53778000
2016-01-05,48.20236587524414,48.500073631462364,47.755805911011585,48.097293531928756,34079700
2016-01-06,47.326759338378906,47.63322509831605,46.96775907230785,47.56317463655104,39518900
2016-01-07,45.68058395385742,46.836392526838665,45.5930242672047,46.14465964564312,56564900
2016-01-08,45.82069396972656,46.65252118001623,45.663083830049054,45.855715847285985,48754000
2016-01-11,45.79443359375,46.27601875446898,45.05892055804105,45.9783110176299,36943800
2016-01-12,46.214725494384766,46.49492061368418,45.58428814605573,46.19721288190489,36095500
2016-01-13,45.216529846191406,47.34426382419103,44.91882211519012,47.107848566614486,66883600
2016-01-14,46.5036735534668,46.7751106670338,45.15523260026212,45.53174537732822,52381900
2016-01-15,44.64738845825195,45.50548649337345,44.07824020037638,44.92758359869205,71820700
2016-01-19,44.2708740234375,45.251556979788205,43.83306871468582,45.07643418824965,43564500
2016-01-20,44.47226333618164,44.98887372565408,42.99247927911872,43.76301754515323,63273000
2016-01-21,44.20082092285156,45.16399454851902,44.0432107539276,44.65613881749976,40191200
2016-01-22,45.785675048828125,45.82070027139313,44.88379393881916,45.015136853343385,37555800
2016-01-25,45.347862243652344,46.10088770258774,45.22527732525607,45.47920179613899,34707700
2016-01-26,45.68058395385742,45.91699911604532,45.13770654819704,45.347854472426704,28900800
2016-01-27,44.848777770996094,45.70687579204162,44.6736549760463,45.540507633754046,36775200
2016-01-28,45.58428955078125,45.71562913814373,44.875043754342,45.4091667607752,62513800
2016-01-29,48.23738479614258,48.23738479614258,47.282969173659296,47.92216446722125,83611700
2016-02-01,47.90465545654297,48.23738842210328,47.72077803091334,48.053510996473655,44208500
2016-02-02,46.40735626220703,47.5106240168707,46.10089392485295,47.431818938666936,56313800
2016-02-03,45.671844482421875,46.748845018671965,44.88379368019544,46.626260080589866,57559800
2016-02-04,45.5317497253418,46.24099549083929,44.980114129954856,45.619309446430215,46987100
2016-02-05,43.920623779296875,45.531747278130595,43.395258800624845,45.47920944418777,62009000
2016-02-08,43.26393508911133,43.40403270162059,42.19568870610914,43.38652008253311,59290500
2016-02-09,43.150089263916016,43.99067797777376,42.61596626392172,42.92243197778517,46740500
2016-02-10,43.5265998840332,44.12201532860222,43.3602350810642,43.68421005113613,38237000
2016-02-11,43.509098052978516,43.876856314073095,42.47587707492759,42.62473264304849,48878600
2016-02-12,44.21834182739258,44.37595202587372,43.5616337804511,43.99943914507875,34243300
2016-02-16,45.05613327026367,45.05613327026367,44.20951266818602,44.888573994072644,37291200
2016-02-17,46.22905731201172,46.53772340194502,45.37361917311242,45.40889587439132,40789000
2016-02-18,46.02622604370117,46.69646998001616,45.94685513977365,46.149694510833115,27176000
2016-02-19,45.699920654296875,46.10559263008327,45.44416961401664,45.832206603178776,33559100
2016-02-22,46.4318962097168,46.74055893247022,46.10559177232447,46.10559177232447,25008300
2016-02-23,45.13550567626953,46.184962289210276,44.959125537209644,46.15850644581126,28895300
2016-02-24,45.294254302978516,45.41771940970828,44.27125337899662,44.70338125255081,33014500
2016-02-25,45.94686508178711,45.94686508178711,44.63283949975614,45.62056390133393,26939500
2016-02-26,45.24134063720703,46.458360117340035,45.064960466087875,46.38780670322359,35975900
2016-02-29,44.870948791503906,45.55001031635517,44.67693025178291,45.285438357036654,31654000
2016-03-01,46.37016677856445,46.378984272304564,44.90621386900832,44.95031143022364,33024500
2016-03-02,46.69646072387695,46.705278216267,45.999761079076016,46.22023539470889,29289900
2016-03-03,46.167320251464844,46.714098975295954,45.6646390820051,46.714098975295954,24427800
2016-03-04,45.885108947753906,46.25550751069565,45.60290212083198,46.211413324771115,33034200
2016-03-07,45.003211975097656,45.682273206737726,44.60636093582022,45.470619767679196,38407800
2016-03-08,45.54999923706055,45.97330955916575,44.62400433302331,44.80038447494332,33835100
2016-03-09,46.599449157714844,46.608266649664195,45.73519028732972,45.76164612734867,28251600
2016-03-10,45.90276336669922,46.68765158914612,45.117875144252324,46.67883409454228,38387800
2016-03-11,46.80229187011719,46.80229187011719,46.19378391264751,46.740559325048004,32275700
2016-03-14,46.890480041503906,47.26087867437215,46.414258033775276,46.48480807173932,24083600
2016-03-15,47.26087951660156,47.26087951660156,46.511268108496495,46.52008560183487,21104800
2016-03-16,47.931129455566406,48.151603838276785,47.09332949260467,47.137423696312325,31691700
2016-03-17,48.20451736450195,48.50436264999608,47.622465147268876,47.80766281544032,28223900
2016-03-18,47.172698974609375,48.47790687697852,47.137422267044045,48.43380931043587,67625500
2016-03-21,47.498992919921875,47.56072546673163,46.6788280961105,46.961034985575544,23925700
2016-03-22,47.68418502807617,47.84292680550462,47.14622715614321,47.27851309205729,23124100
2016-03-23,47.596012115478516,47.83412485900713,47.393176081547956,47.719477234899536,20129000
2016-03-24,47.80765914916992,47.913489263585134,47.384348784024304,47.48135804015237,19950000
2016-03-28,47.216773986816406,47.87819684607232,47.031576393625706,47.80764345961645,17025100
2016-03-29,48.24860382080078,48.380889770641,47.13741462599447,47.32261226443361,23924300
2016-03-30,48.548439025878906,49.0687584959996,48.416156467545626,48.44261230637813,23008300
2016-03-31,48.707191467285156,49.02467505957315,48.380890381509836,48.460261279581836,26360500
2016-04-01,49.00703811645508,49.042314819760946,48.125140718837855,48.54845106599353,24399200
2016-04-04,48.88357925415039,49.08641527777347,48.504363055672286,48.88357925415039,18928800
2016-04-05,48.11631774902344,48.76891986505204,48.02812600079578,48.671910624087225,19272300
2016-04-06,48.610172271728516,48.68072566187694,47.807645961729605,47.9399318861725,21188700
2016-04-07,48.02812957763672,48.424984063788436,47.825293587863946,48.38970736187019,19225100
2016-04-08,47.99284744262695,48.751279627152854,47.90465906198626,48.21332175839978,22167200
2016-04-11,47.89583969116211,48.636633497672435,47.88701883494134,48.05458146142653,21414200
2016-04-12,48.19569396972656,48.310338208842836,47.41080246247913,47.948760411554915,24944300
2016-04-13,48.813011169433594,48.892382056057514,48.407339244098466,48.61017520676603,20818000
2016-04-14,48.82183074951172,49.015849214891674,48.566079747723755,48.698365676695715,20877100
2016-04-15,49.07758331298828,49.31569261004116,48.601357990540464,48.768917256955355,28793800
2016-04-18,49.79191970825195,49.90656729681986,48.68954810632906,48.93648163279617,23786000
2016-04-19,49.73019027709961,50.06531220700587,49.10404397545817,49.94184711813813,29596800
2016-04-20,49.02466583251953,49.82719215568137,48.936477457558354,49.641994549760376,36195700
2016-04-21,49.19222640991211,49.58908083622248,48.87474286886382,49.209864758211566,38909100
2016-04-22,45.66464614868164,46.23788080250769,44.77393125778024,45.77929375228117,126834100
2016-04-25,45.95568084716797,45.97331920147653,45.53237043627887,45.6646530473349,33226900
2016-04-26,45.36479949951172,46.167325971606175,45.056136765695186,46.087955073743146,33532600
2016-04-27,44.92385482788086,45.41771861027894,44.57991536113847,45.400080257603456,43369300
2016-04-28,44.00667190551758,44.77392153242887,43.70682672104395,44.6416356059193,43134800
2016-04-29,43.980224609375,44.315346580208356,43.52163753459562,43.52163753459562,48411700
2016-05-02,44.632835388183594,44.756300506485665,43.90085880943252,44.0948773462913,33114500
2016-05-03,43.90085220336914,44.45644851629621,43.74211039967569,44.394715966434504,26460200
2016-05-04,43.980224609375,44.147787276877565,43.61864679174515,43.9537687625785,24257600
2016-05-05,44.04195022583008,44.359433794079365,43.85675259907508,43.98021768357841,25390700
2016-05-06,44.43881607055664,44.43881607055664,43.79503127631243,44.02432315424885,24787300
2016-05-09,44.15660095214844,44.61518798726637,44.09486840551444,44.52699959612393,17951600
2016-05-10,44.99440383911133,45.06495387874321,44.26242741342328,44.38589587007912,22891000
2016-05-11,45.02085494995117,45.664639553197425,44.976760759295885,45.09140834633651,24039100
2016-05-12,45.42652893066406,45.69110081484264,44.90620938350877,45.15314291779736,24102800
2016-05-13,45.04730987548828,45.770465298871514,45.01203318064745,45.36479003654346,22592300
2016-05-16,45.708740234375,45.82338446508587,44.75628950305455,44.80038369672576,20032000
2016-05-17,44.85618591308594,45.93962688296459,44.72297812368016,45.930747718751256,27803500
2016-05-18,45.12261962890625,45.415679549550475,44.669704222862705,44.829556320560215,24907500
2016-05-19,44.687461853027344,44.953880862236105,44.243429041778896,44.82067305148247,23842400
2016-05-20,44.95389175415039,45.486733289372026,44.75851957350121,44.82956307890937,23905800
2016-05-23,44.42991256713867,45.007156454165454,44.38550997299064,44.93610959336798,26118700
2016-05-24,45.81532669067383,45.921893665873895,44.75852933299073,45.02494846484244,34757900
2016-05-25,46.28598403930664,46.614570792448696,45.99292411545506,46.108370219065336,24040200
2016-05-26,46.08172607421875,46.16165211829229,45.611052363397675,46.11724951329624,24335200
2016-05-27,46.46360778808594,46.46360778808594,45.97517221882779,46.108380071696786,17721400
2016-05-31,47.067481994628906,47.067481994628906,46.25046317855485,46.41031188751134,37653100
2016-06-01,46.934268951416016,47.023077550369074,46.57016216496261,46.57016216496261,25324800
2016-06-02,46.60568618774414,46.83658516020979,46.037324698138995,46.747776560145425,22840800
2016-06-03,45.99291229248047,46.552391109023006,45.82417768216045,46.516871064267036,23368300
2016-06-06,46.29487609863281,46.49024829207962,46.08173879304238,46.17054741524779,18243300
2016-06-07,46.268218994140625,46.82770130200628,46.268218994140625,46.39255103076758,20866800
2016-06-08,46.214942932128906,46.570167203266955,46.06396999142616,46.1971812104167,21149400
2016-06-09,45.84195327758789,46.17941921269879,45.72650716870159,46.17941921269879,20305700
2016-06-10,45.717620849609375,46.2238180167439,45.32687316955692,45.33575233577782,25833200
2016-06-13,44.527618408203125,45.04269819527217,43.56850911144657,44.03030373125608,83217800
2016-06-14,44.25231170654297,44.49208644404355,44.02141274699954,44.31447602925816,42577100
2016-06-15,44.12797927856445,44.5098477647989,44.12797927856445,44.207905319583325,33757600
2016-06-16,44.7496337890625,44.82068067704653,43.968134959748554,43.9770175145976,31188600
2016-06-17,44.51873779296875,44.78515684519741,44.24343618596797,44.76739512335523,45710500
2016-06-20,44.46544647216797,45.140378257933136,44.429923033401046,44.97164361764106,35607900
2016-06-21,45.4600830078125,45.673220271297836,44.5453763998629,44.58089984172744,34097800
2016-06-22,45.28246307373047,45.69985157111498,45.24693963931867,45.36238910730642,28816800
2016-06-23,46.0994873046875,46.23269850596404,45.424558907883615,45.540005002108266,29028800
2016-06-24,44.25231170654297,45.23806170432735,43.97701014330319,44.234549987524126,133503000
2016-06-27,43.009029388427734,43.64843788452091,42.66268424894472,43.60403188185704,50216300
2016-06-28,43.90596389770508,43.9326081704667,43.22215295031714,43.44416935968849,38140700
2016-06-29,44.88284683227539,45.04269894902684,44.2256766425525,44.3233644236453,31304000
2016-06-30,45.442317962646484,45.55776744640983,44.84731559960005,45.042691127860856,28527800
2016-07-01,45.43345260620117,45.93077074397892,45.353526537410154,45.40681171250505,21400400
2016-07-05,45.442317962646484,45.54000572677688,45.0604528474938,45.140378891991254,24806400
2016-07-06,45.62881851196289,45.77090889436344,44.749631941814435,45.09597703718439,28167500
2016-07-07,45.62881851196289,45.8330732249323,45.35351691394224,45.66433856678657,19585200
2016-07-08,46.44583511352539,46.499120274732135,45.77978584309901,45.93963793901749,28391000
2016-07-11,46.70337677001953,46.916514035323765,46.596809831218366,46.62345071899318,22269200
2016-07-12,47.25397872924805,47.422713393393835,46.88099273257179,47.014200565226716,27317600
2016-07-13,47.520389556884766,47.831214554682546,47.22732966560846,47.5647955477855,25356800
2016-07-14,47.72465133666992,47.94666775761373,47.582560962773954,47.81345654996675,24545500
2016-07-15,47.68912887573242,47.95554790879649,47.2539751911564,47.91114530123611,32024400
2016-07-18,47.92002487182617,48.25749078999448,47.55591806643731,47.68912927794375,31433900
2016-07-19,47.14741516113281,47.86674970469803,47.00532476350661,47.69801502847158,53336500
2016-07-20,49.65174865722656,50.47764995448563,49.314282773216036,49.86488589652308,89893300
2016-07-21,49.55406188964844,49.93593038474863,49.51853845110387,49.713913975397425,32776700
2016-07-22,50.237876892089844,50.29116205420778,49.53630416886192,49.80272659174977,32157200
2016-07-25,50.37997055053711,50.388853105319406,49.96257855602262,50.14907494172824,25610600
2016-07-26,50.4066162109375,50.8772934155936,50.18459974819294,50.19348230381605,28079000
2016-07-27,49.90041732788086,50.4421380214339,49.829373823712835,50.27340673479535,32327500
2016-07-28,49.91817855834961,50.06026895298605,49.483028206895256,49.73168555058346,37550400
2016-07-29,50.33556365966797,50.40660715337519,49.77608132552837,49.962574307674316,30558700
2016-08-01,50.24674987792969,50.39771939362901,49.85599887221156,50.26450820755216,26003400
2016-08-02,50.24674987792969,50.53093057970586,50.006971775612065,50.48652459254612,35122000
2016-08-03,50.593101501464844,50.717430151260494,50.16683039315049,50.33556164820149,22075600
2016-08-04,50.96607971191406,51.08152917820888,50.32667145268258,50.4421209189774,26587700
2016-08-05,51.4722900390625,51.69430647648534,51.01937799730878,51.196991824787446,29335200
2016-08-08,51.56108856201172,51.58772944522723,51.312427897095404,51.56108856201172,19473500
2016-08-09,51.685420989990234,51.951840004782134,51.52556890357478,51.65877671711994,16920700
2016-08-10,51.525569915771484,51.79198893579707,51.34795610652055,51.64989856593665,15756900
2016-08-11,51.774234771728516,51.907445995032184,51.53445660240318,51.53445660240318,18162300
2016-08-12,51.45454025268555,51.676556741606234,51.17035941788329,51.534466324205106,21655200
2016-08-15,51.614376068115234,51.951841973078025,51.47228569566274,51.51668830186008,19283900
2016-08-16,51.32842254638672,51.4892709437306,51.17651206490423,51.480336436685334,20523500
2016-08-17,51.43565368652344,51.54288480806475,51.140763841264956,51.417781264797235,18856400
2016-08-18,51.47138977050781,51.56075186984928,51.17650336471982,51.31054140050871,14214300
2016-08-19,51.48927688598633,51.58757351890912,51.11396618808096,51.31949396200292,17271000
2016-08-22,51.53395080566406,51.60544049799694,51.167574654498466,51.471399029280875,15221900
2016-08-23,51.73054504394531,51.989690070403114,51.694800197092604,51.7394829600666,18732400
2016-08-24,51.78417205810547,51.86459627424884,51.57864426325394,51.65013056159424,18151500
2016-08-25,51.980751037597656,52.087985575852095,51.63224731031108,51.72160942552311,18552600
2016-08-26,51.85564041137695,52.454354570769176,51.55181607873366,52.079040555708325,20971200
2016-08-29,51.9182014465332,52.36500181495024,51.9182014465332,51.98969114171175,16417200
2016-08-30,51.73054504394531,51.998624577708185,51.480337933608794,51.8109692449558,16930200
2016-08-31,51.34629440307617,51.650118771506875,51.20331843021561,51.51608071440915,20860300
2016-09-01,51.46247100830078,51.667998786437586,50.94418090001239,50.94418090001239,26075400
2016-09-02,51.53395080566406,51.99862357937929,51.31055063034806,51.53395080566406,18900500
2016-09-06,51.480342864990234,51.650125790580034,51.1229011798557,51.632253365441656,16278400
2016-09-07,51.52501678466797,51.68586518511839,51.30161660724419,51.35523387699972,17493400
2016-09-08,51.319488525390625,51.6411853231252,51.09608835016564,51.49820934733385,20146100
2016-09-09,50.22929763793945,51.39991585457132,50.22929763793945,50.747587712251935,35113900
2016-09-12,50.979915618896484,51.12289158435113,49.69313192980465,50.041635632549365,29303000
2016-09-13,50.51524353027344,50.62247806235896,50.0863156283792,50.48843660166003,30130200
2016-09-14,50.27397155761719,50.604606255677346,50.06844381517806,50.390140597714435,24062500
2016-09-15,51.105018615722656,51.2479945796474,50.023762675490765,50.175676554619734,26847000
2016-09-16,51.158634185791016,51.49820336716948,50.711833887225154,51.49820336716948,44607000
2016-09-19,50.8726806640625,51.60543285791113,50.801190982313535,51.1765049938643,20937100
2016-09-20,50.76544952392578,51.24799124021843,50.71183226264186,51.24799124021843,17384000
2016-09-21,51.61437225341797,51.694796448596726,51.006726945064635,51.39097209001208,33707300
2016-09-22,51.66798782348633,51.828836208563,51.49820493204578,51.757346522388545,19822200
2016-09-23,51.319488525390625,51.74841645276467,51.27480917210886,51.7126716066128,19955300
2016-09-26,50.84588623046875,51.06034851077697,50.78333444797748,51.00673464510816,21688700
2016-09-27,51.78417205810547,51.88246870103813,50.64929852311208,50.8726987447529,28065100
2016-09-28,51.85564041137695,51.882450746691376,51.53394365812927,51.72160237006754,20536400
2016-09-29,51.292686462402344,51.98075606762877,51.122900131477806,51.659062648184516,25463500
2016-09-30,51.47138977050781,51.62330363498054,51.23905512985108,51.444582845113146,29910800
2016-10-03,51.31056213378906,51.42673120546613,50.98886867261834,51.30162762465248,19189500
2016-10-04,51.14970016479492,51.471393519408004,50.908427592223276,51.17650709214207,20085900
2016-10-05,51.507137298583984,51.793089213770436,51.167568120994176,51.194378456603715,16726400
2016-10-06,51.596500396728516,51.70373151478559,51.18544152801413,51.596500396728516,16212600
2016-10-07,51.650108337402344,51.81095670047868,51.31053919215059,51.69478768074235,20089000
2016-10-10,51.86457443237305,52.17733324743044,51.71266057304844,51.74840541157369,18196500
2016-10-11,51.105018615722656,51.84670877214318,50.83693910946574,51.73053973619937,26497400
2016-10-12,51.03354263305664,51.17651862582363,50.39908687820416,51.03354263305664,22177500
2016-10-13,50.86375045776367,51.20331967990117,50.3275913986549,50.66716062079241,25313700
2016-10-14,51.31056213378906,51.59651755841346,51.042482545071664,51.042482545071664,27402500
2016-10-17,51.1318359375,51.346298208276295,50.81907363012811,51.25693949692223,23830000
2016-10-18,51.52501678466797,51.784161808595435,51.30161660724419,51.40884773793907,19149500
2016-10-19,51.408836364746094,51.68585375064077,51.292670752532736,51.355222515667755,22878400
2016-10-20,51.158634185791016,51.39990675607447,50.63140969713067,51.382034335073946,49455600
2016-10-21,53.312217712402344,54.018163084667,53.16030722938689,53.8662491928354,80032200
2016-10-24,54.509639739990234,54.509639739990234,53.55348731561699,53.56242182225272,54067000
2016-10-25,54.500709533691406,54.84027535369769,54.33092321487203,54.37560256920799,35137200
2016-10-26,54.17900848388672,54.688360582808826,54.0360325159229,54.339856873948015,29911600
2016-10-27,53.70540237426758,54.35773390528361,53.69646786686922,54.16114065435734,28479900
2016-10-28,53.4998779296875,54.08071980222864,53.24073629328921,53.62498149391077,33574700
2016-10-31,53.5445556640625,53.99135604206896,53.5445556640625,53.7590213453848,26434700
2016-11-01,53.43733215332031,53.63392543851827,52.94585234914228,53.58924607610514,24533000
2016-11-02,53.106685638427734,53.55348595279524,52.990516602223735,53.45518933822385,22147000
2016-11-03,52.910099029541016,53.29434762068058,52.82074031901306,53.19605099381005,21600400
2016-11-04,52.46330261230469,52.97265480008889,52.29351968598215,52.4096887454747,28697000
2016-11-07,53.9913444519043,54.08070655361231,53.41944063623557,53.41944063623557,31664800
2016-11-08,54.036033630371094,54.313047656555206,53.75008168854593,54.10751991141937,22935400
2016-11-09,53.7679557800293,54.14326986962942,52.9011653658693,53.616045287945305,49632500
2016-11-10,52.45436096191406,54.053907008334356,51.49820850038151,54.044969092535304,57822400
2016-11-11,52.740318298339844,52.829677012565355,51.83777960410656,52.034372865982405,38767800
2016-11-14,51.93607711791992,52.79393646962344,51.18545231568966,52.740319194886816,41328400
2016-11-15,52.96166229248047,53.51944005162195,52.46686231995073,52.47586061740024,35904100
2016-11-16,53.66337203979492,53.6723669037427,52.907676489942304,53.02462688048494,27332500
2016-11-17,54.55400085449219,54.83288963011277,53.951245560147804,54.34708470426156,32132700
2016-11-18,54.293121337890625,55.003835781109096,54.24814014960287,54.679965734485755,27686300
2016-11-21,54.75194549560547,54.85090618180414,54.35610275081077,54.42807540689895,19652600
2016-11-22,54.985843658447266,55.11179236077081,54.7069582266865,54.859894956123725,23206700
2016-11-23,54.338104248046875,54.967847727947316,54.203157255585594,54.88688021883946,21848900
2016-11-25,54.45505142211914,54.45505142211914,54.09519851661113,54.24813522928705,8409600
2016-11-28,54.52702331542969,54.895874511833476,54.167166983006524,54.2841208058207,20732600
2016-11-29,54.95885467529297,55.246738398980234,54.44606157798474,54.56301541318416,22366700
2016-11-30,54.212154388427734,55.03982267525324,54.17617149653119,54.75193894901256,34655400
2016-12-01,53.258541107177734,54.113197425299525,53.02463343349653,54.077211101372455,34542100
2016-12-02,53.30351638793945,53.501437715755756,52.89867886824446,53.15057967596821,25515700
2016-12-05,54.17616271972656,54.509027580795724,53.58240220156668,53.708350882412084,23552700
2016-12-06,53.93326187133789,54.39207542728695,53.798314890964726,54.36508740395002,19907000
2016-12-07,55.210750579833984,55.21974887636808,53.7983200263063,53.98724307138704,30809000
2016-12-08,54.886871337890625,55.39966776716392,54.73393464090197,55.14776698411787,21220800
2016-12-09,55.75054931640625,55.768542482211316,54.99485351182081,55.03983471041074,27349400
2016-12-12,55.93046569824219,56.04741954246131,55.52563153997861,55.615593923627195,20198100
2016-12-13,56.65916442871094,57.05500365894772,55.99343465822889,56.22733887794962,35718900
2016-12-14,56.389278411865234,57.08199969423118,56.2543314149953,56.677162135466055,30352700
2016-12-15,56.29931640625,56.812109506784076,56.04741557255549,56.40727194535067,27669900
2016-12-16,56.047420501708984,56.63218630096787,55.88548546289406,56.63218630096787,42453100
2016-12-19,57.23493194580078,57.369878932119306,56.15536635078586,56.28131847287722,34338200
2016-12-20,57.162967681884766,57.39687192231601,56.70415063418292,57.297911248033465,26028400
2016-12-21,57.162967681884766,57.30690954488354,56.78511814661003,57.06400700760222,17096300
2016-12-22,57.171966552734375,57.666766526971315,57.04601784276624,57.432862270151205,22176600
2016-12-23,56.893089294433594,57.16297991633975,56.497246512582144,57.08201238658336,12403800
2016-12-27,56.92905044555664,57.639764776145505,56.86607610556463,56.86607610556463,11763200
2016-12-28,56.66815185546875,57.037002990486435,56.52421003282389,57.037002990486435,14653300
2016-12-29,56.58720397949219,56.85709456151789,56.434263809509154,56.551217653396776,10250600
2016-12-30,55.903472900390625,56.66816682354735,55.80451222771254,56.64117536527946,25579900
2017-01-03,56.29931640625,56.53322064627557,55.8944788448166,56.488239457637356,20694100
2017-01-04,56.047420501708984,56.452258098746285,55.88548546289406,56.2093555405239,21340000
2017-01-05,56.047420501708984,56.371290579338826,55.8045179434866,55.94845981889486,24876000
2017-01-06,56.53321075439453,56.81209956610456,55.81350156657977,56.04740576567803,19922900
2017-01-09,56.353294372558594,56.74913708243749,56.26333199222875,56.46124991532337,20382700
2017-01-10,56.33530044555664,56.74013801523625,56.02942355200369,56.4342611216833,18593000
2017-01-11,56.84809112548828,56.88407744833084,56.1643681507029,56.32630317164977,21517300
2017-01-12,56.32632064819336,57.037035301548634,55.73255986444172,56.73115832617078,20968200
2017-01-13,56.40726852416992,56.56020524263298,56.09239335911058,56.33529588123824,19422300
2017-01-17,56.25434112548828,56.40728131046403,55.80452230073473,56.38928814565246,20664000
2017-01-18,56.22733688354492,56.407265047941124,55.885473714376566,56.3802735925829,19670100
2017-01-19,56.047420501708984,56.659174330155345,55.9574581165207,55.99344444333402,18451700
2017-01-20,56.44325256347656,56.51522177165382,56.1103842511431,56.38027478753546,30213500
2017-01-23,56.641178131103516,56.785119998797306,56.29032004309019,56.407273883042905,23097600
2017-01-24,57.144962310791016,57.34288361706946,56.62317102400019,56.8570786463009,24672900
2017-01-25,57.288917541503906,57.66676365257459,57.082001323749274,57.531820083697106,23672700
2017-01-26,57.819698333740234,58.062604299166274,57.17196167603456,57.68475820149169,43554600
2017-01-27,59.17816925048828,59.2951265490781,58.37749221353426,58.827311082101296,44818000
2017-01-30,58.5933837890625,59.18714779193342,58.29650865131598,59.097185420989355,31651400
2017-01-31,58.16157531738281,58.61139414139398,57.81071718374934,58.35049839982464,25270500
2017-02-01,57.1989631652832,58.134587140525895,57.10000247515336,57.900679430792586,39671500
2017-02-02,56.8300895690918,57.046004042407475,56.452243530594515,56.90206220414507,45827000
2017-02-03,57.288917541503906,57.30691070372319,56.74013810527238,57.1269825133751,30301800
2017-02-06,57.25292205810547,57.26192035369802,56.80310337011678,57.12697337456372,19796400
2017-02-07,57.06399917602539,57.37887088567012,56.88407101400944,57.34288799874233,20277200
2017-02-08,56.98303985595703,57.405870582625106,56.87508431598562,57.18995607083754,18096400
2017-02-09,57.630775451660156,57.972642090850556,56.96504563044681,57.144973814936385,22644400
2017-02-10,57.57680130004883,57.84669530161864,57.55880813782119,57.801710680127144,18170700
2017-02-13,58.22453308105469,58.35048176678038,57.69374345090618,57.79270411307474,22920100
2017-02-14,58.44174575805664,58.577510835959195,57.94394277418019,58.2969347388463,23108400
2017-02-15,58.40555191040039,58.44175639811913,58.070672483276915,58.37840027093632,17005200
2017-02-16,58.39651107788086,59.04817818030617,58.324108992845794,58.595632348655414,20546300
2017-02-17,58.48700714111328,58.550363261154246,58.19737817731185,58.351242053797165,21248800
2017-02-21,58.369354248046875,58.78569554754699,58.33314975609459,58.47796772390373,20655900
2017-02-22,58.251686096191406,58.278837734760366,57.9711099572458,58.22453445762244,19292700
2017-02-23,58.48700714111328,58.58656774479182,58.09781757363331,58.305984722925395,20273100
2017-02-24,58.48700714111328,58.649923864832786,58.052560242761544,58.405545326603935,21796800
2017-02-27,58.13404083251953,58.41461703970301,57.97112405618364,58.41461703970301,15871500
2017-02-28,57.907752990722656,58.106870770290264,57.708631758505014,57.998264211117046,23239800
2017-03-01,58.77664566040039,58.821896093329464,57.943956211961805,58.043516831826196,26937500
2017-03-02,57.93491744995117,58.60468332590577,57.81725457074001,58.550380037539526,24539600
2017-03-03,58.15214538574219,58.17929703360315,57.58193661210468,57.91682304809475,18135900
2017-03-06,58.170230865478516,58.4327082435483,57.75389303386997,57.89870754372739,18750300
2017-03-07,58.28789520263672,58.63182749393668,58.097826812289355,58.097826812289355,18521000
2017-03-08,58.82189178466797,58.90335360645377,58.1521260407949,58.161178888837725,21510900
2017-03-09,58.586578369140625,59.01196559210059,58.36030548434684,59.00291964852515,19846800
2017-03-10,58.76758575439453,59.06626757811951,58.60466902375358,58.930502485035476,19538200
2017-03-13,58.5684700012207,59.0029169585503,58.44175774393709,58.840000212714216,20100000
2017-03-14,58.29696273803711,58.423675030191255,58.06163695033568,58.40556932828237,14280200
2017-03-15,58.60467529296875,58.758539192450435,58.15212953781069,58.42365975302561,24833800
2017-03-16,58.50511169433594,58.61372515594951,58.19738391104729,58.604672307823414,20674300
2017-03-17,58.713287353515625,59.04816678491771,58.54131776097938,58.74949184169694,49219700
2017-03-20,58.76758575439453,58.9938586077681,58.57751738619667,58.749486964456416,14598100
2017-03-21,58.11592483520508,59.28349370785846,58.04351585737381,59.002917550387565,26640500
2017-03-22,58.85810470581055,58.95766533264907,58.03447495368368,58.03447495368368,20680000
2017-03-23,58.713287353515625,59.04816678491771,58.622772680412304,58.77664348150791,19269200
2017-03-24,58.8128547668457,59.23824201521418,58.61373351148551,59.156787086367295,22617100
2017-03-27,58.92146301269531,59.030076492877896,58.242644298481544,58.49606884693985,18614700
2017-03-28,59.09342575073242,59.256342499390094,58.51416773446075,58.794743893976644,20080400
2017-03-29,59.256343841552734,59.28349548272729,58.78569237685904,58.93956318568221,13618400
2017-03-30,59.47356414794922,59.717942730237475,59.15678349063151,59.21108677322871,15122800
2017-03-31,59.60933303833008,59.90801492214873,59.238242169591594,59.419264631891174,21040300
2017-04-03,59.328739166259766,59.68172423088566,59.00290573655912,59.56405793914449,20400900
2017-04-04,59.49166488647461,59.56406695546865,59.084369585046346,59.183930198375485,12997400
2017-04-05,59.33779525756836,60.052818355867856,59.22918869928995,60.00756792501851,21448600
2017-04-06,59.49166488647461,59.79033982116218,59.26539202078108,59.37399857692207,18103500
2017-04-07,59.44642639160156,59.69985097664832,59.22920630517606,59.60029033176537,14108500
2017-04-10,59.31064987182617,59.57312725750843,59.15678596117473,59.383058855180046,17952700
2017-04-11,59.26539993286133,59.38305935282184,58.69518781579697,59.37400650350156,18791500
2017-04-12,59.039127349853516,59.292551889758194,58.93051387333687,59.211090056045514,17108500
2017-04-13,58.78569030761719,59.60932688918915,58.78569030761719,59.09342500913094,17896500
2017-04-17,59.26539993286133,59.274445876880826,58.840005783718325,58.867157426378384,16689300
2017-04-18,59.18393325805664,59.47356226490555,58.975766077824716,59.12962997717878,15155600
2017-04-19,58.86714553833008,59.5097596042803,58.731380447146364,59.41925184525762,26992800
2017-04-20,59.28350830078125,59.50978123322698,58.95767472563525,59.24730380295371,22299500
2017-04-21,60.09808349609375,60.36960683234861,59.23824233470114,59.43736359113524,32522600
2017-04-24,61.12081527709961,61.238481567209774,60.73162573620178,61.07556485461769,29770000
2017-04-25,61.47380065917969,61.582414103243515,61.184171713641575,61.45570187115176,30242700
2017-04-26,61.392364501953125,61.826804600272084,61.20229609577598,61.61863740054034,26190800
2017-04-27,61.79058837890625,61.890148987810306,61.16607999295297,61.6819818275924,34971000
2017-04-28,61.96255874633789,62.57802119770299,61.26564138045224,62.369854034839584,39548800
2017-05-01,62.822410583496094,62.94912285368625,61.99877392195924,62.16169068438956,31954400
2017-05-02,62.72282409667969,63.093907904873795,62.56895334177191,63.093907904873795,23906100
2017-05-03,62.52371597290039,62.79523925147362,62.18882966683072,62.79523925147362,28928000
2017-05-04,62.27933883666992,62.523717388749134,62.12547495146424,62.47846005531237,21749400
2017-05-05,62.451332092285156,62.47848374052041,61.989733356379304,62.36082429640025,19128800
2017-05-08,62.397010803222656,62.49657142157774,61.92635935185312,62.42416244362855,18566100
2017-05-09,62.48752212524414,62.70474216613984,62.16168861125029,62.32460536824721,22858400
2017-05-10,62.73188781738281,62.95816068575346,62.37890269514859,62.442258822080376,17977800
2017-05-11,61.96255874633789,62.206937300498836,61.65483097330516,61.87205098399295,28789400
2017-05-12,61.890140533447266,62.09831457052758,61.582412806361745,62.09831457052758,18714100
2017-05-15,61.93539810180664,61.98065542904782,61.15701902928905,61.67292079546479,31530300
2017-05-16,63.18251037597656,63.20981765279819,62.044660875860714,62.10838017007191,34956000
2017-05-17,61.425662994384766,62.90031132234285,61.38014624196672,62.70915346297352,30548800
2017-05-18,61.6350212097168,62.017336914945076,61.11616219694095,61.35283680036465,25201300
2017-05-19,61.61681365966797,61.99002459537242,61.3801390755136,61.44385835453048,26961100
2017-05-22,62.30862045288086,62.35413719959188,61.44385782441535,61.79886622514376,16237600
2017-05-23,62.51799011230469,62.58170939316432,62.24490351154585,62.55440212206458,15425800
2017-05-24,62.599910736083984,62.700042024800815,62.30862160842064,62.69094423119428,14593900
2017-05-25,63.37364959716797,63.6103172231861,62.72735210480125,62.781966642362335,21854100
2017-05-26,63.68313217163086,63.91980670884003,63.28260710018137,63.53749111057233,19827900
2017-05-30,64.09278106689453,64.09278106689453,63.51019581452547,63.528405293130156,17072800
2017-05-31,63.573909759521484,64.39316260588247,63.54660248878956,64.20200476587834,30436400
2017-06-01,63.810585021972656,64.27482946396557,63.218902018629656,63.93802358332275,21603600
2017-06-02,65.32164001464844,65.41266654940455,63.93801168478958,64.12007169918124,34770300
2017-06-05,65.79499053955078,66.35026150060533,65.3671581323566,65.51280616241432,33316800
2017-06-06,66.01345825195312,66.10449174678162,65.78588840464307,65.81320262001998,31511100
2017-06-07,65.89511108398438,66.2410146816734,65.4945860114861,66.12268088519855,22301800
2017-06-08,65.4946060180664,66.01346504553496,65.0849830287054,66.00436725102031,24588300
2017-06-09,64.0108413696289,65.61293491401709,62.436055093602334,65.57652290790826,49187400
2017-06-12,63.519290924072266,63.66493895130407,62.01732863142516,63.03684398740724,47761700
2017-06-13,64.31124877929688,64.46599462924654,63.68315369494864,63.73776824319405,25258600
2017-06-14,63.96532440185547,64.72085789998872,63.2006931108869,64.54790955267727,25510700
2017-06-15,63.6285285949707,63.91071297395173,62.62722268885959,63.05504815397006,26068700
2017-06-16,63.71953582763672,63.74684308895376,63.00951925388072,63.47376353090513,48345100
2017-06-19,64.51151275634766,64.57523204561791,64.03816351187007,64.17470683027251,23798300
2017-06-20,63.63763427734375,64.51150164172735,63.60122226905104,64.46598489514135,21512200
2017-06-21,63.96532440185547,64.28392771797239,63.66493750604926,63.91070986532343,19891100
2017-06-22,63.95623779296875,64.25662474130326,63.455581304275846,64.21111493452833,22965700
2017-06-23,64.82101440429688,64.85742642444741,63.646752797752534,63.80149867473023,27617300
2017-06-26,64.20198822021484,65.27611790976452,64.12006642913136,64.99393359174957,19607000
2017-06-27,63.00043869018555,63.88341085089495,62.97313141839139,63.81969156841493,25215100
2017-06-28,63.53752899169922,63.57393407000921,62.61814450449746,63.000460330702154,25806200
2017-06-29,62.34503936767578,63.25531884369042,61.98092618829367,63.15518754573831,28918700
2017-06-30,62.74555206298828,63.15517496766127,62.572596774629524,62.60900877980399,24161100
2017-07-03,62.05374526977539,63.355445094574605,61.917201970274355,63.10967271137731,16165500
2017-07-05,62.88209915161133,63.20980027313317,62.09925835518474,62.135670362562756,21176300
2017-07-06,62.41786575317383,62.60902361698075,62.00824275142779,62.14477912208879,21117600
2017-07-07,63.22801208496094,63.573915788503236,62.53619773299504,62.53619773299504,16878300
2017-07-10,63.70135498046875,63.947127360841236,62.99133122020025,63.22800580695642,15014500
2017-07-11,63.7104606628418,64.33855574417103,63.491995526028724,63.7195654024661,17460000
2017-07-12,64.76640319824219,64.88473706119326,64.22023675748501,64.34767536216559,17750900
2017-07-13,65.33071899414062,65.57649820657517,64.91199149893531,65.08494672658351,20269800
2017-07-14,66.2501220703125,66.69615695398109,65.50369337024529,65.75857044662735,25868100
2017-07-17,66.76898193359375,66.86000847007465,66.1955085033725,66.26833251050904,21803900
2017-07-18,66.7235107421875,66.80543258895416,66.14093223779032,66.53234587663142,26435300
2017-07-19,67.23326110839844,67.39711173685048,66.86004308724755,66.90555985149435,22416200
2017-07-20,67.56095886230469,67.63378290337042,66.70529374198941,67.52454684177182,42361000
2017-07-21,67.1695327758789,67.62467257763045,66.60515692154938,66.8600340993491,46717100
2017-07-24,66.99652862548828,67.1330718555258,66.5686964123134,66.9328093774544,21394800
2017-07-25,67.53362274169922,67.6428518117668,66.90552780929126,67.17861437421989,22018700
2017-07-26,67.40621185302734,67.70659886383986,67.18773973349482,67.67018684391776,16252200
2017-07-27,66.59605407714844,67.74300129029646,65.83141565683472,67.1422204088687,36844200
2017-07-28,66.48680114746094,66.73257350360862,66.03166149580379,66.14999530507787,18306700
2017-07-31,66.17732238769531,66.85093427415315,65.91334742218959,66.7234956891221,23600100
2017-08-01,66.0680923461914,66.83272384553197,65.98616357418668,66.54143466318101,22132300
2017-08-02,65.77679443359375,66.04987409930712,65.0303655688343,66.04077630520003,26499200
2017-08-03,65.67667388916016,65.94065580397434,65.40358723386767,65.7130859061913,18214400
2017-08-04,66.15911865234375,66.4868198493052,65.75859342386156,65.90424148690305,22579000
2017-08-07,65.90423583984375,66.35937558052655,65.77679726804308,66.26834902136625,18705700
2017-08-08,66.25924682617188,66.56873852817684,65.31255529581539,65.62204699782035,22044600
2017-08-09,65.96794128417969,66.00435328918,65.58562564899611,65.76767872911786,22213400
2017-08-10,65.00304412841797,65.71306082734792,64.94842265127602,65.44907901328021,24734500
2017-08-11,65.99526977539062,66.17732291405956,64.88472757281671,65.18512150201433,21443700
2017-08-14,66.98746490478516,67.10580568421483,66.40488658182518,66.50501788216657,20096600
2017-08-15,67.00576782226562,67.34436119162257,66.84104427056573,67.34436119162257,19181400
2017-08-16,67.3992691040039,67.8110744642509,66.96000400210944,67.1155742953688,18150400
2017-08-17,66.25537109375,67.60061245194441,66.25537109375,67.33522408356264,22977500
2017-08-18,66.33771514892578,66.65800897928894,65.82524502034474,66.13638560358841,18761500
2017-08-21,66.0265884399414,66.32858282140596,65.61477601561246,66.3194295723631,17734800
2017-08-22,66.95086669921875,67.02407174109922,66.20960717691004,66.20960717691004,14343700
2017-08-23,66.5481948852539,66.94170071073799,66.37431810737814,66.76782393286223,13766500
2017-08-24,66.52074432373047,66.67631461334531,65.95336170163414,66.5664965949739,17098300
2017-08-25,66.63970184326172,67.12471915687958,66.32856129561293,66.67630784567,12794300
2017-08-28,66.64884948730469,66.88677801013833,66.3926144738651,66.85932525610987,14569700
2017-08-29,66.8501968383789,66.95086161794275,65.93506755644015,66.11809062007497,11478400
2017-08-30,67.72872161865234,67.9117446863607,66.64886876265503,66.81359231634555,16897800
2017-08-31,68.42420959472656,68.59808638298367,67.53654010459564,67.74701591807134,27652800
2017-09-01,67.6646728515625,68.39677221252555,67.39013122752417,68.36931944649841,21736200
2017-09-05,67.3626708984375,67.61890599510026,66.78614193094627,67.11558206816787,21556000
2017-09-06,67.17048645019531,67.7561685951113,67.12472719623423,67.4816270351086,16535800
2017-09-07,68.03071594238281,68.26865154025279,67.35352214431941,67.42673417164606,17471200
2017-09-08,67.7012710571289,68.12222971204623,67.57314652730973,68.02156492697006,14703800
2017-09-11,68.41506958007812,68.57979313613951,68.00325719898338,68.00325719898338,17910400
2017-09-12,68.34186553955078,68.85433578185793,68.05817765282839,68.41507756898991,14394900
2017-09-13,68.82688903808594,68.8451955379891,68.22290719707806,68.57065389451387,13380800
2017-09-14,68.42420959472656,69.08310375877248,68.19542728675961,68.63469239008421,15733900
2017-09-15,68.91841125488281,68.99162330205465,67.78365245125975,68.479152935622,38578400
2017-09-18,68.78111267089844,69.52236507412145,68.67129465558031,68.8451714343636,23307000
2017-09-19,69.0373764038086,69.28445831356353,68.64387041280295,68.82689353248185,16093300
2017-09-20,68.57980346679688,69.13803299187923,68.00326744279307,68.95500291208292,21587900
2017-09-21,67.91175079345703,68.85433294249536,67.8202392513735,68.73536863597508,19186100
2017-09-22,68.09475708007812,68.18626859020485,67.58228005598326,67.71039756653681,14111400
2017-09-25,67.0423812866211,67.94835743077074,66.73123366241944,67.8019333765857,24149200
2017-09-26,67.0423812866211,67.54569826364504,66.7952924406546,67.41758070717471,18019600
2017-09-27,67.58231353759766,67.87515470421087,66.96002518580906,67.3077788712076,19565100
2017-09-28,67.60060119628906,67.69211272624648,67.08812406113964,67.29860686373564,10883800
2017-09-29,68.16797637939453,68.21373563498422,67.60974697423453,67.6646594773186,17079100
2017-10-02,68.27777862548828,68.64383163996887,67.99409085565908,68.3692901336383,15304800
2017-10-03,67.95751953125,68.52489536041111,67.89346074467103,68.3327190006742,12190400
2017-10-04,68.3509750366211,68.37842778461716,67.45414570476879,67.80189214918391,13317700
2017-10-05,69.52237701416016,69.65964781141284,68.5980944266671,68.83603000977956,21195300
2017-10-06,69.5498275756836,69.57728033788858,69.12886893081458,69.24783322766369,13959800
2017-10-09,69.81521606445312,70.05315164054846,69.42171018093809,69.5223749638291,11386500
2017-10-10,69.81521606445312,70.12635667929254,69.6779452712488,69.85182207476646,13944500
2017-10-11,69.93418884277344,69.97079485752613,69.50407689678357,69.87928331158611,15388900
2017-10-12,70.57476806640625,70.73033835838942,69.88842115037025,69.9982321885316,16876500
2017-10-13,70.9133529663086,71.26110649743113,70.7303299365775,71.00486448117414,15335700
2017-10-16,71.05978393554688,71.20620097729635,70.78524238217923,70.84930114704746,12380100
2017-10-17,71.00486755371094,71.03232729305178,70.69372699332814,70.89505652387294,16824000
2017-10-18,71.02316284179688,71.24279184870495,70.8035338348888,71.07806834805383,13300700
2017-10-19,71.2977294921875,71.31602900676953,70.78525231941555,70.98658188923139,15092800
2017-10-20,72.12135314941406,72.26777721968016,71.58143009954675,71.67294165252109,22866400
2017-10-23,72.13967895507812,72.60639009471309,72.07562015266436,72.28609608264424,20627200
2017-10-24,72.16708374023438,72.47822429308779,71.80103069190946,72.20368974325498,17517200
2017-10-25,71.95661163330078,72.38672350519,71.38923595709136,71.91085935915478,20410800
2017-10-26,72.07560729980469,72.67958918887452,72.06645404912474,72.47825956522306,32120700
2017-10-27,76.6969985961914,78.88415746950614,76.51397549506497,77.20947584673624,71066700
2017-10-30,76.77020263671875,77.17286179553592,76.05640284200325,76.5963258214326,31756700
2017-10-31,76.1204605102539,77.20031343526804,76.05640173427354,77.20031343526804,27086600
2017-11-01,76.1204605102539,76.65123721516727,75.84591890926205,76.57802519065172,22307400
2017-11-02,76.91661071777344,77.29181005268292,76.06554029726951,76.27601609976269,23992900
2017-11-03,76.99897766113281,77.36503077236397,76.32178394357871,76.94407213810696,17633500
2017-11-06,77.30097198486328,77.5114478110052,76.94407212150755,77.05388316753555,19860900
2017-11-07,77.11795806884766,77.69449410861623,76.80681739751161,77.57552280802457,17939700
2017-11-08,77.3833236694336,77.42908292263074,76.71528325679857,76.99897107735192,18034200
2017-11-09,76.95321655273438,77.11794009973147,75.86421747492011,76.97152304789084,21178400
2017-11-10,76.75189208984375,76.96236790578645,76.1662099331341,76.67868007478454,19397800
2017-11-13,76.8067855834961,76.81593882941576,76.37667378972431,76.5597037987128,14196900
2017-11-14,76.91661071777344,76.96236298785033,75.93742277004368,76.41328687375653,18801300
2017-11-15,76.31877136230469,76.97177516566964,76.05205031299612,76.76943457537047,19383100
2017-11-16,76.5211181640625,76.72345878934082,76.281994713229,76.42914706628461,20962800
2017-11-17,75.78534698486328,76.44755015634472,75.63818760589167,76.44755015634472,22079000
2017-11-20,75.9049301147461,75.96011138894303,75.64740814589717,75.78536834833692,16315000
2017-11-21,76.9993896484375,77.10975217411249,76.09805592606476,76.09805592606476,21237500
2017-11-22,76.43836212158203,77.16494587340478,76.37398163810136,77.1005653899241,20553100
2017-11-24,76.57632446289062,76.73267606761378,76.1348532659084,76.34639315584599,7425600
2017-11-27,77.13734436035156,77.23851467968701,76.6131013496794,76.62229354820411,18265200
2017-11-28,78.0662841796875,78.23183502124007,77.27531982748606,77.32130890117467,21926000
2017-11-29,76.64990234375,78.10306998683792,76.50274994607939,77.9099285178625,27381100
2017-11-30,77.41325378417969,77.7351561400147,76.64988032823875,76.80623891559726,33054600
2017-12-01,77.49603271484375,78.00187726936403,76.53951784503793,76.88901082908531,29532100
2017-12-04,74.57132720947266,77.65240548677033,74.2218271130561,77.643206269247,39094900
2017-12-05,75.04039764404297,76.042902054019,74.47937156357196,74.8104662768038,26152300
2017-12-06,76.13484954833984,76.46595117567259,74.89322195431525,75.00359150240826,26162100
2017-12-07,75.86811828613281,76.1532378264491,75.41745497117172,75.91410734594216,23184500
2017-12-08,77.40409088134766,77.79037385454671,76.64071713649163,76.91663053865621,24489100
2017-12-11,78.38816833496094,78.51692927935038,77.36727297805527,77.52362455096456,22857900
2017-12-12,78.71009826660156,79.14237031001652,78.25023558500227,78.46176848904726,23924100
2017-12-13,78.49853515625,79.09635786911498,78.33298435910194,78.85722738057987,22062700
2017-12-14,77.89153289794922,78.97680896289891,77.74437349126946,78.5721276114763,19306000
2017-12-15,79.87813568115234,80.09886777398113,78.06627583585541,78.41577591785993,53936700
2017-12-18,79.44588470458984,80.47597977176999,79.30793149568281,80.12648661429121,22283800
2017-12-19,78.94000244140625,79.41825637822876,78.4249516437375,79.41825637822876,23524800
2017-12-20,78.6549072265625,79.37229887904125,77.90993195381033,79.28032073237526,23674900
2017-12-21,78.63650512695312,79.18833884726175,78.54453400972609,79.14235679712147,17990700
2017-12-22,78.64571380615234,78.75607635332464,78.10307222041506,78.5445434599462,14145800
2017-12-26,78.54451751708984,78.66407924268498,78.20421673616448,78.46173861710476,9891200
2017-12-27,78.82963562011719,79.07796532075099,78.37897229648888,78.774454360841,14678000
2017-12-28,78.83885192871094,79.0319933949981,78.68250031556613,79.00440275937808,10594300
2017-12-29,78.67330169677734,79.1423635567285,78.636511843355,78.75607360426734,18717400
2018-01-02,79.05037689208984,79.3814785202471,78.63650336536644,79.21592770616847,22483800
2018-01-03,79.41826629638672,79.56542569036873,79.06877326109861,79.1515451575039,26061400
2018-01-04,80.11725616455078,80.62310778985463,79.62060375523768,79.63899517027336,21912000
2018-01-05,81.1105728149414,81.3129134945788,80.41157965354323,80.62311955051327,23407100
2018-01-08,81.19334411621094,81.4692644985637,80.5679306642319,81.11976441199062,22113000
2018-01-09,81.1381607055664,81.60722253641049,80.80705906225842,81.53364283413168,19484300
2018-01-10,80.77024841308594,81.11054918578927,80.39316481566127,80.8070382547521,18652200
2018-01-11,81.00938415527344,81.05536619764442,80.23681146382096,81.05536619764442,17808900
2018-01-12,82.40739440917969,82.5729452618025,81.34970879614217,81.55204950678649,24271500
2018-01-16,81.25772857666016,83.50186054648982,80.94502534385289,82.86724784621406,36599700
2018-01-17,82.90403747558594,83.03279845544574,81.62561987772993,81.92913090894825,25621200
2018-01-18,82.86723327636719,83.3914763227422,82.46255898841102,82.59131994598062,24159700
2018-01-19,82.77527618408203,83.33630917290769,82.462572953299,82.90403716345706,36875000
2018-01-22,84.25603485107422,84.26523406877104,82.53614602302179,82.7752765645089,23601600
2018-01-23,84.5227279663086,84.89061936561886,84.19162640862383,84.5227279663086,23412800
2018-01-24,84.44918060302734,85.92993896467463,84.22844848574161,85.12058318999529,33277500
2018-01-25,84.918212890625,85.75515901109732,84.55032147875963,85.04697383223613,26383200
2018-01-26,86.50933074951172,86.50933074951172,85.14814168694787,85.64479402608166,29172200
2018-01-29,86.38058471679688,87.7877630786822,86.19664249290906,87.50265052657227,31569900
2018-01-30,85.2953109741211,86.14146347007718,84.70668742203196,85.81036184490877,38635100
2018-01-31,87.38309478759766,87.74178706069002,86.00350696279733,86.22423905002036,48756300
2018-02-01,86.69328308105469,88.35798313587118,86.0678697815026,87.18073622305431,47227900
2018-02-02,84.41238403320312,86.42658461695098,84.15486208069503,86.12307359423203,47867800
2018-02-05,80.93580627441406,85.75516368328218,80.93580627441406,83.29030021151993,51031500
2018-02-06,83.9985122680664,84.13647246470667,78.40658083089811,79.91492974241827,67998600
2018-02-07,82.41654968261719,84.40315183786743,82.03945910167606,83.22590507669037,41107600
2018-02-08,78.18582916259766,82.66488570520217,77.95589789804686,82.5085341293745,55628700
2018-02-09,81.10137176513672,81.79116569361648,77.10056838334353,79.3722908438483,63499100
2018-02-12,81.97509765625,82.57292038936572,80.87143031584084,81.61640541976973,35720300
2018-02-13,82.6189193725586,82.77527097811672,80.75187827209699,81.7911652593881,26407700
2018-02-14,83.91258239746094,84.07891089482584,81.69487849914066,81.78728165325253,34960900
2018-02-15,85.62203216552734,85.67747262191347,83.73697909943931,84.28216238698403,27823900
2018-02-16,85.0121841430664,86.39825236279032,84.82737786706623,85.42800178902057,30596900
2018-02-20,85.67752075195312,85.99169291450383,84.09740340815596,84.53170602690145,30911700
2018-02-21,84.54093933105469,86.26890733235575,84.54093933105469,85.91777250344242,26922500
2018-02-22,84.76271057128906,85.6867562212327,84.42081114284275,85.05840489727467,24392800
2018-02-23,86.91571807861328,86.92496050765173,85.3448435376494,86.4906579916455,26329200
2018-02-26,88.17242431640625,88.20014455480381,87.09129271945304,87.22990096134889,30199800
2018-02-27,87.04509735107422,88.56053165205499,87.04509735107422,88.46812849709934,25869100
2018-02-28,86.64776611328125,88.440417108482,86.51840027341207,87.6364947750868,31167300
2018-03-01,85.7976303100586,87.38698982854977,84.86434230445002,86.851041702564,37135600
2018-03-02,85.98243713378906,86.07484027438659,83.95877522013691,84.62408911229147,32830400
2018-03-05,86.52763366699219,87.10977988559829,85.25245321437029,85.32637150806796,23901600
2018-03-06,86.23193359375,87.31306523476196,85.8807988098912,87.17445698721748,22175800
2018-03-07,86.73091125488281,86.80483658691256,85.40952590695882,86.08408222439178,26716100
2018-03-08,87.25762176513672,87.87673059305398,86.64774831680646,87.10977109284765,25887800
2018-03-09,89.2073745727539,89.2073745727539,87.7843433192734,88.05231742381609,36937300
2018-03-12,89.41989135742188,89.82647368533773,88.74534200418903,89.17040214250625,26073700
2018-03-13,87.23915100097656,89.8541947666152,86.83256866925652,89.63242579018092,35387800
2018-03-14,86.7216796875,88.16319564299427,86.3982651317479,87.89522156825437,32132000
2018-03-15,87.02660369873047,87.39622330118058,85.77914370913042,86.42597272598748,27611000
2018-03-16,87.41470336914062,88.13545773510587,86.78635214370031,87.48862870152365,49081300
2018-03-19,85.83458709716797,86.7678750388219,85.11383272536094,86.6200243728575,33344100
2018-03-20,86.05635070800781,86.64773923536521,85.93622733679399,85.98243242951865,23075200
2018-03-21,85.45573425292969,86.90648546214253,85.20623801031468,85.87155192407741,24457100
2018-03-22,82.97005462646484,84.78118314242853,82.84993123736358,84.337638155909,38604700
2018-03-23,80.55826568603516,83.58913299720196,80.46586257043244,82.70205039758527,44068900
2018-03-26,86.65699768066406,86.860288846375,83.53372600266577,83.72777473814205,56396800
2018-03-27,82.67434692382812,87.91368289433423,81.7872641444229,87.72887662567337,56569000
2018-03-28,82.60042572021484,84.30067308638988,82.11992516776331,82.99776556258936,52501100
2018-03-29,84.33763122558594,85.28016160077323,81.68562510402134,83.3304249961197,45867500
2018-04-02,81.7965087890625,83.97725684585691,80.86322786172097,83.59840183721218,48515400
2018-04-03,82.89611053466797,83.21028963111135,81.21434821814908,82.77598717274047,37213800
2018-04-04,85.31712341308594,85.71446326337075,81.06651548788827,81.17739643686504,35560000
2018-04-05,85.36331939697266,86.00091303782193,84.45775876929586,85.41876692002971,29771900
2018-04-06,83.37661743164062,85.43723467348771,82.68358339919841,84.5409095302107,38026000
2018-04-09,83.87559509277344,86.09330538969273,83.73699392726517,84.1250912905017,31533900
2018-04-10,85.82534790039062,86.19496752931434,84.67953339564434,85.37256755616079,26812000
2018-04-11,84.88282775878906,86.20421322354785,84.53169297546253,85.02143600612344,24872100
2018-04-12,86.4721908569336,87.00813900879277,85.4095369833945,85.4095369833945,26758900
2018-04-13,86.0101547241211,87.02660333922938,85.41876618260692,86.90647996514002,23346100
2018-04-16,87.01737976074219,87.47016721866494,86.32434550259691,86.9249766029713,20288100
2018-04-17,88.77305603027344,89.2073585683427,87.67343956579238,87.78432757016371,26771000
2018-04-18,89.11495971679688,89.37369135622164,88.26483240880466,88.91166855727501,21043300
2018-04-19,88.81004333496094,89.69712646629074,88.0985241135367,89.11498014414275,23552500
2018-04-20,87.7843246459961,88.810015740063,86.90648421949928,88.62520945550824,31154400
2018-04-23,88.10773468017578,88.97633968312833,87.44242080982127,88.46811185163321,22331800
2018-04-24,86.04713439941406,89.14268595051311,85.391062826786,88.93015234674765,34524800
2018-04-25,85.29863739013672,86.21344750614871,83.4228261632135,86.21344750614871,33729300
2018-04-26,87.10054016113281,87.92294018049013,86.02864388202394,86.44446863164036,42529000
2018-04-27,88.54203796386719,90.46405426189172,86.77711475599737,90.1868377968258,48272800
2018-04-30,86.41673278808594,89.07798836250905,86.07484046213857,89.01330545895891,41523600
2018-05-01,87.7843246459961,88.05229869353596,85.74218488706238,86.13028231457206,31408900
2018-05-02,86.40750122070312,87.94141316537622,86.11180692715723,87.77508468463739,27471000
2018-05-03,86.92498779296875,87.71966774193518,85.428031064702,85.89929639488207,31142500
2018-05-04,87.93218231201172,88.12623104121072,85.86231510073881,86.23193474917386,22531300
2018-05-07,88.91168212890625,89.36446256701277,87.8767483633247,87.9414312830542,24242000
2018-05-08,88.53279876708984,88.85622033810962,87.83976462903227,88.56976143377518,23484600
2018-05-09,89.57695770263672,89.60467793490957,87.83051257038207,88.71759525264582,27327400
2018-05-10,90.4732894897461,90.51024510223311,89.67860987304206,90.05746482524356,22388100
2018-05-11,90.27924346923828,90.4363365638024,89.66937709884566,90.3716536601258,16778300
2018-05-14,90.58418273925781,91.19405617679294,89.91886882554965,90.48253716633529,19454100
2018-05-15,89.92810821533203,90.41785120472846,89.0225405189688,89.85418288299468,24594000
2018-05-16,90.16009521484375,90.39210780825277,89.66822964969057,90.35498494365184,17384700
2018-05-17,89.25992584228516,90.5220754912794,88.93510947977907,89.79819700327563,17246700
2018-05-18,89.42696380615234,89.9559524088474,89.10214748528078,89.10214748528078,17865800
2018-05-21,90.57774353027344,90.95824770172445,89.83530724620498,90.02091454710592,19422500
2018-05-22,90.48494720458984,91.1067395014533,90.20652915023577,90.65199662110923,15441200
2018-05-23,91.56148529052734,91.62644855618807,89.3898429747199,89.75178218061032,21251200
2018-05-24,91.23668670654297,91.82136333704027,89.84461028035602,91.62647348703011,26649300
2018-05-25,91.28308868408203,91.85848280109535,90.81906322598095,91.22740789485921,18363900
2018-05-29,90.958251953125,91.76565153829323,90.23437353312659,90.80047795147368,28671000
2018-05-30,91.83061981201172,92.10903787202263,90.86545325302879,91.23666789242282,22158500
2018-05-31,91.7285385131836,92.79579835904788,91.5150907922902,92.14616562528654,34140900
2018-06-01,93.53823852539062,93.6032017964661,92.03479371990264,92.13687987165918,28655600
2018-06-04,94.35490417480469,94.53123605711745,93.59390295495672,93.97440710511283,27281600
2018-06-05,94.83750915527344,94.96743569485963,94.22499225682536,94.66117724563559,23514400
2018-06-06,95.11589813232422,95.21798425845137,94.56835171079105,95.10662272483174,21122900
2018-06-07,93.62174987792969,95.30152642036862,93.15772453877973,95.26440354358084,28232200
2018-06-08,94.31781005859375,94.61478606224334,93.30623798007268,93.81666172484762,22165100
2018-06-11,93.779541015625,94.28068224269767,93.4268771619129,93.74241813205184,23490900
2018-06-12,94.02082824707031,94.150754798112,93.50112204290355,93.82593842050777,18325200
2018-06-13,93.59391021728516,94.67045241109635,93.32477466883235,94.40131686264355,29492900
2018-06-14,94.12291717529297,94.68902877026024,93.73313751069898,94.3363719899799,25691800
2018-06-15,92.92571258544922,94.22498496117649,92.87003181007078,94.20642706287195,65738600
2018-06-18,93.60321044921875,93.83522316457365,92.26681494302534,92.81436863310532,23586000
2018-06-19,93.60321044921875,93.7331370033802,92.34106071125079,92.48026975655696,28653100
2018-06-20,94.54051971435547,95.14374695621252,93.84448174563022,94.07649440187197,26180800
2018-06-21,93.86304473876953,95.08807134701695,93.62174958064762,94.73541463935011,23198200
2018-06-22,93.18558502197266,93.51967679879573,92.46169944420303,93.18558502197266,38923100
2018-06-25,91.31092834472656,92.90717704063812,90.2993562528213,92.80509087423914,35433300
2018-06-26,91.9512710571289,92.87932181770438,91.64501260682731,91.70997587684897,26897200
2018-06-27,90.52204895019531,92.82361028439077,90.39212244328736,92.41527286859301,31298400
2018-06-28,91.53366088867188,91.97912845150769,90.26223564312944,90.37359722348836,26650700
2018-06-29,91.51507568359375,92.72154436764353,91.2552226329897,91.81205161006476,28053200
2018-07-02,92.81433868408203,92.86073696390167,90.9489550720139,91.04175871211706,19564500
2018-07-03,91.92343139648438,93.38974622867329,91.82134524557391,93.2505442778549,14670300
2018-07-05,92.58235931396484,92.73084377539645,91.9048790448713,92.34106409861374,18977400
2018-07-06,93.8816146850586,94.13218526525831,92.4988140076774,92.70298629993316,19234600
2018-07-09,94.52197265625,94.89319439270581,93.96514359179915,94.33636532825496,18212000
2018-07-10,94.77256774902344,95.1345070614347,94.53127251392692,94.66119908348651,19293100
2018-07-11,94.64263916015625,94.9767309887048,93.82594979124443,93.87235517101146,19644600
2018-07-12,96.6936264038086,96.89779873651405,95.33867292731459,95.37578873283692,24335900
2018-07-13,97.8443832397461,98.00215015565422,96.60079164970232,96.86065178706629,24635200
2018-07-16,97.36180114746094,98.20632359231298,96.99985486485024,97.81654400238126,21786900
2018-07-17,98.32697296142578,98.83740370004402,96.81425280587615,97.08338836983258,25901700
2018-07-18,97.55670166015625,98.41978917866221,97.1854799278105,98.3177030252555,29493900
2018-07-19,96.88849639892578,97.73301887066994,96.41518855010011,97.38036214671135,40171600
2018-07-20,98.62394714355469,100.4150853208148,98.4476223210337,100.3037237656363,56004000
2018-07-23,100.20162963867188,100.35939654958531,98.49401276380756,98.65178675518554,29707000
2018-07-24,99.9139404296875,100.9904755455054,99.54271873853949,100.758462873596,26316600
2018-07-25,102.8558578491211,103.15283378143926,99.85825105814244,100.19234986705847,30702100
2018-07-26,101.7329330444336,103.01364062211927,101.62156439749603,102.77234542732081,31372100
2018-07-27,99.93251037597656,102.25263737478687,98.50331129505352,102.25263737478687,37005300
2018-07-30,97.78870391845703,99.79328973038106,97.22259243016933,99.4777558938744,34668300
2018-07-31,98.44761657714844,99.04156843833019,97.79797686116142,98.82811366925017,27655200
2018-08-01,98.63324737548828,98.79101432734706,97.83512304430509,98.40123465317843,23628700
2018-08-02,99.83041381835938,100.31299706841747,97.29683228427572,97.81654549256709,26104300
2018-08-03,100.26659393310547,100.27587642221494,99.13437099754871,100.04386375773083,18659600
2018-08-06,100.35009765625,100.61923314994068,99.82110915636511,100.34082224921691,20265900
2018-08-07,101.04615783691406,101.25033012413171,100.38724268846207,100.74918189563337,16080200
2018-08-08,101.61226654052734,101.85356169883605,100.93479351205549,101.4637821141976,15487500
2018-08-09,101.77932739257812,102.23407737293354,101.71436412116529,101.81645027345196,13677200
2018-08-10,101.15753173828125,101.79788902145596,100.58213772438039,101.54731135392441,18183700
2018-08-13,100.42438507080078,101.69581732784579,100.32229890736458,101.38027634618854,18472500
2018-08-14,101.67723083496094,101.85356273095005,100.26659690844251,100.74918014948531,16788300
2018-08-15,100.29845428466797,101.53750646836238,99.51588790304206,101.0716953459726,29982800
2018-08-16,100.27982330322266,101.41640364078805,99.96307513450523,100.89469742985864,21384300
2018-08-17,100.22391510009766,100.52203391121728,99.39477193455521,100.01895708475672,18061500
2018-08-20,99.56246185302734,100.52203153148596,99.19912978269278,100.1586994611514,17914200
2018-08-21,98.73331451416016,100.0096322581083,98.6121990907168,99.60903446581422,22881900
2018-08-22,99.73947143554688,100.00032451687059,98.54699614508795,98.61220941541887,18000600
2018-08-23,100.20526885986328,100.78287710944753,99.56245445656357,99.82330750227504,18167700
2018-08-24,100.98783874511719,101.13689458759158,100.20527247206044,100.30775147338589,17234000
2018-08-27,102.10578918457031,102.14305492457841,101.09032442327387,101.79835216028835,19662300
2018-08-28,102.72066497802734,102.94425231416082,102.2828014101357,102.4225461606116,19151500
2018-08-29,104.36030578613281,104.36962399740587,102.72996709126876,102.89765935562043,20818000
2018-08-30,104.29511260986328,104.90998673348156,103.81999035911899,104.0342595056788,22798700
2018-08-31,104.64913940429688,105.06836661519759,103.89452047387543,104.05290167391105,23222700
2018-09-04,104.0715103149414,104.30441585421244,102.68339529104571,103.27031469123203,22634600
2018-09-05,101.0716781616211,103.80133115903418,100.7083461165484,103.41936979962729,32872400
2018-09-06,101.3045883178711,101.5374938501224,100.15869707951379,100.8480954648181,23477600
2018-09-07,100.81084442138672,101.28597376659603,99.8978585821997,100.82948084700251,22498600
2018-09-10,101.90083312988281,102.14305689074149,100.95058161838077,101.39775629165939,20727900
2018-09-11,103.6336441040039,103.95971042907189,101.44433351258995,101.45365172408125,24301800
2018-09-12,104.0715103149414,104.20193684831615,102.95356656952566,103.81065724819193,18891100
2018-09-13,105.1894760131836,105.95340600549548,104.45349355229432,104.45349355229432,26055600
2018-09-14,105.6180191040039,105.95340368917108,104.75161011027434,105.60870089116209,19122300
2018-09-17,104.47210693359375,105.92543520757799,104.21125386982355,105.91612410366685,20736500
2018-09-18,105.46894073486328,105.92543358948787,104.08082574802609,104.51868928740005,22170900
2018-09-19,104.06216430664062,105.5713943567555,103.44729754321602,105.31985956892524,21728400
2018-09-20,105.8043212890625,106.01859749880062,104.27646161835285,104.60252793081298,23714500
2018-09-21,106.44715118408203,107.40672088239616,105.74843455625566,106.20492742960921,71229700
2018-09-24,106.82910919189453,107.04338541169668,104.5466377897588,105.30124944942493,27334500
2018-09-25,106.62415313720703,107.22970896143369,105.9720204697094,106.95022657866885,22668000
2018-09-26,106.18627166748047,107.19241795910375,105.96267728470967,106.6427644271427,19352000
2018-09-27,106.58688354492188,107.0526945760084,106.39123665707874,106.93157915899005,19091300
2018-09-28,106.54962921142578,106.73595080071384,105.90680764526986,106.38193693798134,21647800
2018-10-01,107.704833984375,107.77004724854069,106.88500907661869,106.9036383916463,18883100
2018-10-02,107.27628326416016,107.91909766210469,106.61483244441297,107.41602799683066,20787200
2018-10-03,107.29492950439453,108.23586993791932,107.07134216147747,107.5278350596829,16648000
2018-10-04,105.0776596069336,106.91295631775922,103.99697453768518,106.77321157843052,34821700
2018-10-05,104.46277618408203,105.4316639530208,103.07466134264541,104.92858720139613,29068900
2018-10-08,103.27030944824219,104.36962382209823,101.8635580723057,104.02492819041348,29640600
2018-10-09,104.58390045166016,105.34783030042159,103.2237330188758,103.54048112576369,26198600
2018-10-10,98.90101623535156,103.87587537525322,98.55631346232504,103.633651612918,61376300
2018-10-11,98.66809844970703,101.48159401945996,97.07501842931732,98.1463852487798,63904300
2018-10-12,102.07786560058594,103.63367329537118,99.79539357447418,101.55615933352378,47742100
2018-10-15,100.24253845214844,101.99399258252079,99.6369826540455,101.46296825969172,32068100
2018-10-16,103.41007995605469,103.79204852795564,101.50025131197873,102.04991218973862,31610200
2018-10-17,103.139892578125,104.16467557329408,102.05921452560354,104.04356724645947,26548200
2018-10-18,101.08099365234375,102.97218529957298,100.4568085771157,102.57158752890037,32506200
2018-10-19,101.23006439208984,103.279630241779,100.81083016757651,101.4815992406276,32785500
2018-10-22,102.13370513916016,102.98148446990841,100.83875128197998,101.84490462801826,26545600
2018-10-23,100.70835876464844,101.51887264037238,97.92281036667949,100.40092173167935,43770400
2018-10-24,95.32357025146484,101.07167673761663,94.64348301059296,100.99715237361737,63897800
2018-10-25,100.89468383789062,101.79835137216658,98.89169475116951,99.26434504065232,61646800
2018-10-26,99.64630889892578,101.3139134771301,97.59674291764615,98.46315184134531,55523100
2018-10-29,96.74895477294922,101.26732058822215,94.6807525499976,100.71766695462088,55162000
2018-10-30,96.63717651367188,97.24272527366979,93.26470150084772,96.57196324223918,65350900
2018-10-31,99.50655364990234,100.74561274157315,98.18365198141943,98.23023592923451,51062400
2018-11-01,98.67740631103516,99.98167860893372,98.3140742783815,99.73014378160126,33384200
2018-11-02,98.90101623535156,99.98169429212354,97.80170175424662,99.19913505525899,37680200
2018-11-05,100.15869903564453,100.37296814918133,98.65878681003531,99.09665035645342,27922100
2018-11-06,100.35435485839844,101.39776728094031,99.01281647774283,100.03759958175962,24340200
2018-11-07,104.30441284179688,104.56526590101265,101.91946246300942,101.95672820114208,37901700
2018-11-08,104.10877227783203,104.53731760162061,103.32621310596923,104.1553562270817,25644100
2018-11-09,102.07786560058594,103.82931314551949,101.32325373462605,103.27034112970792,32039200
2018-11-12,99.56246185302734,102.44117088840322,98.84510881631647,101.93809407385237,33621800
2018-11-13,99.627685546875,101.30460132984668,99.34819602918955,100.19597568717873,35374600
2018-11-14,98.21484375,101.29312251629713,97.74702035947007,101.14341560488671,39495100
2018-11-15,100.37618255615234,100.86272286540327,97.2230575659847,98.2335506343939,38505200
2018-11-16,101.3211898803711,101.87321804986729,99.9270781876941,100.18905814192404,33502100
2018-11-19,97.88735961914062,101.57380273647784,96.88621794288454,101.30246433882107,44773900
2018-11-20,95.16460418701172,96.34352076992876,92.95647788687592,95.24881608357106,64052500
2018-11-21,96.47455596923828,97.7096096370094,95.6605405665452,96.93302096829963,28130600
2018-11-23,96.43710327148438,97.12947981771816,95.43596160683177,95.59501982962291,13823100
2018-11-26,99.61833190917969,99.76803170920223,97.84995974474381,98.0464447476345,32336200
2018-11-27,100.24520111083984,100.42297629339376,98.57975089034167,99.4311857963454,29124500
2018-11-28,103.96907043457031,104.16555539735893,100.9188600013365,100.94692826196084,46788500
2018-11-29,103.0988998413086,103.96905145389876,102.01354637252216,103.22988979258737,28123200
2018-11-30,103.75389862060547,103.82875209625159,102.3223598063701,103.57612340055103,33665600
2018-12-03,104.87666320800781,106.12107536483474,103.60418992324537,105.72810535902194,34732800
2018-12-04,101.53636932373047,105.39123601588186,101.24632115221829,104.73628622910682,45197000
2018-12-06,102.16329193115234,102.21006999522339,98.24292895796405,99.01015916524184,49107400
2018-12-07,98.07453155517578,102.40657518284944,97.58799819009774,101.40543304261293,45044900
2018-12-10,100.66622924804688,101.0311380436939,97.20433916823795,98.05578112738414,40801500
2018-12-11,101.60189056396484,103.81001775643406,100.5259023702065,102.73402956267572,42381900
2018-12-12,102.06034088134766,104.10940224264537,102.0229141577892,103.75385907646647,36183000
2018-12-13,102.40653991699219,103.73516380483767,101.63930982269034,102.52817857018866,31333400
2018-12-14,99.20663452148438,102.2287769927059,98.71074283234098,101.28377167394228,47043100
2018-12-17,96.26872253417969,98.99145882325423,95.16465875108044,98.62655705191317,56957300
2018-12-18,97.27921295166016,97.78446315305398,95.92252061317132,97.0733694838605,49319200
2018-12-19,97.0172119140625,100.00192013467023,94.82779484946037,96.97978518817669,68198200
2018-12-20,94.9775161743164,97.5973231383496,92.42319706750443,96.41841321682328,70334200
2018-12-21,91.90859985351562,96.37163250940587,91.1881477294741,95.089793662508,111242100
2018-12-24,88.07242584228516,91.66531306751581,87.93208454078325,91.39397465391515,43935200
2018-12-26,94.0886459350586,94.21028459541802,87.91337808820255,89.01744166827825,51634800
2018-12-27,94.66874694824219,94.67810541533933,90.19635622393604,92.90973347017926,49498500
2018-12-28,93.92958068847656,95.81959120202131,93.11556541124668,95.52017737630305,38196300
2018-12-31,95.0336685180664,95.81025726591355,93.97638994437038,94.77168849190599,33173800
2019-01-02,94.61260223388672,95.2020571184505,92.57289202679499,93.14363711720264,35329300
2019-01-03,91.13200378417969,93.74245932841443,90.94487013283985,93.65824740070678,42579100
2019-01-04,95.37045288085938,95.91312959167858,92.56351323810486,93.30267486730688,44060600
2019-01-07,95.49211883544922,96.62425071012335,94.48162562446007,95.09914885681903,35656100
2019-01-08,96.18450164794922,97.27920677896326,95.16464284176976,96.40905489929126,31514400
2019-01-09,97.5599136352539,98.13065890023238,96.59619832703727,97.17630206116533,32280800
2019-01-10,96.93297576904297,97.0733241714319,95.79148589929012,96.57743266961843,30067600
2019-01-11,96.18450164794922,96.78331507714078,95.09914784602752,96.54940335828722,28314200
2019-01-14,95.48273468017578,96.24996457686689,94.74357303824878,95.34238626793856,28437100
2019-01-15,98.25228118896484,98.28970792089758,95.32370187639646,95.91316398131302,31587600
2019-01-16,98.59847259521484,99.42184647624642,98.20550259113324,98.4861995302885,29853900
2019-01-17,99.29085540771484,99.76803020536256,98.01837500381502,98.24292826967393,28393000
2019-01-18,100.77851867675781,100.95629385782408,99.09435867459821,100.54460697047853,37427600
2019-01-22,98.87916564941406,100.20778254725231,98.11193546940977,99.88030755671744,32371300
2019-01-23,99.8428726196289,100.15163778751308,98.56103388952779,99.29084441500461,25874300
2019-01-24,99.36568450927734,100.11420478358741,98.56102771284047,99.9832148063459,23164800
2019-01-25,100.27327728271484,100.93758572989395,99.36569864102442,100.33877228065026,31225600
2019-01-28,98.3177490234375,99.6276557255243,97.92477915433663,99.4218123259713,29476700
2019-01-29,96.31548309326172,98.21484493967318,95.5950310656045,98.13063301638016,31490500
2019-01-30,99.53412628173828,99.53412628173828,97.61605419568231,97.88739268499583,49471900
2019-01-31,97.7095947265625,98.44875654849314,96.54003623713147,97.12013981771993,55636400
2019-02-01,96.16577911376953,97.40083263186976,95.76345069522982,97.10142593470664,35535700
2019-02-04,98.935302734375,98.99144640336677,96.15643025633416,96.25000065851395,31315100
2019-02-05,100.3200454711914,100.36682352554445,99.1411285698546,99.23469181697888,27325400
2019-02-06,99.20663452148438,100.11421310957806,98.73881109573868,100.11421310957806,20609800
2019-02-07,98.49554443359375,98.79495115122825,97.57861448389652,98.42069810799954,29760700
2019-02-08,98.86980438232422,98.97272611049542,97.55054598968673,97.6721775146076,21461100
2019-02-11,98.47684478759766,99.72125698602039,98.21486477496549,99.36570656451678,18914100
2019-02-12,100.01128387451172,100.24519556981902,98.69202562495619,99.30954878858985,25056600
2019-02-13,99.93643951416016,100.8440181166995,99.8428762552056,100.58203813625909,18394900
2019-02-14,100.02063751220703,100.38553916819592,98.86043755825307,99.46860222595582,21784700
2019-02-15,101.25568389892578,101.33053734584165,100.45102719062422,100.96563571514879,26606900
2019-02-19,101.20890808105469,101.66738013205165,100.84400641657516,100.85336488291054,18038500
2019-02-20,100.6827163696289,101.42503496017578,99.87462307707938,101.34986182391424,21607700
2019-02-21,102.80630493164062,102.87207962984323,100.41961176001081,100.44779989225414,29063200
2019-02-22,104.27214050292969,104.48825428641365,103.1915500787975,103.40767103118559,27763200
2019-02-25,104.85472106933594,105.40911396699464,104.54464443966386,105.01446577002683,23750600
2019-02-26,105.5782699584961,106.40515307597035,104.46009268608974,104.54466426942678,21536700
2019-02-27,105.39972686767578,105.57826128646259,104.18758684471841,104.94870235661115,21487100
2019-02-28,105.2681655883789,106.0668604120745,104.98627709296521,105.27756402223072,29083900
2019-03-01,105.73798370361328,106.19840658369955,104.92989047061859,106.07625562295544,23501200
2019-03-04,105.48429107666016,106.41453533855149,104.11241360055536,106.19841436411974,26608000
2019-03-05,104.95806884765625,105.60642449428823,104.51644287574702,105.474875112204,19538300
2019-03-06,105.00507354736328,105.86015186027751,104.70438816490108,105.11783325412598,17687000
2019-03-07,103.7271499633789,104.81713886167553,103.23853894721778,104.67619103256415,25339000
2019-03-08,103.83993530273438,104.02786100868641,102.23314685945408,102.57141886529269,22818400
2019-03-11,106.01988983154297,106.132642369858,104.28155223310416,104.29094349869374,26491600
2019-03-12,106.76220703125,107.10987024500496,105.8507524577428,106.01048999751697,26132700
2019-03-13,107.58908081054688,108.05890212413006,106.91253697196241,107.24141045768977,35513800
2019-03-14,107.67363739013672,108.24681992461454,107.42933548641788,107.626659563531,30763400
2019-03-15,108.91397094726562,110.17308851782413,107.67363590440567,108.37836781390135,54681100
2019-03-18,110.47379302978516,110.51137959842035,109.04553926617237,109.15829180317301,31207600
2019-03-19,110.54896545410156,111.29128404982322,109.9287978289778,110.9624033686125,37588700
2019-03-20,110.42680358886719,111.58256722900994,109.66569531908091,110.30465262239059,28113300
2019-03-21,112.96385192871094,113.52763614181903,110.02276554933995,110.0697505541428,29854400
2019-03-22,109.98517608642578,112.371862131279,109.97577765254397,112.28729773305633,33624500
2019-03-25,110.55835723876953,110.88723073129489,109.29923236450956,109.52474459239774,27067100
2019-03-26,110.79328155517578,111.5449914637493,109.79725535218049,111.46042705620823,26097700
2019-03-27,109.7220687866211,111.07515649297636,108.54751547732783,110.76507269878586,22733400
2019-03-28,109.87242126464844,110.48319045380126,109.12070423662882,110.35164104923355,18334800
2019-03-29,110.82144927978516,111.17851088292561,109.90059638792269,110.94360023559277,25399800
2019-04-01,111.83627319335938,111.9208447658488,110.97180361293991,111.7704984898254,22789100
2019-04-02,111.99600219726562,112.26849940766358,111.36643621584082,111.87384407290212,18142300
2019-04-03,112.72892761230469,113.16116236238899,111.95842094147538,112.62556634936014,22860700
2019-04-04,112.15574645996094,112.9732381403075,111.23489351535545,112.85108000859908,20112800
2019-04-05,112.65377044677734,112.97325271449385,112.16515936362343,112.18394906459247,15826200
2019-04-08,112.69134521484375,112.77590961370556,111.47920531549212,112.57858551412339,15116200
2019-04-09,112.08058166503906,112.32489077772428,111.42283463346922,111.46981246777851,17612000
2019-04-10,112.9356689453125,113.08600806351042,112.32489969953937,112.53162225985386,16477200
2019-04-11,113.06720733642578,113.55581838405448,112.6819503899703,113.26453144232804,14209100
2019-04-12,113.64978790283203,113.67798320725163,113.10480055544288,113.35850094397703,19745100
2019-04-15,113.74374389648438,114.24175334628188,113.2927122771199,113.64038263306553,15792600
2019-04-16,113.48064422607422,114.30753437925357,112.85108534592526,114.29813594508431,14071800
2019-04-17,114.42028045654297,114.49545358784515,113.26452403061568,113.92227100724874,19300900
2019-04-18,115.92373657226562,116.06467725927541,113.97867623356736,114.81495776471891,27991000
2019-04-22,116.2901840209961,116.5156962645373,115.17200689989167,115.2189919030442,15648700
2019-04-23,117.86878204345703,118.00033144734353,116.35595672985738,116.60965710337997,24025500
2019-04-24,117.46472930908203,118.25402569149003,117.00429925043957,118.19764942671931,31257000
2019-04-25,121.35485076904297,123.44085874099422,121.05417255624629,122.2099290797944,38033900
2019-04-26,122.0501937866211,122.6421732953985,121.23270919854578,121.87165937363677,23654900
2019-04-29,121.93743896484375,122.32268158070436,121.54279074564829,122.05958276790737,16324200
2019-04-30,122.71733856201172,122.81129422642175,121.58036462151854,121.97501282278304,24166500
2019-05-01,120.16151428222656,122.76432158857914,119.99237829766501,122.65156904480835,26821700
2019-05-02,118.59230041503906,120.27426165311287,117.94394467926577,120.25547195404762,27350200
2019-05-03,121.11993408203125,121.6179435486845,119.56952941608199,119.67289068299922,24911100
2019-05-06,120.4151840209961,120.80044089788727,118.49831957580771,118.76141833617068,24239800
2019-05-07,117.94393920898438,119.50374940852787,116.72240809706778,118.82720557108271,36017700
2019-05-08,117.93457794189453,118.7426713789538,117.22044735751297,117.86880322812952,28419000
2019-05-09,117.92515563964844,118.19765287549865,116.1116449912626,116.7881888638694,27235800
2019-05-10,119.45677947998047,120.20849654284365,116.34656429097183,117.37077860990028,30915100
2019-05-13,115.90492248535156,117.97214067094319,115.61363555025692,116.61905292538538,33944900
2019-05-14,117.20162963867188,118.2822129395221,116.23379169761566,116.39353639477913,25266300
2019-05-15,118.85208129882812,119.50283696020686,116.66404130765521,117.19219385410436,24722700
2019-05-16,121.5965576171875,122.02097348912753,119.26705528955682,119.54056118451668,30112200
2019-05-17,120.78549194335938,123.03955015772495,120.64401518393481,121.0118317330277,25770500
2019-05-20,119.04072570800781,120.33279678540593,118.60689094084681,119.323657671578,23706900
2019-05-21,119.68203735351562,120.27620089890222,119.38023896920862,120.18189025295149,15293300
2019-05-22,120.40823364257812,120.9458194188518,119.32364325796706,119.41796109653912,15396500
2019-05-23,119.00299072265625,119.10673459317054,117.64489437806272,119.02184997391286,23603800
2019-05-24,119.05957794189453,120.17246086872368,118.80493847014878,119.69147440037712,14123400
2019-05-28,118.98414611816406,120.7194852650368,118.88040223487907,119.75750503282553,23128400
2019-05-29,117.8335189819336,118.25792047790263,116.9847087945546,118.24848725486483,22763100
2019-05-30,118.57859802246094,118.60689049916843,117.68262881922088,118.13533003286577,16829600
2019-05-31,116.64519500732422,117.53173096960303,116.30567090242772,117.16391438853874,26646800
2019-06-03,113.02361297607422,117.29595699110146,112.24082804376893,116.80553005992216,37983600
2019-06-04,116.15476989746094,116.26793979687059,113.78753449711253,114.38169805533683,29382600
2019-06-05,118.67290496826172,118.71063066784006,117.14504651482567,117.84295396842124,24926100
2019-06-06,120.54972076416016,120.69119034718373,118.45599108264857,119.24821643031544,21459000
2019-06-07,123.92607116699219,124.72772962794798,120.96467233974083,121.84178219391802,33885600
2019-06-10,125.05783081054688,126.45364564294155,124.49195254263658,124.86919512732202,26477100
2019-06-11,124.5862808227539,126.60455904077563,123.81291475120523,126.26503492975873,23913700
2019-06-12,124.01097869873047,124.46367272456213,123.27534551017266,123.9260868762941,17092500
2019-06-13,124.79376220703125,125.43507750016029,124.07698112543689,124.47309016958411,17200800
2019-06-14,124.91634368896484,126.18012207282777,124.15241816425488,124.73714843929096,17821700
2019-06-17,125.29360961914062,126.12354617432133,124.99180404206983,125.08612188262495,14517800
2019-06-18,127.47220611572266,127.54765750386655,125.97264755242516,126.55737782193921,25934500
2019-06-19,127.97210693359375,128.19844679197587,126.19903462487409,127.32135105897277,23744400
2019-06-20,129.16036987304688,129.82999186515318,128.00033550538453,129.6319301970747,33042600
2019-06-21,129.17930603027344,129.89607292890034,128.69831942090514,128.8114893546655,36727900
2019-06-24,129.94317626953125,130.52790653163552,129.20754323305147,129.20754323305147,20628800
2019-06-25,125.84060668945312,129.76399283504205,125.18042498007084,129.44333520346805,33327400
2019-06-26,126.31218719482422,128.0192482738743,126.00096993231979,126.70831067432559,23657700
2019-06-27,126.51966857910156,127.04782839482243,125.91607175201837,126.51024255040215,16557500
2019-06-28,126.34048461914062,126.94408143155977,125.58598500589589,126.91578895526537,30043000
2019-07-01,127.96263122558594,128.92461853109336,127.29302347467325,128.85860755423033,22613500
2019-07-02,128.8114471435547,128.8208731713169,127.6419721113461,128.3776052214973,15237800
2019-07-03,129.64141845703125,129.9054911846708,128.53795422760638,129.01895514578754,13629300
2019-07-05,129.26412963867188,129.51877627445242,128.00035126845566,128.20783898785004,18141100
2019-07-08,129.16981506347656,129.30185138344893,127.67024224057963,128.64165539270758,16779700
2019-07-09,128.69827270507812,129.1792591398545,128.07580951356877,128.26443079833118,19953100
2019-07-10,130.0092010498047,130.69767516736007,129.22640910096527,129.33015295902544,24204400
2019-07-11,130.52793884277344,131.30130495972793,130.02808587094057,130.3393175235527,22327900
2019-07-12,130.99949645996094,131.21642464364177,130.16011937560694,130.95235192435405,18936800
2019-07-15,130.99949645996094,131.6030933027449,130.58453532314013,131.5087898406472,16651500
2019-07-16,129.2830047607422,131.1409539421897,128.75485939988272,131.05607652152622,22726100
2019-07-17,128.51910400390625,130.08467394272452,128.47194507525072,129.8677601399705,20211000
2019-07-18,128.66055297851562,128.8491742825783,127.01009138392182,127.84004239085728,30381800
2019-07-19,128.84918212890625,132.66882493002737,128.68885329114553,132.24442337232145,48992400
2019-07-22,130.55624389648438,131.27302512580252,129.5188193454019,129.59427075853463,25074900
2019-07-23,131.3673095703125,132.02750574187212,130.17898236509546,131.81057756395577,18034600
2019-07-24,132.7159881591797,132.73485460861139,130.95235649575224,130.99950103300492,20738300
2019-07-25,132.21612548828125,132.61223455200232,131.39561488420782,132.4424653013314,18356900
2019-07-26,133.3007049560547,133.62136260921432,132.31986554907147,132.38587652901236,19037600
2019-07-29,133.00833129882812,133.46102527389118,131.442747246086,133.45159924618142,16605900
2019-07-30,132.36700439453125,133.18751485047696,131.84828509846412,132.16894270298536,16846500
2019-07-31,128.51910400390625,132.4990758155734,127.39678769997333,132.3481730002295,38598800
2019-08-01,130.20726013183594,132.92345274076433,129.14152898357796,129.20755434962808,40557500
2019-08-02,129.1132049560547,130.45244887796494,127.56648774083266,130.23552077757085,30791600
2019-08-05,124.69001770019531,126.31217237188596,123.34134736044643,125.71801600412759,42749600
2019-08-06,127.0289535522461,127.96263401271166,125.63313868014475,126.18957654519347,32696700
2019-08-07,127.58541870117188,127.93436889609885,124.33165384952251,126.18016310960044,33414500
2019-08-08,130.99008178710938,131.08439964826775,128.1984371529115,128.8303409190795,27496500
2019-08-09,129.87716674804688,131.45217669708933,128.69826579299587,130.72596967933129,23466700
2019-08-12,128.06634521484375,130.0186118448453,127.54764037618993,129.2735528721557,20484300
2019-08-13,130.71658325195312,130.90520458372646,127.3213417164926,128.31162169690901,25154600
2019-08-14,126.78010559082031,129.56211657637627,126.48676685022701,129.03221247223303,32527300
2019-08-15,126.49623107910156,127.34787509702798,125.14308405734968,127.16808310083891,28074400
2019-08-16,128.81459045410156,129.1268585007604,127.48035819259715,127.63176350712365,24449100
2019-08-19,130.9720458984375,131.10452191896815,129.53372450495954,130.44214181631492,24355700
2019-08-20,129.88385009765625,131.25594084277455,129.86493526333263,130.78281008619717,21170800
2019-08-21,131.3316192626953,131.99401382354478,130.58407907613025,131.10452575731034,14970300
2019-08-22,130.3759307861328,131.71962061507094,128.96599571015062,131.20864567007473,18697000
2019-08-23,126.2218246459961,130.91528817808523,125.66353380977326,129.81762134026047,38508600
2019-08-26,128.1710968017578,128.2751861276735,126.70438882341962,127.73582466705759,20312600
2019-08-27,128.44552612304688,129.37285824127366,127.423562090412,129.06059025029055,23102100
2019-08-28,128.27520751953125,128.464456933083,126.37322708930843,127.63175662569438,17393300
2019-08-29,130.6976318359375,131.00044244210687,129.55266352352007,129.87438896347172,20168700
2019-08-30,130.45162963867188,131.70068748926707,128.94707710364324,131.67230079530856,23940100
2019-09-03,128.72940063476562,129.82706737636414,128.40767520875343,129.2687765890835,18869300
2019-09-04,130.23397827148438,130.29075165276046,129.1457688547412,129.92171023566092,17995900
2019-09-05,132.52392578125,132.83619380847887,131.3032403621913,131.63443766225953,26101800
2019-09-06,131.62501525878906,132.64696524309002,130.773371020127,132.50503175605056,20824500
2019-09-09,130.12985229492188,132.24001085823917,129.12681767125,132.08860559158657,25773900
2019-09-10,128.7672576904297,129.53372714187452,127.28162030820413,129.4485670781148,28903400
2019-09-11,128.8050994873047,128.947047363165,127.83045138270464,128.60639267542496,24726100
2019-09-12,130.12985229492188,130.98148165194115,129.51477381369602,130.44212024284252,27010000
2019-09-13,129.94064331054688,130.64086761851087,129.23094714622312,130.3759155389344,23363100
2019-09-16,129.00379943847656,129.35391148461312,128.3698061262937,128.53066880799972,16731400
2019-09-17,130.0068359375,130.12985452361227,129.09841876082714,129.5999505200536,17814200
2019-09-18,131.07611083984375,131.21804425014176,129.19304577668646,129.97844433753696,23982100
2019-09-19,133.48912048339844,134.7192489168912,132.54285895683168,132.7604950650766,35772100
2019-09-20,131.94668579101562,134.0379153020489,130.8206324671658,133.43230861176025,39167300
2019-09-23,131.66282653808594,132.1264998781188,131.00044636575674,131.7479866090701,17139300
2019-09-24,129.99742126464844,133.1295448031249,129.52429047179567,132.81727674718536,29773200
2019-09-25,131.87100219726562,132.43876486839468,128.71994969398878,130.11095524333092,21382000
2019-09-26,132.0413055419922,132.6469122427319,131.0004266957097,131.9466880680407,17456600
2019-09-27,130.32858276367188,132.81725494599414,129.3066186862027,132.61853369254032,22477700
2019-09-30,131.55874633789062,131.73853834833454,130.3759193626605,130.63141403217585,17280900
2019-10-01,129.7040557861328,132.71316007868177,129.63781055814192,132.15486932334264,21466600
2019-10-02,127.4140625,129.0416328896669,126.4015705424885,128.92808616813656,30521700
2019-10-03,128.9564971923828,129.40124118739985,126.0609397363503,127.69796784890939,24132900
2019-10-04,130.6976318359375,130.82065044954436,129.08899019737487,129.40125822043538,22897700
2019-10-07,129.75137329101562,130.75440817878032,129.65675580354625,129.7703025640314,15303700
2019-10-08,128.3793182373047,130.35700164998332,128.3320022663377,129.71355064901513,25550500
2019-10-09,130.81117248535156,131.24644461484368,129.60941654394114,130.07308979725434,19749900
2019-10-10,131.62501525878906,132.16437694834744,130.82068699540966,131.04779501348122,17654600
2019-10-11,132.17381286621094,133.45127179698633,132.0034927094708,132.59017027887273,25446000
2019-10-14,132.05076599121094,132.7509901054232,132.022379307597,132.1832419943431,13304300
2019-10-15,133.96224975585938,134.17041400568684,132.29682024680068,132.53338562580973,19695700
2019-10-16,132.86459350585938,133.41342696149533,132.03187868505913,133.2241630921818,20751600
2019-10-17,132.18325805664062,133.82028624544105,131.5492646475538,133.37554222971096,21460600
2019-10-18,130.02581787109375,132.4766320996231,129.22148968639465,132.24952410376747,32273500
2019-10-21,130.99099731445312,131.05724256262133,129.64730746271346,131.00992659090224,20078200
2019-10-22,129.0416717529297,132.48606291842205,128.93758241391188,131.50195734491172,27431000
2019-10-23,129.8649444580078,130.06365130410842,128.32253346194244,129.52428971160091,29844600
2019-10-24,132.41983032226562,132.8740317777983,131.21807423155636,131.89938363425736,37029300
2019-10-25,133.16734313964844,133.55531372174337,131.71956456627072,131.85204056518106,25959700
2019-10-28,136.4414520263672,137.84191504487853,135.79798667917763,136.6401588615074,35280100
2019-10-29,135.15451049804688,136.7347652215847,134.98417594668706,136.33733718681492,20589500
2019-10-30,136.8388671875,137.20790857093175,135.11666443894944,135.80744568493486,18496600
2019-10-31,135.66549682617188,137.1416623492386,135.30592730055537,137.11327566139528,24605100
2019-11-01,135.9967041015625,136.65908426461232,135.28700797569383,136.5076789591139,33128400
2019-11-04,136.78207397460938,137.20788867238403,136.41303264469778,137.04702598383813,16912000
2019-11-05,136.69696044921875,137.22686464803533,136.17651366866443,137.17954867911104,18250200
2019-11-06,136.3184356689453,136.75372233210163,135.50465016384854,136.61177443727,16575800
2019-11-07,136.50762939453125,137.09432113061447,136.04397066814866,136.11020144100357,17786700
2019-11-08,138.11631774902344,138.14470443539548,136.03453115638695,136.2427098156506,16732700
2019-11-11,138.25830078125,138.55163960486556,136.95245498444993,137.52967521243175,14362600
2019-11-12,139.16668701171875,139.63981776605712,138.21095364712016,138.41913233413342,18641600
2019-11-13,139.39376831054688,139.53571618768487,138.41912019717392,138.85440680607223,16919200
2019-11-14,140.1034698486328,140.4346671360793,139.10043500844046,139.11936428055844,19729800
2019-11-15,141.9108123779297,141.92974164733593,140.30217100964686,140.92669251203296,23485700
2019-11-18,142.2609405517578,142.45966180601263,140.9740244236987,142.00546036046342,21534000
2019-11-19,142.3082733154297,143.1977614788163,142.12848131149343,142.77194667090717,23935700
2019-11-20,142.0614013671875,143.21976982554105,140.96001396227345,142.71654584634737,25696800
2019-11-21,141.9284210205078,142.2322619058404,140.99793366305576,141.85246079917468,18576100
2019-11-22,142.032958984375,142.7070973421402,141.30186853264286,142.48872061551504,15901800
2019-11-25,143.5900421142578,143.70398971346074,142.34622402312368,142.4221842599477,22420900
2019-11-26,144.3496551513672,144.71995231545992,143.6755314749622,143.7135043560251,24620100
2019-11-27,144.625,144.7958996814808,143.86541205490357,144.63448959743727,15184400
2019-11-29,143.73248291015625,144.60600396201295,143.63752898559005,144.41611060081536,11977300
2019-12-02,141.99493408203125,144.15975032921867,140.82707611687533,144.14075664622644,27418400
2019-12-03,141.76707458496094,141.88100772410974,139.2414504222886,140.03902586014226,24066000
2019-12-04,142.27980041503906,142.59311654269516,141.6626287826511,142.55514365956435,17574700
2019-12-05,142.35574340820312,142.72605507318448,141.92847966360355,142.46969103125002,17869100
2019-12-06,144.0837860107422,144.1977191296033,142.67855775569407,143.36218544473041,16403500
2019-12-09,143.71348571777344,144.52055059307088,143.28622204353016,143.4381425239518,16687400
2019-12-10,143.4951171875,144.2167177783611,143.1437992456888,143.6470231885677,16476100
2019-12-11,144.03631591796875,144.19772600669825,142.73553112248442,143.88439542695198,18856600
2019-12-12,145.49855041503906,145.68844381763338,143.39070032398482,143.98886381776003,24612100
2019-12-13,146.72332763671875,147.06514144581269,145.10921250574927,145.2706225700529,23845400
2019-12-16,147.67282104492188,148.024124479351,146.99869745518305,147.27404064931557,24144200
2019-12-17,146.87525939941406,147.84373434764453,146.64737867984974,147.5968599461329,25425600
2019-12-18,146.5714569091797,147.62538197088486,146.39105310316756,146.50500073682363,24129200
2019-12-19,147.84373474121094,147.90070129927008,145.98274507965075,146.22011539685346,24958900
2019-12-20,149.4578399658203,150.48328140583862,148.3944111643568,149.40087341158596,53477500
2019-12-23,149.4578399658203,150.1319635081712,149.32491317662905,150.1319635081712,17718200
2019-12-24,149.42938232421875,149.74271291419478,149.18250789627257,149.52432176825226,8989200
2019-12-26,150.65420532226562,150.71117188567098,149.448359941088,149.60028043545944,14520600
2019-12-27,150.92958068847656,151.4897712780873,150.2269591857519,151.39481733601136,18412800
2019-12-30,149.62876892089844,150.98653484366739,148.81221434517386,150.95805156097413,16348400
2019-12-31,149.73321533203125,149.79968598488423,148.54636357054093,148.850204575692,18369400
2020-01-02,152.50570678710938,152.61015032675982,150.3314006281245,150.75866438562647,22622100
2020-01-03,150.60675048828125,151.8695626184331,150.0750431677832,150.32191762939865,21116200
2020-01-06,150.99603271484375,151.0625033700607,148.60333542196298,149.14454679865977,20813700
2020-01-07,149.61927795410156,151.60369056590727,149.3724180103726,151.27138077488013,21634100
2020-01-08,152.00244140625,152.67657943105735,149.97055222344378,150.90103974022296,27746500
2020-01-09,153.90142822265625,154.0248654340376,152.89498031182998,153.66405788565248,21385000
2020-01-10,153.18930053710938,154.97432991321804,153.03738006085885,154.59454321052573,20725900
2020-01-13,155.03131103515625,155.0597943161375,153.1133546841182,153.5880953510529,21626500
2020-01-14,153.9394073486328,155.33514601452856,153.55011653968288,155.13574856742852,23477400
2020-01-15,154.93637084960938,155.65798599963676,154.35720109299407,154.40466357354921,21417900
2020-01-16,157.77532958984375,157.8418002450404,155.74343988204842,156.04728089791246,23865400
2020-01-17,158.65830993652344,159.0096133346895,157.07266362690274,158.9621363784131,34371700
2020-01-21,158.08863830566406,159.69326403956893,158.02216765967506,158.25953798746136,29517200
2020-01-22,157.3290252685547,159.02860465770164,157.31003158873907,158.94314034249766,24138800
2020-01-23,158.29754638671875,158.37350664025567,156.9208012002122,157.79432238398144,19680800
2020-01-24,156.70237731933594,159.06659082024498,156.14218686539624,159.04759713884232,24918100
2020-01-27,154.08181762695312,155.12625280753838,152.1068948687137,153.00889916761867,32078100
2020-01-28,157.10118103027344,157.38601382767297,154.83192132073702,155.50604492516229,24899900
2020-01-29,159.55084228515625,160.22498042935823,157.3195697689756,159.36094890964196,34754500
2020-01-30,164.0513916015625,165.2572370102274,162.16191844057855,165.2572370102274,51597500
2020-01-31,161.6302032470703,163.69057600096366,161.0130461758437,163.51018671757376,36142700
2020-02-03,165.57058715820312,165.6845203010666,161.7916403899352,161.82012367565108,30107000
2020-02-04,171.0205841064453,171.51431848810714,167.4030623122053,168.1911336080325,36433300
2020-02-05,170.8117218017578,174.89449528670966,169.39700359144013,174.73308516483158,39186300
2020-02-06,174.35324096679688,174.5336447165649,170.96358605909285,171.82761744591156,27751400
2020-02-07,174.60006713867188,176.2521693570441,173.26129540074598,173.61261323587536,33529100
2020-02-10,179.1671142578125,179.30004105721275,173.99244419039184,174.30577475067838,35844300
2020-02-11,175.1223602294922,181.06610886617437,174.22984535212527,181.01863189628392,53159900
2020-02-12,175.3787384033203,176.46114675950002,172.6632206693343,176.2047826917911,47062900
2020-02-13,174.4292755126953,176.82195877376208,173.63169993773323,173.8310974534587,35295800
2020-02-14,175.98638916015625,176.04335572798814,173.42277770422567,173.99247235841844,23149500
2020-02-18,177.77139282226562,178.2176502251347,176.12879410902988,176.23323763923193,27792200
2020-02-19,178.3045196533203,179.16138093295262,177.5333415961503,179.04713663633623,29997500
2020-02-20,175.58164978027344,178.27602346702824,172.4207686942019,177.99039809402234,36862400
2020-02-21,170.03103637695312,174.70572716816383,168.75525962156425,174.39154073840234,48572600
2020-02-24,162.70005798339844,166.18465515217062,155.40716170842933,159.72958932936746,68311100
2020-02-25,160.0152130126953,166.4607487234575,159.6153288264737,165.85142145386897,68073300
2020-02-26,162.01454162597656,164.95644881112133,160.14848344532092,161.5765954218968,56206100
2020-02-27,150.5991668701172,159.02503365288237,150.40875483840358,155.49284470294847,93174900
2020-02-28,154.2456512451172,155.86419021733548,144.71538660701916,145.10574080749583,97012700
2020-03-02,164.50900268554688,164.6327770616493,154.53126258325238,157.38748705939656,71030800
2020-03-03,156.6258087158203,166.61307787065545,154.48364057176903,165.4705910993296,71677000
2020-03-04,162.37637329101562,162.51917871166128,157.6826365898294,160.41510136743034,49814400
2020-03-05,158.30148315429688,162.68101857562968,157.7492780197032,158.09202553333,47817300
2020-03-06,153.8267364501953,155.292925288608,148.523672701681,154.81688787610258,72821100
2020-03-09,143.4014892578125,150.1897866403432,142.8112075819428,143.76328229915575,70419300
2020-03-10,153.20785522460938,153.31258402014208,145.2675559078778,150.5801343469339,65354400
2020-03-11,146.26730346679688,150.14224160141293,143.90614673953553,149.59956634424904,56371600
2020-03-12,132.39552307128906,146.11492481009816,131.93853122219355,138.33647521956644,93226400
2020-03-13,151.2180633544922,154.15045589148778,133.98550125586877,140.43105262010113,92727400
2020-03-16,128.9299774169922,142.1923879376455,128.5301077140718,133.29048207385222,87905900
2020-03-17,139.5456085205078,140.43103109931985,128.53009626039446,133.29047019596462,81059800
2020-03-18,133.67129516601562,139.00291981940723,128.54914265685554,131.38632147313834,81593200
2020-03-19,135.87059020996094,142.95401395111134,132.3383865929663,135.92771236898116,85922700
2020-03-20,130.7675018310547,140.0502327097987,129.34890490788624,139.00294444067958,84866200
2020-03-23,129.463134765625,133.8331693926843,126.16896390144713,130.44377070445623,78975200
2020-03-24,141.2307891845703,142.43041287320884,134.49962710030758,136.86076881812787,82516700
2020-03-25,139.8788299560547,146.9337078157321,137.51768848459022,141.77346406617644,75638200
2020-03-26,148.62838745117188,149.1520314608854,141.25932377290354,141.28788485275086,64568100
2020-03-27,142.52560424804688,147.4668751170504,142.0495668160043,144.47736062492336,57042300
2020-03-30,152.5509033203125,152.90318078769192,142.82070011414092,145.1342488589376,63420300
2020-03-31,150.1517333984375,156.88289514179772,149.05683858683773,151.76072771768509,77927200
2020-04-01,144.82003784179688,150.18973688695627,143.5918682555514,145.66738347831574,57969900
2020-04-02,147.81912231445312,148.02857992428844,143.15396179177512,144.58207393473876,49630700
2020-04-03,146.45767211914062,149.83754065445603,144.89626998674962,147.66681121497362,41243300
2020-04-06,157.34938049316406,158.52042823766854,150.02792415586416,152.63661391051838,67111700
2020-04-07,155.6547393798828,161.85274209735405,155.4357516807668,161.46238787981076,62769000
2020-04-08,157.2161102294922,158.68229897209625,155.66422371733032,157.73022420929914,48318200
2020-04-09,157.22560119628906,159.34872351809685,155.5023484691151,158.38713338772783,51385100
2020-04-13,157.57789611816406,157.6350328097064,154.5217441222941,156.4735003826598,41905300
2020-04-14,165.37539672851562,165.42300337599616,159.9485730484452,160.90064788801928,52874300
2020-04-15,163.6426239013672,165.2516326636138,161.12914697009398,162.99520547266337,40940800
2020-04-16,168.5552978515625,168.78380100859152,164.61370918973023,165.94662248113914,50479600
2020-04-17,170.04051208496094,171.37341057845845,167.44133823138475,170.8973733268516,52765600
2020-04-20,166.67015075683594,170.18330779887475,166.6035130996919,168.1649146153199,36669600
2020-04-21,159.77719116210938,165.3468197206917,158.14913695113438,165.18496875685338,56203700
2020-04-22,165.20401000976562,165.6610018091232,162.63341116305656,163.17608620088606,34620200
2020-04-23,163.2046356201172,166.6701867832874,162.71908277595958,165.76571876652025,32790800
2020-04-24,166.1846160888672,166.194131604493,162.52865329288954,163.81394522260578,34277600
2020-04-27,165.7086181640625,168.42202256727543,164.9945620799262,168.12688171023376,33194400
2020-04-28,161.6717987060547,167.2509568988296,161.2719290846962,167.17478918130797,34392700
2020-04-29,168.92662048339844,169.1646391773293,163.64261710014011,164.9183938130075,51286600
2020-04-30,170.62132263183594,171.7542793831699,167.78412941217093,171.37345529352075,53875900
2020-05-01,166.20372009277344,170.07865733079598,165.67054595263724,167.37476813675693,39370500
2020-05-04,170.26901245117188,170.421347868829,165.4705630150121,166.12749679209162,30372900
2020-05-05,172.09703063964844,174.84852615095244,171.27824575423404,171.96374075260462,36839200
2020-05-06,173.791748046875,175.3721958874202,172.92537091785033,173.35380172275444,32139300
2020-05-07,174.80093383789062,175.70540196520787,173.8298135033723,175.34360890327773,28316000
2020-05-08,175.8291473388672,176.1338182138458,174.57241629834766,176.11477265228294,30877800
2020-05-11,177.79043579101562,178.5235228546766,174.08686576655347,174.3724765562878,30892700
2020-05-12,173.76315307617188,178.0760504243352,173.56322551904262,177.84756178761603,32038200
2020-05-13,171.13540649414062,175.22933011132346,168.07924068703863,173.8012182351554,44711500
2020-05-14,171.87806701660156,172.03040247522281,167.26049830376897,169.03135805959138,41873900
2020-05-15,174.38198852539062,178.0950736821285,168.51720545897413,170.4784768252257,46610400
2020-05-18,176.04815673828125,177.2763268520163,175.14368857359156,176.84789609269052,35264500
2020-05-19,174.82949829101562,177.6571615787806,174.69620840155065,176.16239718566547,26799100
2020-05-20,177.25448608398438,177.4358864095357,175.61235570357988,176.44296291219172,31261300
2020-05-21,175.1254425048828,178.21876103710082,174.99178140232837,177.0062545273779,29119500
2020-05-22,175.2017822265625,176.10878368038613,174.27569673957942,174.89627744840422,20826900
2020-05-26,173.34967041015625,178.0564643243358,172.90094786009448,177.90370461198114,36073600
2020-05-27,173.5788116455078,173.75066997997266,168.60469505346364,172.04170149509764,39517100
2020-05-28,173.18736267089844,175.81286026389589,172.21355223443322,172.55725432023527,33810200
2020-05-29,174.95359802246094,175.9274229472376,172.24217877179476,174.45713625736357,42130400
2020-06-01,174.55264282226562,174.71494457453366,173.2446722158897,174.27576398700788,22622400
2020-06-02,176.53846740722656,176.62438928948723,173.13964365231473,175.90834446804334,30794600
2020-06-03,176.9680938720703,177.52183695658735,175.26868197074563,176.45254800329616,27311000
2020-06-04,174.63851928710938,177.42631811528722,174.04659368949996,175.95604613904365,28761800
2020-06-05,178.7247772216797,179.2307810427363,173.76974492872102,174.35212860910278,39893600
2020-06-08,179.83224487304688,180.0136451993302,176.0897195580362,177.52180899547244,33211600
2020-06-09,181.20706176757812,182.06630964412432,178.78204871231318,179.4885514465179,29783900
2020-06-10,187.92832946777344,189.53227729601076,182.36227315153855,182.4768502186777,43872300
2020-06-11,177.83688354492188,186.8972273976251,177.64594118609818,184.38630697155543,52854700
2020-06-12,179.2403106689453,183.040117049004,176.79619924208757,181.91353250337872,43373600
2020-06-15,180.38600158691406,182.1808918134006,175.67919303595784,176.2233940561889,32770200
2020-06-16,184.80638122558594,186.72537588920386,182.79190810253792,184.15715975098976,42556700
2020-06-17,185.44602966308594,187.43186198574108,184.92092731873566,186.20025698099536,25687800
2020-06-18,187.43185424804688,187.59415595360647,185.2168824753063,185.2168824753063,23061600
2020-06-19,186.3148193359375,190.2673853746656,185.57013403646454,189.59907992231373,44441100
2020-06-22,191.48948669433594,191.6708724785976,186.39123649615428,186.92588096506464,32818900
2020-06-23,192.76876831054688,194.71640332613381,192.31048925090775,192.9406120319374,30917400
2020-06-24,188.883056640625,194.04812966453954,187.6610080841898,192.47283702212528,36740600
2020-06-25,191.26986694335938,191.52764712810412,186.62035443908522,188.84486850692002,27803900
2020-06-26,187.44137573242188,190.84019829526733,186.05702581008953,190.6874386239573,54675800
2020-06-29,189.4559326171875,189.54185450751925,184.787320525546,186.91635658226548,26701600
2020-06-30,194.29632568359375,195.1460314274732,188.78756594278659,188.92122702942044,34310300
2020-07-01,195.43246459960938,197.00777168624572,192.6351236205007,193.9430939489472,32061200
2020-07-02,196.92189025878906,198.60221828725372,195.71894006675075,196.3681471192242,29315800
2020-07-06,201.16082763671875,201.57136751930722,198.66899142164925,199.37549412509813,31897600
2020-07-07,198.82171630859375,204.95105630690222,198.5734927595905,200.92211087821286,33600700
2020-07-08,203.19439697265625,203.60492228255777,199.24183073570933,200.55935767068064,33600000
2020-07-09,204.61692810058594,206.58366176020414,201.895952577815,206.53592253616213,33121700
2020-07-10,203.9963836669922,204.3878249787219,201.52364584152227,203.94864443444519,26177600
2020-07-13,197.69517517089844,206.02993140575356,197.1509742058901,204.7696857402396,38135600
2020-07-14,198.917236328125,199.39459949227412,192.88335894065565,196.7977427138655,37591800
2020-07-15,198.6212921142578,201.7623504172187,195.74757063041648,200.07248045476192,32179400
2020-07-16,194.6877899169922,196.38720160543846,193.1506799551989,196.100780795123,29940700
2020-07-17,193.69488525390625,195.7570830844542,192.2723377574548,195.21289664393825,31635300
2020-07-20,202.0200958251953,202.6884013378712,193.81898563689114,195.71889626461106,36884800
2020-07-21,199.2991180419922,204.25414994239006,198.6117139304938,203.98682773991482,37990400
2020-07-22,202.1632843017578,202.68838665509594,198.9554035053253,199.7287294402567,49605700
2020-07-23,193.37022399902344,201.37083363177447,192.99788139096745,197.80970924519136,67457000
2020-07-24,192.18638610839844,193.675756642819,188.56796566862724,191.34622239443172,39827000
2020-07-27,194.62098693847656,194.73554944735855,191.7663496924244,192.34873339252303,30160900
2020-07-28,192.8738555908203,195.4325156710169,192.60653333073918,194.39186726084606,23251400
2020-07-29,194.8214569091797,195.38474196011637,192.86426497548362,193.33208613207415,19632600
2020-07-30,194.66868591308594,195.20334487589957,190.53473387151706,191.89998548207373,25079600
2020-07-31,195.72848510742188,195.81442156872754,190.00012579757674,195.1461013282021,51044000
2020-08-03,206.7364501953125,207.78665507240189,200.91262784118373,201.9437341110618,78983000
2020-08-04,203.63357543945312,205.04658091707702,200.788495014236,204.4737392836654,49280100
2020-08-05,203.2994384765625,205.26617249611542,201.99146799263949,205.17069403055774,28806400
2020-08-06,206.5550537109375,206.57413774919098,201.9723642716124,202.72659168573307,32656800
2020-08-07,202.86026000976562,205.93448016224156,201.38043118626211,205.12297146855607,27820400
2020-08-10,198.82171630859375,202.28737681764227,197.00774249118737,202.08687792070398,36716500
2020-08-11,194.17222595214844,198.24889647860272,193.94308641173365,197.781089947876,36446500
2020-08-12,199.71920776367188,200.7598559902992,195.48022043293267,195.99576625273997,28013100
2020-08-13,199.25137329101562,201.7814066937135,198.72627091928837,199.95787598824566,22588900
2020-08-14,199.4423370361328,200.10110057608242,198.11526793680267,199.3086759242567,17958900
2020-08-17,200.75982666015625,201.62863100924193,199.461398429336,200.11061982872906,20184800
2020-08-18,201.91506958007812,202.7456767958263,199.73829479069403,200.99852592603722,21336200
2020-08-19,200.6900634765625,202.98695425732413,200.25940101866428,202.4031628267386,27627600
2020-08-20,205.3604278564453,205.76238052182669,199.9340449690193,200.5369666654989,26981500
2020-08-21,203.86744689941406,206.9586635422753,203.70475282380917,204.67135219176205,36249300
2020-08-24,204.50860595703125,206.25997999929805,203.3027337228781,205.5613346371304,25460100
2020-08-25,207.169189453125,207.303173653771,203.9439889498141,203.9439889498141,23043700
2020-08-26,211.6481170654297,212.54773159064493,208.02096370870794,208.5186256041175,39600800
2020-08-27,216.84481811523438,221.21845696335774,209.97330473340136,213.31335946140254,57602200
2020-08-28,219.07467651367188,220.730341396453,216.84478533701528,218.3760311153811,26292900
2020-08-31,215.83990478515625,218.8737012054003,214.6723219857965,217.24674611548022,28774200
2020-09-01,217.50514221191406,217.67740133897408,214.78715429178908,215.8207528636933,25725500
2020-09-02,221.6969451904297,222.85496288605776,217.58171021018055,218.17506668389095,34080800
2020-09-03,207.96351623535156,219.4574907062767,205.7240599096668,219.4192157670536,58400300
2020-09-04,205.04457092285156,208.97798194568563,196.3738436791459,205.85805580862598,59664100
2020-09-08,193.95254516601562,201.00588220839958,193.51230302974906,197.62755281283188,52924300
2020-09-09,202.21176147460938,205.6092360032022,197.81897774542466,198.68031733752102,45679000
2020-09-10,196.5460662841797,205.51348472030162,195.34020871128075,204.23104807247344,35461500
2020-09-11,195.26373291015625,199.66609711422402,192.59361328508157,198.2975302903944,33620100
2020-09-14,196.58436584472656,200.21151843431403,195.26365419527556,195.46463776926265,30375800
2020-09-15,199.8096160888672,200.7666503702022,198.03909682712376,199.4650831634592,21823900
2020-09-16,196.2398681640625,201.5992509913415,195.84748063223293,201.5705411332255,26328100
2020-09-17,194.19180297851562,195.55078971981436,191.36855515523817,191.45468472401757,34011300
2020-09-18,191.78005981445312,194.89998567612304,187.81793928450222,194.08651546533457,55225300
2020-09-21,193.8376922607422,194.0004009186753,187.94237293600173,188.71756826877157,39839700
2020-09-22,198.50804138183594,199.15883226221052,193.39748201736504,196.24943997909537,33517100
2020-09-23,191.97149658203125,199.1588331410497,191.43555973887763,198.96741460862307,30803800
2020-09-24,194.4597625732422,196.73750842133498,190.64119122847163,191.2632721600438,31202500
2020-09-25,198.890869140625,200.05843751591576,193.83771475654646,194.80432871596318,29437300
2020-09-28,200.4412384033203,203.43676002099645,199.12052657898317,201.8193699412056,32004900
2020-09-29,198.35491943359375,201.04419802460012,197.92425692862588,200.35513217537783,24221900
2020-09-30,201.2930145263672,202.8721151895252,197.66584655961745,198.80471964780773,33829100
2020-10-01,203.33151245117188,204.79577375217923,202.24049394055493,204.31725660536154,27158400
2020-10-02,197.33087158203125,201.9246383727802,196.7087906293776,199.0631010382104,33154800
2020-10-05,201.34088134765625,201.36959120849284,198.08695595539203,198.3166494452693,21331600
2020-10-06,197.0629119873047,201.1494374315409,196.01974823333427,199.84788496263428,28554300
2020-10-07,200.8144989013672,201.08246732374164,197.8381217927517,198.16350993375156,25681100
2020-10-08,201.53224182128906,202.11603320436225,199.36935002004455,201.4652424249977,19925800
2020-10-09,206.53753662109375,206.58539124900918,202.15431848195584,202.15431848195584,26458000
2020-10-12,211.88739013671875,214.24170096187547,207.49460616389052,209.38953000650932,40461400
2020-10-13,213.28463745117188,215.5336736103017,210.95903680543523,213.15065325040558,28950800
2020-10-14,211.37059020996094,214.58622595275352,209.71492500584927,213.41864297093585,23421700
2020-10-15,210.22207641601562,210.89199724589372,206.72889381214313,207.77207189350207,22733100
2020-10-16,210.22207641601562,212.73906571992754,209.89668838481467,210.69101369534087,26057900
2020-10-19,205.01585388183594,212.74869145685682,204.5373368136033,210.94946260728395,27625800
2020-10-20,205.42738342285156,208.03051759272938,203.93441242019458,206.5279815053005,22753500
2020-10-21,205.57095336914062,207.599861242448,203.96312828594395,203.96312828594395,22724900
2020-10-22,205.6570587158203,206.77678686888288,202.60411757728775,204.7382995474917,22351500
2020-10-23,206.9394989013672,206.98735353152378,204.00141153049333,205.7910607935234,18879600
2020-10-26,201.0537109375,207.04473871300377,199.1587876454569,204.66173332241058,37111600
2020-10-27,204.08753967285156,205.4465264613158,201.29300160884554,202.49885942315484,36700300
2020-10-28,193.97171020507812,199.86704515863852,193.41664314674094,198.7473167494799,51195600
2020-10-29,195.92405700683594,198.45062689659414,194.6320549005072,195.30199057234228,31432600
2020-10-30,193.7707061767578,195.51250074201783,191.04315299872275,194.7564501863506,36953700
2020-11-02,193.63674926757812,196.45999749689346,191.5216970654332,195.5125282945089,30842200
2020-11-03,197.56057739257812,199.1779676457642,194.39279629464988,195.129716771613,27512000
2020-11-04,207.09263610839844,208.93971976294654,203.29320905322973,204.82446966001,42311800
2020-11-05,213.6961212158203,214.49046120969155,211.6480689845406,212.49982868345646,36080100
2020-11-06,214.107666015625,214.72016724404165,208.66213975196808,212.71038983035956,25231900
2020-11-09,209.00668334960938,218.31862135822865,208.5186011997939,214.79674276458664,44395000
2020-11-10,201.9438018798828,207.197925430865,200.7092340613772,205.2838568356607,44045100
2020-11-11,207.2457733154297,208.67174502636834,203.0826684151981,203.2645072623287,29440800
2020-11-12,206.1834716796875,209.6957858040667,205.245582155711,207.8774264775349,21593900
2020-11-13,207.20750427246094,208.07840904585942,204.95848228570205,207.06395495956468,18621100
2020-11-16,207.89654541015625,208.38464222221836,205.30299077827922,205.63794400285644,24953300
2020-11-17,205.24559020996094,208.32722733824193,204.88191248910934,206.81512593753118,24154100
2020-11-18,202.53965759277344,206.4641717610796,202.3957178415829,205.00566720255588,28372800
2020-11-19,203.82542419433594,204.41074400525517,201.4361650366989,202.82750933447096,24792700
2020-11-20,201.87757873535156,204.66023830979884,201.50335879752706,203.61434343759902,22843100
2020-11-23,201.60890197753906,203.7006916515508,199.73780235137832,202.41491187166753,25683500
2020-11-24,205.20716857910156,205.58138849058068,200.40946989787446,201.10992980573758,33979700
2020-11-25,205.21676635742188,206.5793110767255,203.86382640634406,206.40660094564046,21012900
2020-11-27,206.52171325683594,207.51964268471602,205.37985873907556,206.15709814866818,14512200
2020-11-30,205.40872192382812,206.07079218344447,202.3093973767106,205.43750695070634,33064800
2020-12-01,207.4620819091797,208.52717154607495,204.7177978221333,205.83085273018764,30904500
2020-12-02,206.65606689453125,206.75202672406434,204.1900574028058,206.1859017974964,23724500
2020-12-03,205.57180786132812,207.62522240610232,205.0056682633133,205.9268328948881,25120900
2020-12-04,205.68695068359375,206.6656853723853,204.55468611392993,205.55261569818433,24666000
2020-12-07,205.61976623535156,206.81919092081037,204.3723762756061,205.69653117219067,24620000
2020-12-08,207.2702178955078,208.17218778489837,204.27645795746056,205.31276285326558,23284100
2020-12-09,203.23052978515625,206.52174422620556,202.6644048248487,206.45458405466127,32440600
2020-12-10,202.00233459472656,204.4587542835817,201.84880470381904,203.201759414786,26733300
2020-12-11,204.63143920898438,204.6890238920396,200.64935515374503,201.55132484988866,30979400
2020-12-14,205.5334014892578,207.4620856631206,204.26681669461775,204.47791660062674,28798400
2020-12-15,205.46627807617188,206.70407807244058,203.6527482984566,206.46419310374057,27000600
2020-12-16,210.40789794921875,211.20431778476424,206.03239855894847,206.06118358324636,35023300
2020-12-17,210.54220581054688,211.95273038503314,209.10289621547224,210.97399576078638,32515800
2020-12-18,209.74581909179688,210.80131881755383,207.27980921095252,209.74581909179688,63354900
2020-12-21,213.583984375,214.93693915774554,208.48882981169982,208.74790968617424,37181900
2020-12-22,214.87936401367188,216.50098876062142,212.87392916960312,213.67993915840347,22612200
2020-12-23,212.07749938964844,214.51472413933894,211.86639945368123,214.08293413992092,18699600
2020-12-24,213.73748779296875,214.56269259636701,212.2501981931746,212.46129811786358,10550600
2020-12-28,215.8580780029297,216.8847779666073,213.99656846423386,215.36870333861185,17933500
2020-12-29,215.080810546875,217.9882145671855,214.53388055010456,217.15341974197162,17403200
2020-12-30,212.71080017089844,216.5009945276408,212.5093049890394,216.11716977888082,20272300
2020-12-31,213.42086791992188,213.9774028322404,210.79172325995185,212.72999800403804,20942100
2021-01-04,208.88218688964844,213.9773400431163,206.1187080370233,213.52635524032226,37130100
2021-01-05,209.0836944580078,209.67861902727174,206.97271004947524,208.4695896365908,23823000
2021-01-06,203.6623077392578,207.73076146630103,203.36485276551582,203.58554280387045,35930700
2021-01-07,209.4579315185547,210.46545121287744,205.06325222351228,205.37988746553668,27694500
2021-01-08,210.73410034179688,211.6552648790283,208.24889607857534,209.83213069780732,22956200
2021-01-11,208.69029235839844,210.0528369606372,207.96103282381029,209.63063715459433,23031300
2021-01-12,206.23385620117188,208.3160701892637,204.68901137357724,207.74034052523803,23249300
2021-01-13,207.58682250976562,207.98982744101792,205.27432823721875,205.36069794074126,20087100
2021-01-14,204.40118408203125,208.66154338232383,204.13251409385208,207.1742536782788,29480800
2021-01-15,204.04612731933594,205.83087188668628,203.45121734402414,204.88093687983877,31746500
2021-01-19,207.68275451660156,208.2008994612492,204.02691096298452,205.10159063568324,30480900
2021-01-20,215.26315307617188,216.65448284404494,208.49839462519878,208.89180945322397,37777300
2021-01-21,215.86769104003906,217.1438808555298,213.42086138301298,215.6086111691637,30709400
2021-01-22,216.8079833984375,220.76129675652857,216.66405830590344,217.89226790023852,30172700
2021-01-25,220.2432098388672,220.48309483321452,215.14805490155655,219.84979493419718,33152100
2021-01-26,222.92990112304688,224.70504110859784,220.770936402289,222.4789162100641,49169600
2021-01-27,223.47682189941406,230.71176046047944,220.82849722353762,228.37048091852017,69870600
2021-01-28,229.2628631591797,232.82276265959592,225.57823342690412,226.0771982785926,49111200
2021-01-29,222.57484436035156,228.38965283762465,221.989524533748,226.44178833824543,42503100
2021-02-01,229.95370483398438,232.68839909225326,223.02582637835746,225.54942071149748,33314200
2021-02-02,229.81935119628906,232.50606531871057,229.03253624582663,231.53693548030532,25916300
2021-02-03,233.1681671142578,235.1736017454573,229.57948305731,229.87695268863132,27158100
2021-02-04,232.21820068359375,233.39844507245968,230.64455613985325,232.84191028192274,25296100
2021-02-05,232.40052795410156,233.4368326563768,230.69254834518915,232.42931297571354,18054800
2021-02-08,232.6596221923828,233.82065717970994,231.06678257131648,233.312102244531,22211900
2021-02-09,233.9070281982422,234.8569632583783,231.6137285927524,232.08389373842272,23565000
2021-02-10,232.9954376220703,235.97000191539507,231.14351838244667,235.08722714593918,22186700
2021-02-11,234.59788513183594,235.23117025659255,232.3525509282651,234.87614522468496,15751100
2021-02-12,235.07765197753906,235.37510696165688,232.90908274109216,234.06052752923827,16561100
2021-02-16,233.83982849121094,236.17151764085375,233.0913886756254,235.11601808481555,26728500
2021-02-17,234.85931396484375,234.96510703693932,231.72401468977077,232.08948433430788,21653500
2021-02-18,234.46495056152344,234.5995949311717,231.647031012765,232.55107806974718,16925600
2021-02-19,231.75282287597656,234.53227887991062,230.99303240639816,234.4264858275061,25262600
2021-02-22,225.5399169921875,228.82909920704134,223.51062453702826,228.33861214281137,36446900
2021-02-23,224.3473663330078,225.84769358188825,219.98101428804915,221.51981974467014,30228700
2021-02-24,225.5784149169922,226.20354640693853,220.2407006773393,221.2120626767533,26339700
2021-02-25,220.23106384277344,225.61685322946673,219.16352111418414,223.20286682298797,39542200
2021-02-26,223.49143981933594,226.36706254282802,220.7600590313648,222.67394655856364,37819200
2021-03-01,227.87701416015625,228.38674041190882,224.23197397293902,226.87678608775025,25324000
2021-03-02,224.92440795898438,228.22321721235295,224.5204748274745,227.9443015684846,22812500
2021-03-03,218.85577392578125,224.6455116135166,218.56724606158295,223.2798287097905,34029500
2021-03-04,218.05752563476562,223.5972138136232,215.68200248101138,218.06715252474712,44727800
2021-03-05,222.74124145507812,224.3473617295842,217.7978484716733,220.7408002725728,41872800
2021-03-08,218.6923065185547,224.44356674168196,218.44225683064087,222.52006696503778,35267400
2021-03-09,224.837890625,226.376696336267,222.80859774739682,223.9723215843741,33080500
2021-03-10,223.5298614501953,227.93467679656288,223.16439187152451,227.93467679656288,29746800
2021-03-11,228.05970764160156,230.02167054315927,225.34756648415365,225.97271258487288,29907600
2021-03-12,226.73251342773438,226.79984295722946,224.3088998432436,225.05906350687266,22653700
2021-03-15,225.82843017578125,226.19389973430492,222.94318126146158,225.97270142657817,26034900
2021-03-16,228.61753845214844,230.87764154891525,226.91523729363269,227.24222868505888,28092200
2021-03-17,227.97311401367188,229.425365271733,224.3088504614508,227.11715747437387,29562100
2021-03-18,221.89491271972656,225.23218566499116,221.51983088863727,223.66452881126907,34833000
2021-03-19,221.53909301757812,223.5779980882051,220.57734312763878,222.18346368282081,46430700
2021-03-22,226.96334838867188,227.83852958365864,221.3371059951713,221.4621381695142,30127000
2021-03-23,228.4925079345703,231.82978074938532,228.002020843899,228.4059539788877,31638400
2021-03-24,226.45361328125,228.8964513044981,226.3189688968999,228.75219470524345,25620100
2021-03-25,223.45294189453125,227.8769967829049,222.71240512495487,226.29972771990109,34061900
2021-03-26,227.43455505371094,227.6557680411861,222.69313628302467,222.69313628302467,25479900
2021-03-29,226.24203491210938,227.74236229636642,223.0105549017335,227.54038837534517,25227500
2021-03-30,222.981689453125,224.90518898802316,222.2603771275382,224.59742201837378,24792000
2021-03-31,226.75173950195312,229.95436788577308,223.50102069627698,224.00113466833557,43623500
2021-04-01,233.08004760742188,233.5512955722621,228.9445209279314,229.34845404428125,30338000
2021-04-05,239.5430145263672,240.39897120703446,233.41665871011114,233.4743613464268,36910600
2021-04-06,238.37930297851562,239.86039119458903,237.43679229555985,238.13886553157835,22931900
2021-04-07,240.3412628173828,241.33186391127126,237.73492914613195,238.3312093103771,22719800
2021-04-08,243.56312561035156,244.41908230584644,242.3609384158286,243.10148983669302,23625200
2021-04-09,246.06365966796875,246.19830403516193,242.78408976152787,243.1976350767871,24326800
2021-04-12,246.1213836669922,247.81407263023797,244.8807182632371,244.96728689441156,27148700
2021-04-13,248.6026611328125,249.27589763738905,247.00615316932647,247.41972783084833,23837500
2021-04-14,245.81361389160156,248.92967367444348,245.40006854516722,247.63133499844136,23070900
2021-04-15,249.5740509033203,249.9875962364744,247.87176447481755,248.06409680754706,25627500
2021-04-16,250.76658630371094,251.0166505967747,247.74670776173645,249.54517485349405,24878600
2021-04-19,248.8430938720703,251.47830785879137,247.958300634406,250.23764259808317,23209300
2021-04-20,248.3815155029297,250.24731248370563,247.01581785761766,247.9583432382006,19722900
2021-04-21,250.6127471923828,250.7089280413718,247.41013330799765,249.03549280000607,24030400
2021-04-22,247.33319091796875,251.7668430840579,245.86170033030186,250.25688896426033,25606200
2021-04-23,251.16099548339844,251.50724073017807,247.429400952962,248.01608368907097,21462600
2021-04-26,251.5455780029297,252.40154917334127,250.21838830484842,251.6513857134404,19763300
2021-04-27,251.9495849609375,253.12292083823525,250.17034204081673,251.57448846765723,31014200
2021-04-28,244.82298278808594,246.7272576163195,243.27456530106036,246.28483165554834,46903100
2021-04-29,242.85142517089844,246.3041179418775,239.47568881641504,245.68859868614197,40589000
2021-04-30,242.53404235839844,243.39962592937061,240.05274094363295,240.18738532021044,30945100
2021-05-03,242.226318359375,244.6210807743758,241.51461818570527,243.70740667468556,19626600
2021-05-04,238.3119659423828,241.6011630269946,236.35961510876282,241.37033780215654,32756100
2021-05-05,237.04246520996094,239.95656581721718,236.41733373419922,239.53339357356575,21901300
2021-05-06,240.17776489257812,240.30279705816986,235.3305525302408,237.02322683491766,26491100
2021-05-07,242.80331420898438,244.57292997818058,241.56264898781953,242.505159501284,27032900
2021-05-10,237.72531127929688,242.1012758551177,237.66760863864906,241.27417043051173,29299900
2021-05-11,236.8116455078125,237.16750290744034,233.29165244697984,235.19591291269418,33641600
2021-05-12,229.85818481445312,235.03240304314005,228.96376461216937,232.90692968884187,36684400
2021-05-13,233.73403930664062,236.20574319486232,232.18562163049452,232.5510912295652,29624300
2021-05-14,238.65818786621094,239.64878890678136,236.0999447564151,236.18649870944293,23901100
2021-05-17,235.8017578125,237.15782825861965,234.2052646436267,237.1193647320166,24970200
2021-05-18,233.78213500976562,236.9847634933357,233.6090124207186,236.85011911302658,20168000
2021-05-19,234.36050415039062,234.46654149415752,230.00336806420503,230.68777888477277,25739800
2021-05-20,237.59947204589844,239.0165100205825,235.07387375233668,235.17027669703222,21800700
2021-05-21,236.33668518066406,239.38283599944026,235.92218485678643,238.65022359236528,21863100
2021-05-24,241.7445526123047,242.1108661573767,238.59236454414025,238.8622751429224,21411500
2021-05-25,242.650634765625,243.6435231193203,241.78306727314097,242.69883622832327,17704300
2021-05-26,242.42898559570312,243.82674010523084,241.71564201494644,242.3711350007567,17771600
2021-05-27,240.32749938964844,242.41931375220793,240.26966350914816,242.12048523027423,24426200
2021-05-28,240.68417358398438,242.9977118612827,240.56850181827792,241.9566218428521,18270200
2021-06-01,238.48626708984375,242.23611129480034,238.06213247651124,242.17827542521047,23213300
2021-06-02,238.38992309570312,240.28894628092957,236.98251960220148,239.19002042782085,19406700
2021-06-03,236.85720825195312,237.46449969103423,234.24484161220892,236.38485739131391,25307700
2021-06-04,241.75418090820312,242.58319621464275,238.5923585089971,238.83335115960136,25281100
2021-06-07,244.66534423828125,244.9352547949257,240.80946233304937,240.97333554893908,23079200
2021-06-08,243.47003173828125,246.78609255033888,243.41218115377325,245.966711756898,22455000
2021-06-09,244.45327758789062,246.3233827268109,244.0869787969945,244.6653522763675,17937600
2021-06-10,247.9717559814453,248.1838306630145,244.53038902874928,245.12804601734126,24563600
2021-06-11,248.5983428955078,249.17670160646898,247.364432530678,248.69471640197318,18999700
2021-06-14,250.5262908935547,250.5841267663084,247.54759635652425,248.6079697204137,19150500
2021-06-15,249.05142211914062,250.6226988537061,248.39592919246516,250.41062415177618,18038900
2021-06-16,248.1067657470703,251.19145411585617,245.25340620695536,250.0539758314548,27220000
2021-06-17,251.49989318847656,252.3192739828224,246.78609282291416,246.84392869846377,27565500
2021-06-18,250.08290100097656,252.8494920853847,249.42740801319655,250.27570689999416,37202200
2021-06-21,253.16754150390625,254.02545983082283,248.6272493247297,250.45878713344277,26696100
2021-06-22,255.94384765625,256.2137582519957,252.9458837432416,253.2543614006792,24694100
2021-06-23,255.71246337890625,257.2162551197523,254.90273162753124,256.4065233683773,19518700
2021-06-24,257.08135986328125,258.1995694555849,255.9053143798285,256.5704565460958,21446900
2021-06-25,255.47145080566406,257.62111560683655,255.22083848043877,256.63787628931044,25611100
2021-06-28,259.0380859375,259.2115935216223,256.3293318970096,256.59924238943444,19590000
2021-06-29,261.62158203125,261.86257465092103,258.3248194682553,259.1827378969011,19937800
2021-06-30,261.13958740234375,261.5830055695424,259.8864375923306,260.93716184615096,21656500
2021-07-01,261.814453125,262.04579668374896,259.8865116872873,259.89613139020065,16725300
2021-07-02,267.6463928222656,267.98378836748816,262.6819508278436,262.99042843593526,26458000
2021-07-06,267.6560974121094,269.30447900628104,264.41714069196416,268.0127618499895,31565600
2021-07-07,269.8442687988281,270.5768958300537,267.16443184855945,269.33336558443307,23260000
2021-07-08,267.42474365234375,268.6875428172763,264.9666009084915,266.92346009994077,24618600
2021-07-09,267.9259338378906,268.03195646064023,265.40033611083743,265.7859183850825,23916700
2021-07-12,267.3282775878906,269.689987409994,266.61491948975805,269.10197958841474,18931700
2021-07-13,270.85650634765625,272.65912690614584,267.39585495658895,267.5211464403446,26120100
2021-07-14,272.331298828125,273.43985895218515,270.4418955818897,272.1770600273276,23113700
2021-07-15,270.9046325683594,272.33131952060614,269.7478561835057,271.83968514433656,22604200
2021-07-16,270.63470458984375,273.8640114899297,269.39117446883466,271.9071526477115,26186800
2021-07-19,267.0294494628906,270.268375880713,264.5616875965378,268.88025615363426,32935600
2021-07-20,269.2562561035156,270.84680159797193,266.3065086285469,268.01272587997516,26259700
2021-07-21,271.2613220214844,271.3769937870509,267.29941696059126,268.85139551202195,24364300
2021-07-22,275.8305358886719,276.1004464547859,273.20853492440204,273.6133860645504,23384100
2021-07-23,279.2333068847656,279.5417550419891,276.1775079022582,277.01615740784973,22768100
2021-07-26,278.63568115234375,279.2526364370559,276.3125379693512,278.58749439112125,23176100
2021-07-27,276.21612548828125,279.14657473530417,272.7554747958883,279.00198503858365,33604100
2021-07-28,275.9076232910156,279.69602009802213,273.6037197955621,278.5778108462002,33566900
2021-07-29,276.17755126953125,278.22116404498746,275.7726707111648,275.9269095230165,18168300
2021-07-30,274.64483642578125,276.3317847869034,273.6808659337114,274.8954781674937,20944800
2021-08-02,274.55810546875,276.4378304339473,273.51700077653703,276.04259896913004,16267400
2021-08-03,276.7752380371094,276.88129010205466,273.76765442774865,275.13650564382874,17879000
2021-08-04,276.1872253417969,277.2283006433001,274.3942247328133,275.90766563142967,16191300
2021-08-05,279.0887145996094,279.19476664668434,275.7919521287353,276.5438479043771,13900200
2021-08-06,279.03094482421875,279.0695118884768,277.2572423030038,278.11519032895563,16589300
2021-08-09,277.9415283203125,281.04551369177915,277.440274382462,279.3103790147266,16117600
2021-08-10,276.1197509765625,278.82850610681834,274.9244368032252,278.3947075539528,18616600
2021-08-11,276.6113586425781,278.2597400314421,275.56060486449303,276.86197097908934,13955900
2021-08-12,279.3683166503906,279.52255547623497,276.0233374986392,276.3028972091101,14561300
2021-08-13,282.2987976074219,282.34698437046103,278.87668430824215,279.05022137488925,18249000
2021-08-16,283.9857177734375,284.19779246209333,279.5707163690693,282.62651582587677,22507600
2021-08-17,282.5204772949219,282.8578728727567,280.592536185062,281.8553646766232,20075300
2021-08-18,280.79168701171875,284.741870784257,280.34739044485804,282.05690357195914,21813000
2021-08-19,286.6252136230469,287.30129663617737,278.77315402992593,278.82143304184973,29850500
2021-08-20,293.9557800292969,295.3851984971532,287.8711502652428,289.4744085607878,40817600
2021-08-23,294.23583984375,294.9602018470455,291.53156682119305,292.88370333247155,22830200
2021-08-24,292.2752685546875,295.2016902096625,291.67646727816117,294.59322134017,18175800
2021-08-25,291.6860656738281,294.1778576953558,290.1504219493204,293.8977628351036,20006100
2021-08-26,288.8658142089844,292.09163511042914,288.7306153376341,290.7008581443222,17666100
2021-08-27,289.474365234375,290.5850477108611,286.6831429186562,288.7693089617846,22605700
2021-08-30,293.2120361328125,293.8205048461803,290.76852316321674,290.82646975740784,16348100
2021-08-31,291.560546875,294.09098014921955,291.19353206893163,294.01372783579956,26285300
2021-09-01,291.51226806640625,294.7574255733718,291.1838941208008,292.51672508932046,18983800
2021-09-02,290.85546875,292.98991375623564,289.9186260953305,291.8695931866592,16285600
2021-09-03,290.8457946777344,292.25587754390756,289.99587202710063,290.70089872300707,14747900
2021-09-07,289.9186096191406,290.7975056245517,288.0063130018472,290.72025332131614,17180400
2021-09-08,289.94769287109375,290.3340134824966,287.3013657348924,289.53239895069504,15046800
2021-09-09,287.0887756347656,291.8116295229271,286.8473216603041,290.5367454639233,19927000
2021-09-10,285.6014709472656,289.6675779536418,285.2827646026874,288.21885380227684,19633400
2021-09-13,286.8376770019531,288.3347094479184,284.02714897759813,287.37853159003885,23652900
2021-09-14,289.54193115234375,291.0872423497249,287.9097000686196,289.3197829043386,21853400
2021-09-15,294.3999938964844,294.88290182054226,291.5025463521372,292.8933235313727,28356300
2021-09-16,294.7864074707031,294.87332738757027,290.478875680079,293.3763241397972,19550800
2021-09-17,289.6192321777344,294.0909648651454,289.2908582826248,293.77225856159816,41372500
2021-09-20,284.2396240234375,288.5085435171126,279.623024933343,286.20022923488347,38278700
2021-09-21,284.72247314453125,287.3688283591431,284.0174465060781,285.58206331526065,22364100
2021-09-22,288.37335205078125,289.9573045688709,284.442503007703,286.5866158831855,26626300
2021-09-23,289.31988525390625,290.6140753656662,287.3592796367398,288.63416403615827,18604600
2021-09-24,289.11700439453125,289.55160387819416,286.77971687639047,288.035295269375,14999000
2021-09-27,284.1140441894531,286.3354087188709,282.92608015582806,286.0167024765787,23571700
2021-09-28,273.82806396484375,280.8398955658639,273.0843964667549,279.8933855438225,43186200
2021-09-29,274.291748046875,276.9670477955747,273.33559962456496,275.35415155742265,26353700
2021-09-30,272.2828674316406,277.99081421651636,271.99310493878147,275.9432889541892,32343600
2021-10-01,279.2174072265625,280.06733000946844,271.6743867398195,272.4760010388448,30086300
2021-10-04,273.43212890625,277.91352888902685,270.6699095435266,277.57548742469766,31350700
2021-10-05,278.8890380859375,280.472961002074,274.3400234963345,274.3400234963345,24993000
2021-10-06,283.0903015136719,283.5925446758009,275.7501238068665,276.01088350495075,28002600
2021-10-07,284.7708435058594,286.49966233803923,283.8726417312136,285.0895498059593,20430500
2021-10-08,284.7708435058594,286.49966233803923,283.7181076397104,286.0940066635479,17685700
2021-10-11,284.1720886230469,287.7842314930736,282.7426701495198,282.90687185923423,19298600
2021-10-12,282.8681640625,285.3406503959171,282.3562828170901,285.24406291153826,17974100
2021-10-13,286.1808776855469,287.11772019165227,283.4572700524126,284.82874145878634,23416300
2021-10-14,292.4007568359375,292.90297048133476,287.64892975117283,288.9817603776688,27262900
2021-10-15,293.81085205078125,294.0426679135802,290.2469889567608,292.0047810007027,25384800
2021-10-18,296.7855529785156,297.67408703145924,292.34279429071773,293.19271693221856,22729300
2021-10-19,297.69342041015625,298.72682093565703,296.71793700146924,297.80931359250326,17682100
2021-10-20,296.9014587402344,299.11318532497563,295.64588043051015,298.6399155083311,16537100
2021-10-21,300.1370544433594,300.3881466150453,295.88743954563944,296.6697777910978,16918100
2021-10-22,298.5917053222656,300.45572329837756,297.27818011582957,299.7893078396651,17449300
2021-10-25,297.59686279296875,298.8234383950236,295.9839372451796,298.7847975055776,17554500
2021-10-26,299.5091552734375,301.72088194222226,298.05079330373104,300.36874557406037,28107300
2021-10-27,312.1227111816406,314.95254445734366,305.1977987909876,305.1977987909876,52588700
2021-10-28,313.2624206542969,313.7646343557651,310.3746108163514,313.2430854710019,26297900
2021-10-29,320.2838439941406,320.65085872906553,312.8277445338759,313.04989278774104,34766000
2021-11-01,318.11077880859375,320.1583038041811,315.2133311036617,320.03274302106945,27073200
2021-11-02,321.74224853515625,322.05131669032914,318.71924011753754,319.01864068212325,26487100
2021-11-03,322.5825500488281,323.4517785702542,319.3470604932856,322.4859625521439,21500100
2021-11-04,324.93914794921875,325.03573544722815,318.2460499257313,321.5105128276318,23992200
2021-11-05,324.5721130371094,327.2088012501793,322.98819017045656,326.93837395712325,22570100
2021-11-08,325.47027587890625,326.10771788078415,323.0074572358713,325.76967643631485,20897000
2021-11-09,324.4658508300781,327.141150158709,323.09437933646785,325.5861712932559,21307400
2021-11-10,319.4919128417969,323.19100453286666,318.6420195419929,323.1330579322974,25500900
2021-11-11,321.0661926269531,322.3603824769051,319.21184248871543,319.92653686758166,16849800
2021-11-12,325.20947265625,325.7020481086352,322.37963965101386,322.50520041137537,23831000
2021-11-15,324.5817565917969,326.3298810128746,322.6114839029454,326.001507143793,16723000
2021-11-16,327.9041748046875,329.0245248169212,324.0409110967214,324.2050832986667,20886800
2021-11-17,328.1267395019531,331.0972263739965,327.04305127550737,327.95258165019357,19053400
2021-11-18,330.2070007324219,331.3487709789064,326.1915376629134,327.2171731593675,22463500
2021-11-19,331.9874267578125,333.91293722629575,331.1069521124532,331.5326910431927,21963400
2021-11-22,328.8136291503906,338.3346692855464,328.54270716464436,333.4483587373931,31031100
2021-11-23,326.7334289550781,328.44606980827206,322.7469916146541,326.12384692450337,30427600
2021-11-24,326.9559020996094,327.1977977956203,323.08557096343446,325.37873743709275,21661300
2021-11-26,318.9927062988281,326.9752647962539,317.48327941794133,323.5113311922407,24217200
2021-11-29,325.7173767089844,328.03956933810724,323.88863118927077,324.0821595451482,28563500
2021-11-30,319.8731994628906,326.8301222692539,318.32506105228794,324.44987681081915,42885600
2021-12-01,319.3797607421875,328.28153551508353,318.71215568609364,324.26607225872357,33337600
2021-12-02,318.808837890625,322.67916897611684,317.1736206447421,319.5925775731745,30766000
2021-12-03,312.5389404296875,321.91482044651934,307.7203672897264,321.2278153745193,41779300
2021-12-06,315.6158447265625,316.83500853773074,308.8814765180251,313.4484686429607,30032600
2021-12-07,324.0628967285156,324.914344926329,319.39913979218665,320.88922581286494,31021900
2021-12-08,324.1112976074219,324.6241154462202,320.0764632694871,324.44027230322723,24761000
2021-12-09,322.3019104003906,325.58200148890126,321.35366840903873,323.5694417964225,22214200
2021-12-10,331.435791015625,331.88087079600416,323.93702498451995,324.1208680623837,38095700
2021-12-13,328.3976745605469,332.6453782369156,328.08804090407773,329.63617965813285,28899400
2021-12-14,317.6961669921875,323.79195700121716,313.6032806801942,322.4179762857992,44438700
2021-12-15,323.8016052246094,324.32410824827537,313.9806448880069,317.957396355384,35381100
2021-12-16,314.36767578125,325.84322423785716,312.5486152193238,324.82724448403934,35034800
2021-12-17,313.3033752441406,314.3870930482203,306.9657181696841,310.4780493148756,47750300
2021-12-20,309.5394592285156,312.3357585464639,307.2753187116958,309.6749054842462,28326500
2021-12-21,316.6802062988281,317.10594512457476,309.4329905116543,312.8098748126121,24740600
2021-12-22,322.39862060546875,322.79530359298326,315.1901164906838,317.6574409711616,24831500
2021-12-23,323.84033203125,325.48523481760844,321.9438777632381,321.9632187915845,19617800
2021-12-27,331.3487854003906,331.37781170708996,324.55633434986925,324.5853606565686,19947000
2021-12-28,330.18768310546875,332.664693105843,329.2878380448936,332.02608481270596,15661500
2021-12-29,330.8649597167969,333.1387557390819,328.6685277999919,330.2360072562147,15042000
2021-12-30,328.3202209472656,332.0067092569597,327.8364295204996,330.82625699451927,15994500
2021-12-31,325.4175109863281,328.35894194960014,324.96274581009436,327.536520049174,18000800
2022-01-03,323.89837646484375,327.0430208965413,319.08948826047026,324.4789321117376,28865100
2022-01-04,318.3444519042969,324.33379227694843,315.5481232153685,323.975761808593,32674300
2022-01-05,306.1239318847656,315.49981405669683,305.7369045681466,315.2966003546313,40054300
2022-01-06,303.7049865722656,308.3687441767891,301.3924488017178,302.9986402827555,39646100
2022-01-07,303.8597412109375,306.23998686939547,300.037776956861,303.9661611560191,32720000
2022-01-10,304.082275390625,304.51769951844926,294.81284395605223,299.4572301875026,44289500
2022-01-11,304.7692565917969,306.3463918328574,299.8442634308143,303.22111812680726,29386800
2022-01-12,307.95263671875,312.92602760824207,306.80121056428135,309.3072765675064,34372200
2022-01-13,294.91937255859375,310.4781282698615,294.1453177442703,310.0814155808237,45366000
2022-01-14,300.1441955566406,300.74409216648695,293.9032747022667,294.3870661009536,39846400
2022-01-18,292.8390197753906,299.7572330457423,291.95851560959414,294.21300077202613,42333200
2022-01-19,293.4969177246094,303.73396167938847,292.8873652813076,296.36098446324274,45933900
2022-01-20,291.8230285644531,301.54722556520954,291.37794866784134,299.0508745044083,35380700
2022-01-21,286.43359375,294.25165138229846,286.0271958983454,292.8777000608215,57984400
2022-01-24,286.7625427246094,287.4785446299873,267.1012508783427,282.7277385199471,85731500
2022-01-25,279.1379699707031,285.42725856382043,275.9256173154079,282.06974485682485,72848600
2022-01-26,287.09149169921875,298.49930147235415,283.5307939904859,298.00582478261947,90428900
2022-01-27,290.1200256347656,297.33818511520883,288.2719389279167,292.8486162403718,53481300
2022-01-28,298.26715087890625,298.4800203242128,284.90483174909696,290.49746041765246,49743700
2022-01-31,300.89892578125,302.2535358676551,296.4383534812512,298.93473377389125,46444500
2022-02-01,298.7509765625,300.56035229043493,295.2386450773116,300.3474828207783,40950400
2022-02-02,303.29852294921875,304.9047140821634,298.8670063271222,299.5926934910757,36636000
2022-02-03,291.484375,301.1408638459518,290.2361846781371,299.4572493683748,43730000
2022-02-04,296.02239990234375,298.78967361842876,290.2459271473273,290.478137661042,35096500
2022-02-07,291.1941833496094,297.86081641456224,290.1782032464702,296.2449689647996,28533300
2022-02-08,294.6870422363281,295.65462512508105,290.2264992927546,291.48434523681885,32421200
2022-02-09,301.1214904785156,301.81815140418445,297.4253459420539,299.8249328306882,31284700
2022-02-10,292.5777587890625,299.09925890544037,290.9522263996024,294.18395014827564,45386200
2022-02-11,285.4756774902344,294.4258196414898,284.6822523965232,293.3614725070343,39175600
2022-02-14,285.4369201660156,287.13987530826006,281.9052489238554,284.24678271615846,36359500
2022-02-15,290.7296142578125,291.04890359942823,287.3914416813156,290.2845344237078,27058300
2022-02-16,290.3902893066406,291.7186141094078,284.74730563169356,289.29465510017036,29982100
2022-02-17,281.8870849609375,287.7724356407643,281.17927819469634,287.3458164377349,32461600
2022-02-18,279.1722106933594,284.92183458390497,277.601489929,284.13647420172526,34264000
2022-02-22,278.9685974121094,282.6724139032119,275.8465370047907,276.33132880972005,41736100
2022-02-23,271.7452087402344,282.8275727475832,271.5803960838196,281.35378660921566,37811200
2022-02-24,285.629638671875,286.1823084436964,263.2613371745761,264.2212450912512,56989700
2022-02-25,288.2668762207031,288.57715005097384,282.7790299038215,286.1628965358633,32546700
2022-02-28,289.7018737792969,290.04123393567045,284.087976805865,285.35812887426613,34627500
2022-03-01,285.97869873046875,290.84599781965625,283.26384685818056,287.3845772168943,31217800
2022-03-02,291.0593566894531,292.3004227417383,284.76676743872775,286.3762504716057,31873000
2022-03-03,286.91912841796875,293.90981634147147,285.1059826322842,293.6771257975704,27314500
2022-03-04,281.0434875488281,286.667090171543,278.43533489207505,285.3387653764105,32356500
2022-03-07,270.42657470703125,280.8786850901457,270.0581281920922,279.75396452482715,43157200
2022-03-08,267.4596252441406,275.3229335452845,261.7875556211475,269.35029539224405,48159500
2022-03-09,279.7248840332031,280.79143196991623,272.2396970446507,274.8187931136679,35204500
2022-03-10,276.9033508300781,277.8826396429179,272.04572798060116,274.4115141100971,30628000
2022-03-11,271.5513610839844,280.7042351674719,270.93081320541165,279.20136241806375,27209300
2022-03-14,268.03167724609375,276.71913751452684,267.43054018316315,271.813047149481,30660700
2022-03-15,278.4159240722656,279.065558101827,270.2520467522859,271.82276744576046,34245100
2022-03-16,285.4357604980469,285.61027846312476,274.58611649550784,280.3163301409905,37826300
2022-03-17,286.24053955078125,286.61866185811766,280.5684682259328,284.36924985983757,30816600
2022-03-18,291.2919921875,291.8446619377946,283.8262162636274,286.3859015665902,43390600
2022-03-21,290.06060791015625,291.01081040705833,285.93017266749587,289.79883101325805,28351200
2022-03-22,294.81158447265625,295.7229954158394,289.68247898846056,290.68114890416,27599700
2022-03-23,290.380615234375,294.0068784229763,288.66446272341494,291.36960955369653,25715400
2022-03-24,294.85040283203125,294.9473671178432,289.2462103485092,290.0412760670834,24484500
2022-03-25,294.44317626953125,296.20782573706765,290.18671913558006,295.9460487854715,22566500
2022-03-28,301.24957275390625,301.3465074219661,295.0733016708337,295.0733016708337,29578200
2022-03-29,305.81634521484375,306.2138780134715,299.6497785681732,304.36196991762364,30393400
2022-03-30,304.31353759765625,306.339993647316,302.10288786010216,304.21660289540057,28163600
2022-03-31,298.9323425292969,305.5546156451536,298.52513395302805,304.3523117591246,33422100
2022-04-01,300.00860595703125,300.69700210930256,296.24661641051176,299.9601090176987,27110500
2022-04-04,305.3897399902344,305.52546630436024,300.28972091399,300.6581674070127,24289600
2022-04-05,301.42425537109375,305.2928857636717,300.4449661381442,303.74154556563224,23156700
2022-04-06,290.3902893066406,297.66216633435283,287.68514276731554,295.90722237881243,40110400
2022-04-07,292.2033996582031,294.41404904374673,287.33610072397653,287.63666926754246,31411200
2022-04-08,287.9372253417969,291.9609911189032,287.26821033138873,291.3016814124939,24361900
2022-04-11,276.5834655761719,283.7098823533749,276.33136433660695,282.9148461789771,34569300
2022-04-12,273.4807434082031,281.89672181810613,271.95849007947834,280.44234644172155,30966700
2022-04-13,278.8716125488281,279.80240446057144,272.74383748539003,274.130364433045,21907200
2022-04-14,271.3185729980469,279.54065279729,270.82410546962507,279.3273432160326,28221600
2022-04-18,271.9875793457031,273.8685738866559,269.8738942106014,270.4265639610484,20778000
2022-04-19,276.62213134765625,277.46569375814823,269.94171712831564,270.88221420704474,22297700
2022-04-20,277.64996337890625,280.88839885014346,276.6900850216622,280.59750599779863,22906700
2022-04-21,272.26873779296875,284.37882612930093,271.5415501745788,279.80239086732644,29454600
2022-04-22,265.6949768066406,274.5860709052862,265.06475342226594,273.112284984401,29405800
2022-04-25,272.1815185546875,272.5596407849809,262.5341495736,264.9775192651805,35678900
2022-04-26,262.0008850097656,269.89328023075717,261.7875754313959,269.0594525267125,46518400
2022-04-27,274.6054382324219,282.1197103075881,270.66893161567555,273.5195094539181,63477700
2022-04-28,280.82049560546875,282.129439349792,272.898984777169,276.515542164648,33646600
2022-04-29,269.078857421875,281.0629273247488,268.0898927013259,279.83153709016864,37073900
2022-05-02,275.8174743652344,276.27317988457435,267.81840889699976,269.26307913115687,35151100
2022-05-03,273.2092590332031,275.4877863561019,271.62883306903626,275.3229441287677,25978600
2022-05-04,281.15985107421875,282.0324703593983,268.31286891823476,273.99461437075183,33599300
2022-05-05,268.9140319824219,277.64028485633924,265.99557571933246,276.85492446483426,43260400
2022-05-06,266.3736877441406,270.7561945471367,263.018907502902,266.4512414054531,37780300
2022-05-09,256.5324401855469,264.07580012501256,255.31078485449888,261.845769469364,47726000
2022-05-10,261.3028259277344,265.42355694885816,257.0075769295124,263.4262167504731,39336400
2022-05-11,252.6249237060547,263.1061170909967,251.4129445487826,257.5988909017928,48975900
2022-05-12,247.5832061767578,251.9754191978942,242.4153232289675,249.85202850661503,51033800
2022-05-13,253.17767333984375,255.0392869332298,247.58318643346072,249.52235369812172,34925100
2022-05-16,253.5460968017578,257.7347048140357,248.00007774550323,252.0529298587127,32550900
2022-05-17,258.704345703125,260.1683970586015,254.47694512701054,258.015919929837,28828800
2022-05-18,246.9255828857422,256.1775215944614,245.65247241501044,255.59441054369825,31356000
2022-05-19,246.01205444335938,250.4145118299985,244.7875390054142,246.75064893827593,32692300
2022-05-20,245.44837951660156,251.260004557282,239.5007120368587,249.99659233543315,39199300
2022-05-23,253.31060791015625,254.13667953053155,246.29390757961752,248.2959145287571,33175400
2022-05-24,252.30958557128906,253.9714268912015,246.36191797727767,250.62831809064022,29043900
2022-05-25,255.1279296875,257.1299216663202,249.88971717072658,250.87128699874697,28547900
2022-05-26,258.4127197265625,259.58863995946916,254.06858584488728,254.88492936958542,25002100
2022-05-27,265.5460510253906,265.643241139635,260.0259965721128,260.92010410159867,26910800
2022-05-31,264.2146911621094,267.0330271517111,261.3574731865208,264.8561104686971,37827700
2022-06-01,264.74920654296875,269.87080312577604,262.43621787387394,267.4509260743222,25292200
2022-06-02,266.8483581542969,266.9163942109657,254.2338682193242,257.00362379745957,44008200
2022-06-03,262.4167175292969,265.75015751179075,260.8520664352407,262.69855996137693,28059000
2022-06-06,261.1825866699219,266.45968260539826,259.69566931632716,264.3993819228508,22400300
2022-06-07,264.8268737792969,265.4391388199608,258.45159434648144,259.13189542683165,22860700
2022-06-08,262.7957763671875,265.3128433735348,262.01828503853517,264.0591589961378,17372300
2022-06-09,257.3340148925781,265.03098582947564,257.1785166356976,260.23981256874225,26439700
2022-06-10,245.86627197265625,253.24253313611206,245.41921820228913,253.24253313611206,31422800
2022-06-13,235.43836975097656,242.0080292688815,234.72892944752553,238.2081245846543,46135800
2022-06-14,237.60562133789062,238.82042366109098,234.70952192240742,236.99335622167607,28651500
2022-06-15,244.67092895507812,248.11125783215647,239.48129639583155,241.3180771254135,33111700
2022-06-16,238.0720977783203,240.45310733096755,236.17700914781045,239.05365270255112,33169200
2022-06-17,240.6766357421875,243.44639103289649,237.1585728805667,237.80970516091955,43084800
2022-06-21,246.59515380859375,247.57670872846134,242.48425214861203,243.21313352857806,29928300
2022-06-22,246.00230407714844,249.92855300604273,243.3200113875342,244.79721498260233,25939900
2022-06-23,251.5709686279297,252.0666174651717,246.48825470193722,248.37363027538592,25861400
2022-06-24,260.1620788574219,260.43419339301283,254.35045383369882,254.43791604246806,33923200
2022-06-27,257.4311828613281,260.7451372256975,255.86650217614465,260.65767502465104,24615100
2022-06-28,249.2580108642578,259.39431434341117,249.1025126077075,256.546824812342,27295500
2022-06-29,252.9315643310547,254.59340555712373,248.558261264079,250.33673359363198,20069800
2022-06-30,249.59812927246094,252.22211413062385,245.77879792014835,249.81193566577983,31730900
2022-07-01,252.27069091796875,252.4553432396003,247.4406506324261,249.17054274453085,22837700
2022-07-05,255.4486541748047,255.57499836951445,247.56701562367115,248.94702936825868,22941000
2022-07-06,258.7139892578125,260.4438664218845,255.01127448719635,256.3232668081978,23824400
2022-07-07,260.8423767089844,261.4837959629939,257.55754613160065,257.65473625946805,20859900
2022-07-08,260.1231994628906,260.55081225996196,255.87625522031703,257.3340180308074,19658800
2022-07-11,257.0619201660156,259.0250302011665,254.79751184488788,258.1698045515523,19455200
2022-07-12,246.52713012695312,258.45163425345476,244.9430231030509,258.3933261127936,35868500
2022-07-13,245.6038818359375,246.41051237825036,241.12369016254638,243.14512305849968,29497400
2022-07-14,246.9255828857422,247.95573289017767,239.01479069630014,243.51442327742907,25102800
2022-07-15,249.49124145507812,253.0384582835576,247.59615280932707,248.51939960298733,29774100
2022-07-18,247.09078979492188,253.4952240127195,246.16754300536857,252.4359199576439,20975000
2022-07-19,252.2221221923828,252.40677452243568,246.53684125681795,250.32701866110767,25012600
2022-07-20,254.8849639892578,257.411758856481,251.61958944694678,252.58170343561682,22788300
2022-07-21,257.3825988769531,257.4312087657086,249.7925161981688,252.47480926653154,22404700
2022-07-22,253.0286865234375,257.85874087759,251.775032105451,257.77127868505056,21881300
2022-07-25,251.5418243408203,254.13665524708887,249.57871439217618,253.65073430015372,21056000
2022-07-26,244.8069610595703,252.56226985718692,242.5425825526762,252.5428140385053,39348000
2022-07-27,261.1727294921875,262.4458397490854,251.56123048216568,253.80618244101655,45994000
2022-07-28,268.6268005371094,270.01652721920226,260.32726310507684,262.1543304686785,33459300
2022-07-29,272.83489990234375,274.0594302515586,268.84064371868607,269.880521724503,32152800
2022-08-01,270.1817932128906,273.3597057500872,268.07288310675597,269.99714086754074,21539600
2022-08-02,267.08160400390625,270.0651658211096,264.71030734261404,268.22837035337625,22754200
2022-08-03,274.5162048339844,275.5172008854387,268.8211954180765,268.9669954414521,23518900
2022-08-04,275.6629638671875,275.8087342283953,272.28097285411656,273.86505032359116,18098700
2022-08-05,274.9438171386719,275.66297071065867,270.83291490098145,271.2896818162804,16774600
2022-08-08,272.42669677734375,277.8690167147474,271.4548549906023,276.05164766060443,18739200
2022-08-09,274.3509521484375,275.1089876320651,269.7930113371827,271.765878834773,23405200
2022-08-10,281.01776123046875,281.64945243011664,278.8602713803168,280.05564739805516,24687800
2022-08-11,278.9380798339844,283.01010018184206,278.44246058218863,282.66025129822157,20065900
2022-08-12,283.6903076171875,283.6903076171875,278.8602532940369,280.35689778158826,22619700
2022-08-15,285.2064208984375,285.89642028825256,281.94101695182127,282.80597041000163,18085700
2022-08-16,284.4678649902344,285.76043146556236,282.2423681526486,283.7681375602767,18102900
2022-08-17,283.7178955078125,285.69492065907355,281.91616605164813,282.1791095942932,18253400
2022-08-18,282.5979309082031,284.2925155216381,281.53634866422476,282.61739830194875,17186200
2022-08-19,278.682861328125,281.7019722471869,278.1082610446249,281.36109961223826,20570000
2022-08-22,270.5020446777344,275.0891277344879,269.985876348386,274.7190391735939,25061100
2022-08-23,269.22625732421875,271.5830904016893,268.21338796500265,269.22625732421875,17527400
2022-08-24,268.5932312011719,269.99565658530935,267.93095330444964,268.2231425968554,18137000
2022-08-25,271.5732727050781,271.73881982433454,267.35624962378307,270.0929188602087,16583400
2022-08-26,261.0941162109375,273.02444918596143,260.98700095652805,271.79731971202773,27549300
2022-08-29,258.3087463378906,260.4221028280278,256.9647531378231,258.91256247792984,20338500
2022-08-30,256.10772705078125,260.0812452565468,253.8580095108411,259.71118642639124,22767100
2022-08-31,254.64686584472656,260.13967295694687,254.51050491907353,258.464585387242,24791800
2022-09-01,253.6047821044922,254.08201562576158,248.7450070823957,252.11470907784698,23263400
2022-09-02,249.37802124023438,257.83150643317526,247.82951641986838,254.87085770904451,22855400
2022-09-06,246.64137268066406,251.10184326326072,245.36555986305348,249.5144035204149,21328200
2022-09-07,251.35507202148438,252.0757520218553,246.6121606696536,248.05353553100252,24126700
2022-09-08,251.77383422851562,253.63399578598168,248.14117383130036,250.79021068457934,20319900
2022-09-09,257.558837890625,258.30876355813575,253.49767178964203,253.70218346204774,22084700
2022-09-12,259.6916809082031,260.47082249672275,258.24057242382844,258.84438857917326,18747700
2022-09-13,245.41424560546875,253.60477266828747,245.02467481719648,252.08548374554073,33353300
2022-09-14,245.63824462890625,247.59578772613622,243.3398289424253,246.91405740824067,23913000
2022-09-15,238.9767303466797,244.83962570319943,237.65221941398767,243.252171211811,31530900
2022-09-16,238.3534698486328,238.89885416750874,235.7433972160875,237.88598483764645,39791800
2022-09-19,238.1392059326172,238.74302215341444,234.56497709875475,236.1426981198614,26826900
2022-09-20,236.12319946289062,237.1555361018201,233.38652954179466,235.75312576969003,26660300
2022-09-21,232.71449279785156,241.1972080963269,232.6657945974884,237.89567221592281,28625600
2022-09-22,234.69155883789062,237.49640922958957,231.37055498618827,231.66271451815115,31061200
2022-09-23,231.71139526367188,234.83763576552224,229.06237339573931,233.28911605979133,34176000
2022-09-26,231.253662109375,235.14928080942127,230.71801156599744,230.8641061836128,27694200
2022-09-27,230.2408447265625,235.4901911726715,228.38068293229503,233.7176772466721,27018700
2022-09-28,234.77920532226562,236.00631985347113,228.60463843638797,230.6303619280171,29029700
2022-09-29,231.3023681640625,233.68843172668625,228.29300618270508,232.65609511384054,27484200
2022-09-30,226.82240295410156,234.26303440769513,226.65684093525877,232.0717487914595,35694800
2022-10-03,234.45782470703125,235.30511704742838,228.53648230029808,229.2669108311526,28880400
2022-10-04,242.3854217529297,243.8267966387145,238.58718426741393,238.6943143855835,34888400
2022-10-05,242.69705200195312,244.04104526402548,237.73014687189743,239.57082618879338,20347100
2022-10-06,240.3499298095703,243.8072944010288,239.65846580764227,241.46018055206,20239900
2022-10-07,228.12744140625,235.02268843917923,227.08535624814024,234.61363538940842,37769600
2022-10-10,223.2676544189453,228.43908604327487,220.81341039260693,226.96849528328906,29743600
2022-10-11,219.52786254882812,223.08260876857707,218.26178346350437,221.68018361933272,30474000
2022-10-12,219.85897827148438,221.91391771043942,218.11569545862955,219.51810569426297,21903900
2022-10-13,228.12744140625,229.93890473575348,213.41174085104754,214.11295342121704,42551800
2022-10-14,222.59567260742188,231.04917376716926,222.38141236844757,229.39352376407572,30198600
2022-10-17,231.3315887451172,232.72428023302328,229.00395704070687,229.66621998295358,28142300
2022-10-18,232.27630615234375,237.56460234171377,229.22797922396435,236.89262047978178,26329600
2022-10-19,230.30897521972656,233.35730163218065,228.17612158677025,230.854359464379,19985700
2022-10-20,229.98757934570312,235.01293095415457,228.7409825706679,229.61750568038707,21811000
2022-10-21,235.80177307128906,236.65881386041573,228.3806248982201,228.61436734814683,26299700
2022-10-24,240.79794311523438,241.37254333610227,235.00321297699924,237.3990102771564,24911200
2022-10-25,244.1189727783203,244.48904648504563,239.41501096435695,240.80768764987562,34775500
2022-10-26,225.2836456298828,232.0814963742718,224.05651617915876,225.13755100638363,82543200
2022-10-27,220.8328857421875,227.59178658537854,219.8881970156547,225.01093027224846,40424600
2022-10-28,229.7149200439453,230.42588124641725,220.15118265114296,220.3362269405368,40647700
2022-10-31,226.0724639892578,228.7896510975248,225.11802684733127,227.65991827275695,28357300
2022-11-01,222.21585083007812,229.58831711329057,221.3977743852499,228.47806626370723,30592300
2022-11-02,214.3563995361328,225.2641276327497,214.2979527796427,223.47214680943068,38407000
2022-11-03,208.65907287597656,214.65832913291175,208.39611445747363,214.34667250941115,36633900
2022-11-04,215.6127471923828,215.80752514784365,207.860459735956,211.87295694935526,36789100
2022-11-07,221.92364501953125,222.44956184578618,215.50561702414757,216.1970958555256,33498000
2022-11-08,222.8975830078125,225.6050371166513,219.9466527031385,222.73202097791747,28192500
2022-11-09,218.65133666992188,222.66383409917907,218.4760409587585,221.43670467861034,27852900
2022-11-10,236.6393585205078,236.98023110784243,228.86760321897782,229.2863751045428,46268000
2022-11-11,240.66159057617188,241.5186314660159,235.61675651178047,236.64910797482275,34620200
2022-11-14,235.24668884277344,237.54510458377084,232.9677553572084,235.67520929864517,31123300
2022-11-15,235.65573120117188,240.5544708560725,233.76635362727728,239.24944207060548,31390100
2022-11-16,236.08541870117188,238.10708979905047,234.8060105698504,237.12066452033324,24093300
2022-11-17,236.0365753173828,237.56992173935555,232.08115791544682,232.2276493368206,23123500
2022-11-18,235.58737182617188,238.04853251158542,233.4485072342936,237.82389241753862,27613500
2022-11-21,236.39797973632812,238.95679628172485,235.55806069358533,235.79244700156886,26394700
2022-11-22,239.3083953857422,239.58185601879657,235.08927783112682,237.90201790004144,19665700
2022-11-23,241.79885864257812,242.48251023756336,238.56615153433665,239.38653344831891,19508500
2022-11-25,241.71096801757812,242.89270545912507,240.9687049278587,241.53516337435977,9200800
2022-11-28,236.11471557617188,240.89052977739965,235.17714064846845,240.33384745829161,24778200
2022-11-29,234.71812438964844,237.1206732847148,232.64763267479685,235.76313137502686,17956300
2022-11-30,249.1822967529297,249.36786250056446,234.25909694374434,234.95252448977655,47594200
2022-12-01,248.74281311035156,250.13941445901602,245.06084106912186,247.9419535295198,26041500
2022-12-02,249.0651397705078,250.08084861229074,243.85959656296245,243.98656575661812,21528500
2022-12-05,244.35763549804688,247.89311586072256,242.26760673225942,246.12536822814238,23435300
2022-12-06,239.3962860107422,245.97890805258777,238.08757944681767,244.96319927673994,22463700
2022-12-07,238.66378784179688,240.41199845740607,236.5542366516699,239.11305308285705,20481500
2022-12-08,241.62301635742188,242.93173766676492,237.3843622264114,239.12279668387623,22611800
2022-12-09,239.6892852783203,242.51180134599122,238.4587124437862,238.98609654359035,20609700
2022-12-12,246.6137237548828,246.64302204339194,241.39841976544412,241.67188039318714,30665100
2022-12-13,250.9207763671875,257.7573221509762,247.16067022510887,255.57938326434993,42196900
2022-12-14,251.2137451171875,256.458347318601,248.37169195338248,251.1258502529427,35410900
2022-12-15,243.1954345703125,248.26424677465207,241.56443204275277,247.7954592877002,35560400
2022-12-16,238.97633361816406,244.0060718471809,237.82387962727623,242.74620073337888,86102000
2022-12-19,234.83534240722656,239.48420303255193,233.13598200938617,239.14236978569437,29696400
2022-12-20,236.15380859375,237.23788993522047,232.85272912283375,233.8098412838887,25150800
2022-12-21,238.72238159179688,239.88459664487903,234.5032643589745,236.04637204350925,23690600
2022-12-22,232.6280975341797,236.33936782887625,228.40896543431774,235.62640311504308,28651700
2022-12-23,233.155517578125,233.29224790417652,228.47737329876662,230.596700803809,21207000
2022-12-27,231.42681884765625,233.35080420983945,230.32320039769817,233.1261790492013,16688600
2022-12-28,229.05357360839844,234.12238618004355,228.7019792420853,231.35846669812094,17457100
2022-12-29,235.38221740722656,236.27097175234948,230.14737711958506,230.14737711958506,19770700
2022-12-30,234.2200469970703,234.35677730572505,231.13383157030836,232.64764099629804,21938500
2023-01-03,233.9856414794922,240.011565882423,231.85653825258547,237.40391403529475,25740000
2023-01-04,223.75035095214844,227.43230792474532,220.683672878356,226.85608843916458,50623400
2023-01-05,217.11892700195312,222.23657525283872,216.58176684830784,221.89474199984065,39585600
2023-01-06,219.67774963378906,220.48837045082183,214.2280589162467,217.79282338281794,43613600
2023-01-09,221.8165740966797,225.840379162237,221.12316147080284,221.16222088392175,27369800
2023-01-10,223.50619506835938,225.90874396659487,222.02168398090183,222.4416360207006,27033900
2023-01-11,230.2646026611328,230.44039237661667,225.71341348434925,225.8892031998331,28669300
2023-01-12,232.94061279296875,234.2981546866577,228.10620187098192,229.7665026549743,27269500
2023-01-13,233.64382934570312,233.78055966417364,229.43447286012528,231.4659053791777,21333300
2023-01-17,234.7376708984375,235.28459213527947,231.55378456577233,232.41324073937315,29831300
2023-01-18,230.3037109375,236.72030515877833,230.02048914607974,235.92922146628942,30028700
2023-01-19,226.51429748535156,230.02048030114173,225.2934856852473,228.321104910501,28623000
2023-01-20,234.61070251464844,235.11856433736398,229.03402830061015,229.37586152604075,35389800
2023-01-23,236.91558837890625,239.44510648286737,234.0539981879018,235.47015159128358,31934000
2023-01-24,236.38819885253906,238.2536026618758,234.82556885560982,236.83746410442902,40234400
2023-01-25,234.9916229248047,237.6188123091787,225.50835028229494,229.00475707427898,66526600
2023-01-26,242.20901489257812,242.51177377679628,236.3491193709835,237.96058467842803,33454500
2023-01-27,242.36532592773438,243.9963286862057,241.06638039859524,243.1759467422718,26498900
2023-01-30,237.0425567626953,239.86507262695676,236.54445608504085,238.80051357034338,25867400
2023-01-31,242.02345275878906,242.1601830602323,237.27693671942308,237.765261353504,26541100
2023-02-01,246.84811401367188,249.22136469253888,239.7381082028261,242.20902977404796,31259900
2023-02-02,258.4214172363281,258.50931209894077,251.24303873990777,252.77638533264104,39940400
2023-02-03,252.3173828125,258.0307878622556,251.0965710413973,253.47959800298776,29077300
2023-02-06,250.77426147460938,252.26853389877027,248.83073866151105,251.42862970184487,22518000
2023-02-07,261.3123474121094,262.4940850050237,254.00699815459296,254.44650236769075,50841400
2023-02-08,260.5017395019531,270.2975330819385,259.9938626718781,266.8206631444049,54686000
2023-02-09,257.46429443359375,267.58239710210876,256.6634348210044,267.4065775689988,42375100
2023-02-10,256.9563903808594,257.92326347563693,254.57336413487155,255.42304410361132,25818500
2023-02-13,264.9845275878906,268.1879364908774,260.9118863953709,261.39046487819326,44630900
2023-02-14,265.8146667480469,268.5492730065141,262.9921358196889,266.3029914231284,37047900
2023-02-15,263.6900634765625,265.070592011586,260.6156886085749,262.71096776772004,28922400
2023-02-16,256.6698913574219,261.16393632712175,256.42511747097006,258.5007952473413,29603600
2023-02-17,252.66537475585938,254.6529373660176,250.6484404767677,253.96758846436245,30000100
2023-02-21,247.38807678222656,250.14913347081608,246.33065176998883,249.16023738002588,28397400
2023-02-22,246.2523193359375,249.0231615682259,245.10677932156742,248.77838767780975,22491100
2023-02-23,249.44418334960938,251.47090341728688,245.24385497458428,250.21766227886485,29219100
2023-02-24,244.0101776123047,245.75296637788725,242.91359545143786,244.73471364848396,24990900
2023-02-27,244.93051147460938,247.53490885207657,244.17660382538247,247.18243390670648,21190000
2023-02-28,244.2059783935547,246.2327130884618,243.530400161919,243.8633039596974,22491000
2023-03-01,241.12185668945312,245.6844304356118,240.6518800855354,245.51798599082042,27565300
2023-03-02,245.86068725585938,246.14461839541934,240.47566166300976,241.3960138819759,24808200
2023-03-03,249.95330810546875,250.27641144489547,246.1348412573584,246.9181207220463,30760100
2023-03-06,251.50025939941406,254.6823198135749,250.62886499128248,251.06945498374236,24109800
2023-03-07,248.8371124267578,252.30311882234795,248.09300523382876,250.94216175111166,21473200
2023-03-08,248.3965301513672,249.21896680166975,245.56694469940246,248.7294190422308,17340200
2023-03-09,247.04539489746094,254.1340370763852,246.32085881638,250.47222930235247,26653400
2023-03-10,243.3933868408203,247.50558563004392,242.42409169767885,245.83134041562823,28333900
2023-03-13,248.61196899414062,252.5185660684402,240.59317312257605,242.228261087258,33339700
2023-03-14,255.33839416503906,255.61253978538986,250.51144425136073,251.38283888886485,33620300
2023-03-15,259.8911437988281,260.9094116100634,253.79136732872547,254.54529007919024,46028000
2023-03-16,270.42620849609375,270.7786685592172,257.7762805795016,259.6659278592618,54768800
2023-03-17,273.588623046875,277.40708916718296,270.5436506662001,272.4430981505929,69527400
2023-03-20,266.5391845703125,271.6794360581046,264.20893244844024,271.18988829736253,43466600
2023-03-21,268.0567932128906,269.2512910447104,263.8858363792266,269.1338043529948,34558700
2023-03-22,266.5979309082031,275.16501681749725,266.49021486222443,267.68471260704814,34873300
2023-03-23,271.855712890625,275.18463226094,269.4471458593469,272.12985848865964,36610900
2023-03-24,274.7048034667969,274.76354680040964,269.5253804360551,271.44439905318643,28172000
2023-03-27,270.6024169921875,275.5762089469485,269.7603793312512,274.6362856404628,26840200
2023-03-28,269.4764709472656,270.3674514567512,266.3629244825979,270.02476204854537,21878600
2023-03-29,274.6461486816406,275.26298376306835,272.59004170342473,273.1285323950296,25087000
2023-03-30,278.1120910644531,278.51352384288515,275.59583810054556,278.28835097959796,25053400
2023-03-31,282.2732238769531,283.22294771783334,277.0840296203647,277.79878010007826,32766000
2023-04-03,281.2255859375,282.24382365262437,278.01415418141534,280.5304066816727,24883300
2023-04-04,281.17669677734375,284.3783588486716,279.6982825841674,281.2256694902647,25824300
2023-04-05,278.3960266113281,281.14728273137956,277.00572765537777,279.87447046132644,22064800
2023-04-06,285.5043029785156,285.97424977654526,276.1343502576284,277.2896759756227,29770300
2023-04-10,283.3404541015625,283.5460557851989,278.75826456602096,283.16419420739436,23103000
2023-04-11,276.9176025390625,280.0017776622644,275.7525062342862,279.77657491179383,27276600
2023-04-12,277.5638122558594,281.01024801713993,276.0657971281388,278.83665451028776,27403400
2023-04-13,283.78106689453125,283.8398102405288,277.2505159342496,277.66171935623237,24222700
2023-04-14,280.1583557128906,282.4494352293402,277.7595601713383,281.00036336542723,20987900
2023-04-17,282.7628173828125,285.50430318502544,280.1780203528942,283.8692002700218,23836200
2023-04-18,282.341796875,285.6609453421748,281.01024118479097,285.47491478550927,20161800
2023-04-19,282.42010498046875,283.00753836856154,278.591838043408,280.01150857079625,17150300
2023-04-20,280.1289978027344,282.98796979588815,279.1205306378155,279.28699001904164,23244400
2023-04-21,279.7863464355469,280.28566483452795,277.14277656950355,279.0520247927153,21676400
2023-04-24,275.87969970703125,278.9932457830926,272.8934706931475,276.19301740569233,26611000
2023-04-25,269.6624755859375,275.71327815222014,269.61350288682667,273.6669722958412,45772200
2023-04-26,289.19549560546875,293.3077095467647,286.6106984637972,290.4977096347188,64599200
2023-04-27,298.4576110839844,298.8199014486359,289.0778911334433,289.78284095391535,46462600
2023-04-28,300.8369140625,302.4719869299771,296.9694746134844,297.65485346356644,36469600
2023-05-01,299.1723937988281,302.1488522384796,298.77096109153786,300.55292192498604,21294100
2023-05-02,299.0255432128906,302.71672228103625,297.5569000465208,301.3264234827943,26404400
2023-05-03,298.03668212890625,302.1586660652437,297.733164896042,300.21027546467184,22360800
2023-05-04,299.0255432128906,301.3264234827943,297.05755180847615,299.8381792845817,22519900
2023-05-05,304.156005859375,305.44841906822023,297.9093718962461,299.32907229863827,28197100
2023-05-08,302.1978759765625,303.71549220994933,299.69139342347466,303.6469483411657,21318600
2023-05-09,300.58233642578125,303.5587952895824,299.90675810012203,301.5614319841714,21340800
2023-05-10,305.7813720703125,306.45695048571525,301.2383836132989,302.1685065895515,30078000
2023-05-11,303.6272888183594,304.6161848272032,299.85779507616377,303.61751818157876,31680200
2023-05-12,302.5111389160156,304.1560121908101,300.19068735342637,304.05809666453393,19774700
2023-05-15,302.9908447265625,303.4216490795794,301.15994116605026,302.6383847357047,16336500
2023-05-16,305.22320556640625,307.1520247952151,303.35312967414006,303.35312967414006,26730300
2023-05-17,308.1080627441406,308.5299869808576,304.90922423008425,306.4301577933981,24315000
2023-05-18,312.54327392578125,313.0535358007283,307.8333531943893,308.62815194349986,27276000
2023-05-19,312.3665771484375,312.76888738913846,310.43354157210945,310.79659399922207,27546700
2023-05-22,315.1533203125,316.5368664420845,312.04281946483945,312.6217450177961,24115700
2023-05-23,309.344482421875,316.66449486892907,309.3346604791277,314.02496753538287,30797200
2023-05-24,307.96087646484375,310.56114546951807,306.7441236524187,308.82436880109975,23384900
2023-05-25,319.8044128417969,320.76600484441417,313.99548322633484,317.1746779116198,43301700
2023-05-26,326.6435852050781,327.14399507810526,317.8026414606866,317.9399988951654,36630600
2023-05-30,324.9951477050781,329.44014532098214,324.31809251004455,328.939735353525,29503100
2023-05-31,322.2280578613281,329.63637661307075,321.1879203022461,326.05487171947954,45950600
2023-06-01,326.3393859863281,327.271571965158,318.626887047571,319.81417396933864,26773900
2023-06-02,329.1065673828125,331.167169090588,326.3100386326135,327.9781519067527,25873800
2023-06-05,329.6363830566406,332.20721626429463,328.38040233133853,328.9298920270993,21307100
2023-06-06,327.4188232421875,329.0771144876542,325.9371772359314,329.0378566628356,20396200
2023-06-07,317.3120422363281,328.21355775333575,316.44854992905215,325.4268516357255,40717100
2023-06-08,319.1568298339844,320.5109403004731,317.2826654870996,317.8615911316955,23277700
2023-06-09,320.6580810546875,323.79801789828633,318.32273487313944,318.8918385067795,22529000
2023-06-12,325.6231384277344,325.8684474019989,319.05866788081994,322.4144778795906,24260300
2023-06-13,328.01727294921875,330.6567992362817,324.1904599134008,328.1938881789637,22951300
2023-06-14,331.0101013183594,332.678214257829,326.5651040717086,328.06639373925447,26003800
2023-06-15,341.5682373046875,343.2755782609129,330.87277152883553,331.1475163947217,38899100
2023-06-16,335.9065246582031,344.8750365511383,335.5336801120297,344.7278571322609,46552000
2023-06-20,331.7068176269531,335.6611975068298,329.55790839262113,332.94318456860884,26375400
2023-06-21,327.3009948730469,331.3927611325537,325.83896318569987,330.0582649391525,25117800
2023-06-22,333.3356628417969,333.7379731827186,327.0851945067568,327.8505573652322,23556800
2023-06-23,328.7336730957031,331.6185093238912,327.19315533781804,328.0860537439725,23146900
2023-06-26,322.4341125488281,329.8031735626045,322.326161031866,327.4580354070177,21520600
2023-06-27,328.2921142578125,329.8424538607447,323.120981710903,325.63294331118817,24354100
2023-06-28,329.548095703125,331.6381330418555,327.54636600540425,328.3804225415333,20259500
2023-06-29,328.7630920410156,329.80319974916614,326.37869587676175,328.4294754124527,16997000
2023-06-30,334.15008544921875,336.2989944894714,330.8727611005321,331.41242887349597,26832800
2023-07-03,331.64794921875,334.50334959936004,330.25461085463917,332.8254444079519,12508700
2023-07-05,331.804931640625,335.23925747739463,328.4491214492935,328.80235201893055,18172400
2023-07-06,334.86639404296875,336.55412113608645,329.2046731859424,330.97088598213605,28161200
2023-07-07,330.8923645019531,335.3766196583141,330.6764914106529,332.952965838011,21214800
2023-07-10,325.6035461425781,328.9397726772135,321.44311486214065,328.321589172914,32791400
2023-07-11,326.23150634765625,326.61417278371005,320.86414468674985,324.8479601120357,26698200
2023-07-12,330.8727722167969,335.239254199601,329.3714824206285,330.2840246615467,29995300
2023-07-13,336.2303161621094,337.2900378184535,332.6586029099094,333.18847871055397,20567200
2023-07-14,338.76190185546875,344.8357549977922,337.8493595762692,341.06781240904763,28352700
2023-07-17,339.2427062988281,340.4790431987355,335.77894468986676,339.19362653573205,20363900
2023-07-18,352.7444763183594,359.89769425596677,335.74949366384544,339.34079062698265,64738600
2023-07-19,348.4172058105469,355.6587310369043,345.82675878722245,354.9620619812482,39732900
2023-07-20,340.3612976074219,351.25302227091294,338.88944373248916,346.9355902267656,33778400
2023-07-21,337.3194274902344,343.72689620518594,333.4533559589221,342.59848099973897,69405400
2023-07-24,338.63433837890625,340.4104030714341,335.8868895829084,339.36047337459183,26678100
2023-07-25,344.3941955566406,345.2871238413171,338.595087649529,340.59678737512286,41637700
2023-07-26,331.4320068359375,338.2025578415129,326.85944439453834,335.0331554134673,58383700
2023-07-27,324.5143127441406,334.9252104578534,322.8756357431296,334.09118396383514,39635300
2023-07-28,332.0207824707031,333.630023699817,326.91837382253794,327.4089917663005,28484900
2023-07-31,329.61676025390625,331.3633588709427,327.10476892592203,330.59799610493667,25446000
2023-08-01,330.0289001464844,332.1876312426991,327.4384527759718,328.9004847782133,18311900
2023-08-02,321.3547058105469,327.36968570591614,320.23608269003284,327.36968570591614,27761300
2023-08-03,320.5305480957031,323.6901291419594,319.8338789360626,319.88292875697346,18253700
2023-08-04,321.6295166015625,328.85142872245865,321.0996408070944,325.65258996189004,23741500
2023-08-07,323.9157409667969,324.8969767831622,321.37434379580344,322.20840022870215,17741500
2023-08-08,319.9319763183594,322.58132541763825,316.9392185852385,320.82490464522823,22327600
2023-08-09,316.1837158203125,320.972122782112,315.0258344768322,320.3441472563633,22373300
2023-08-10,316.8704833984375,322.1004872075801,315.153320674243,319.90249855805087,20113700
2023-08-11,314.98651123046875,316.3602353505344,313.2202688375786,314.25058438633283,24355500
2023-08-14,317.959716796875,317.9793307363842,314.0740007379562,315.3594474269808,18836100
2023-08-15,315.820556640625,318.9899592196478,314.87857860821487,316.9391798843772,16966300
2023-08-16,315.0536193847656,319.0065586089997,314.46362532057526,315.44693875811095,20698900
2023-08-17,311.59234619140625,316.4990703161301,310.93351302834594,315.19127673474406,21257200
2023-08-18,311.19903564453125,313.0673251029197,306.35127777604174,309.24222157279775,24755000
2023-08-21,316.5088806152344,317.38401382248713,311.74964798242354,312.62478118967624,24040000
2023-08-22,317.0791931152344,320.63878240151894,316.09587983136174,320.06847390054236,16084600
2023-08-23,321.54345703125,323.70675834794656,318.0625194610532,318.4165278621223,21166400
2023-08-24,314.6307373046875,327.42365210696096,314.62089456965975,327.2958165849543,23281400
2023-08-25,317.590576171875,319.93083688219207,313.4803033090538,316.1057633191369,21684100
2023-08-28,318.29852294921875,320.70762249694076,316.351551838299,320.22580858906434,14808500
2023-08-29,322.929931640625,323.4904274361002,316.5088968490621,316.5088968490621,19284600
2023-08-30,323.3036193847656,324.30658824416685,321.0026696426028,323.1856265787588,15222100
2023-08-31,322.2908020019531,325.3882331373902,321.32714408962795,323.7067756652974,26411000
2023-09-01,323.1758117675781,326.4502324505812,321.3271776248165,325.7815864865364,14942000
2023-09-05,327.9842224121094,329.2625480313892,323.17583475969263,323.5101577655002,18553900
2023-09-06,327.32537841796875,328.87900042913225,324.67042016143193,327.81703513152416,17535800
2023-09-07,324.4049377441406,327.5220245169093,323.5396171232003,325.7619150807658,18381000
2023-09-08,328.6921691894531,330.5506459747243,323.9624339954705,324.58192625722756,19530100
2023-09-11,332.3009338378906,332.7729350743732,329.83280759348713,331.6126024523964,16583300
2023-09-12,326.23388671875,331.1701393555617,325.9487474293145,330.2163241256409,17565500
2023-09-13,330.4523010253906,331.2291270189504,325.64391407139624,325.7815623439832,16544400
2023-09-14,333.0483093261719,335.1722401736746,330.95384667630464,333.4907824159233,20267000
2023-09-15,324.7097473144531,331.7699302193474,324.1492514827947,331.29795899971333,37679800
2023-09-18,323.569091796875,324.8867280980945,320.9141337218996,322.33010736077415,16834200
2023-09-19,323.16595458984375,323.8936269378206,319.0950525710311,320.7273564750353,16505900
2023-09-20,315.4174499511719,324.0902819305911,315.16180885547175,324.011630056917,21436500
2023-09-21,314.1981201171875,319.92101113625847,309.74371174856566,313.93263631012064,35560400
2023-09-22,311.7201843261719,316.0860981358559,310.8745192146817,315.9582625950678,21447900
2023-09-25,312.2413330078125,312.36916854605823,309.7437086689083,311.3071733116646,17836000
2023-09-26,306.9314270019531,310.6090091309313,304.84677760481566,309.87152415800745,26297600
2023-09-27,307.5705871582031,309.055369891766,304.52230981108517,307.08874321728234,19410100
2023-09-28,308.406494140625,310.2157875767209,304.2864077261309,305.8006890750814,19683600
2023-09-29,310.4812316894531,314.1391590398575,309.72409111193235,312.4478586518566,24147300
2023-10-02,316.4302673339844,316.518791954941,309.9207368674109,311.0023877021163,20570000
2023-10-03,308.1606140136719,316.02712155021527,306.0169679036218,315.47643841498,21033500
2023-10-04,313.63763427734375,314.69962955610083,308.7604082061058,308.78990640782996,20720100
2023-10-05,314.0309143066406,314.6405937464886,309.6453454856245,313.7654305243728,16965600
2023-10-06,321.7991638183594,323.6969515428258,311.022026982247,311.26785534059786,25673600
2023-10-09,324.3164367675781,324.7884080000268,317.78722130749577,319.3310305664322,19891200
2023-10-10,322.9102478027344,325.5750182685459,322.20226107285646,325.43734001157645,20557100
2023-10-11,326.8730773925781,327.26639677950044,323.64781040646227,325.6832464860802,20063200
2023-10-12,325.6340637207031,328.062848978579,323.23477666400214,325.0539124253683,19313100
2023-10-13,322.2613220214844,328.25950995278436,320.91415741201166,326.8337234807313,21072400
2023-10-16,327.0893249511719,330.53092123218164,325.0833575736201,325.52583051903275,22158000
2023-10-17,326.5190734863281,327.895706363903,321.9466717819366,324.0902879776136,18338500
2023-10-18,324.6015319824219,329.9900995519493,322.82173734889005,326.94182238673613,23153600
2023-10-19,325.7913818359375,331.25860158595435,325.3882197669904,326.60751870152404,25052100
2023-10-20,321.2189636230469,326.3813583630038,320.01932021647565,326.18468370290753,25027700
2023-10-23,323.82476806640625,327.1778702783257,318.9770403265237,320.0390055685396,24374700
2023-10-24,325.01458740234375,326.3027255972939,322.13348624926266,325.77172794180206,31153600
2023-10-25,334.98541259765625,340.4231348794275,331.98628851300685,339.2628021799774,55053800
2023-10-26,322.41864013671875,335.9293564408089,321.48448041784866,334.8575484524091,37828500
2023-10-27,324.30657958984375,331.1012785656195,322.92010413957604,324.91622907683893,29856500
2023-10-30,331.6814270019531,333.78573199598327,326.2928589871081,327.84651090030354,22828100
2023-10-31,332.46807861328125,333.34324194155744,329.10516359659624,333.1957509335175,20265300
2023-11-01,340.29522705078125,341.62270595329534,333.9823427186433,334.1200209790302,28158800
2023-11-02,342.5077209472656,343.00919036132757,339.0169404715558,341.44572570080203,24348100
2023-11-03,346.91290283203125,348.4763973079303,341.5341781505485,343.79581663208626,23637700
2023-11-06,350.5807189941406,351.57387511294206,347.4537896404017,347.5521269803011,23828300
2023-11-07,354.5139465332031,356.4117340199255,351.66234393523393,353.40279769132025,25833900
2023-11-08,357.1394348144531,357.798237980275,354.5336303274662,355.64477925814185,26767800
2023-11-09,354.6712951660156,358.7028859089797,354.3467849553374,356.2544152579837,24847300
2023-11-10,363.5014953613281,363.92431294177396,355.04499371068613,355.45796855398606,28042100
2023-11-13,360.56134033203125,362.3214796716584,359.79435710159004,362.0756513284613,19986500
2023-11-14,364.0914306640625,365.7434199318085,361.22017242867213,364.81910296344984,27683900
2023-11-15,364.2392883300781,367.64844995922977,361.7168689541496,365.825621809598,26860100
2023-11-16,370.64373779296875,370.8210862145482,364.7417158302642,365.5102557263558,27182300
2023-11-17,364.4166259765625,368.87021288647435,361.6084886476014,368.12136824695096,40157000
2023-11-20,371.89508056640625,373.30406540619305,365.5496873613857,365.76645657283353,52465100
2023-11-21,367.5893249511719,370.69304303967186,365.66795990773056,370.15113498600977,28423100
2023-11-22,372.2991027832031,374.2106051165785,369.4614073576045,372.4468931555256,23345300
2023-11-24,371.88525390625,372.41732930761407,369.6289174288519,371.786716969812,10176600
2023-11-27,373.0478820800781,375.04808851693826,370.6733134944069,371.2447795697606,22179200
2023-11-28,377.0778503417969,377.3734310799554,372.60453806574077,372.79174922299154,20453100
2023-11-29,373.2843933105469,378.654310364066,371.89510374186113,378.122265050378,28963400
2023-11-30,373.343505859375,374.5061634778247,369.9540398668522,372.9296627723548,30554400
2023-12-01,369.00811767578125,372.60448984781664,365.855116553608,371.22506313283355,33040500
2023-12-04,363.717041015625,364.0914332416113,357.568691355028,363.6776202294819,32063300
2023-12-05,367.0473327636719,367.59910345060933,360.24870603092694,361.0665294174841,23065000
2023-12-06,363.38201904296875,368.6829873224875,362.6233417878435,368.05240507377636,21182100
2023-12-07,365.5004577636719,365.99311236097066,360.93847138160504,362.82041555159645,23118900
2023-12-08,368.7323303222656,368.95893222933154,362.82047419906866,363.77622547508906,20154400
2023-12-11,365.8452453613281,366.14085612363203,360.7216562431051,363.0666966388489,27708800
2023-12-12,368.88006591796875,368.91948670565927,365.0176405940666,365.4019256182351,24838300
2023-12-13,368.8702087402344,372.0921891414662,365.32308952611504,370.4959629431741,30955500
2023-12-14,360.5542297363281,368.26921849690297,358.78068500039916,367.8258172782938,43277500
2023-12-15,365.2837219238281,366.9291715904146,360.89908357942716,361.46071708829936,78502300
2023-12-18,367.17547607421875,367.52034031624777,363.2637972546779,364.02250460099197,21802900
2023-12-19,367.77655029296875,367.77655029296875,364.40677933572755,366.03253362865195,20603700
2023-12-20,365.17529296875,370.5058193793613,365.086618748556,369.49095210036234,26316700
2023-12-21,368.0523986816406,368.90961285521604,364.60381655946395,367.08678486250125,17708000
2023-12-22,369.07708740234375,369.66827890495347,367.2345641067885,368.19031518305366,17107500
2023-12-26,369.1559753417969,371.4024792784928,368.01301297831964,369.49097688586306,12673100
2023-12-27,368.5745849609375,369.55003135494337,367.33308586365905,368.20016268910763,14905400
2023-12-28,369.7668151855469,370.92947276145065,368.66327375287557,369.8554894003956,14327000
2023-12-29,370.51568603515625,371.6192275460888,367.9932968475244,370.4762652471226,18730800
2024-01-02,365.4216003417969,370.37770417291745,361.3818268052928,368.3676650837192,25258600
2024-01-03,365.15557861328125,367.7765045721429,363.09628608901477,363.58894066618615,23083500
2024-01-04,362.53466796875,367.61886702823733,361.7759907127874,365.22457289866344,20901500
2024-01-05,362.34747314453125,366.5941535649678,361.115836594074,363.5495516205476,21004600
2024-01-08,369.1855163574219,369.6880336849266,363.5889671694232,363.8746851951502,23134000
2024-01-09,370.26934814453125,370.4663919405634,365.73691986628984,366.54488061699703,20830000
2024-01-10,377.1468200683594,378.52627710766996,370.79159329119034,370.84084672720024,25514200
2024-01-11,378.9794616699219,384.9405699760392,374.79189779905875,380.3293303889791,27850800
2024-01-12,382.7630920410156,382.9699985676337,378.9992034255686,379.82685960129345,21661200
2024-01-16,384.5365905761719,388.24136259684576,381.925527346388,387.8768030229654,27202300
2024-01-17,383.7483825683594,384.37896483224864,379.1568380014038,382.28028145481545,22234100
2024-01-18,388.0837097167969,388.2019420036005,384.3888004079398,385.9653010602353,23392100
2024-01-19,392.8132019042969,392.8132019042969,387.7191405000406,389.9459487436234,29331100
2024-01-22,390.6849365234375,394.73454265352376,387.80782060564184,394.14335115597686,27016900
2024-01-23,393.03985595703125,393.5128152245442,388.14286775502507,389.93613781643626,20525900
2024-01-24,396.64605712890625,399.670963497878,394.56706921313554,395.641052600286,24867000
2024-01-25,398.9221496582031,401.03072587810215,396.6165296306349,398.38024160054783,21021200
2024-01-26,397.99591064453125,400.20302354825617,396.517946945891,398.4294490683389,17803300
2024-01-29,403.7008972167969,403.9570872376775,398.39006605624104,400.09466184188676,24510200
2024-01-30,402.58746337890625,406.9819337836752,400.47891742664234,406.2035612023494,33477600
2024-01-31,391.73919677734375,409.2186014629223,391.3746372046445,400.9814013717962,47871100
2024-02-01,397.8481750488281,402.00618136275216,395.89725187316617,395.92680994843744,30657700
2024-02-02,405.1788330078125,406.587817886619,397.6313612519742,397.87768854138443,28256700
2024-02-05,399.69061279296875,405.11967531695313,398.0549961507154,403.8781762834876,25352300
2024-02-06,399.5330505371094,401.9766283777374,396.9909658238313,399.9173355897547,18382600
2024-02-07,407.9672546386719,408.2135819340869,401.4149545944821,401.45437538113845,22340500
2024-02-08,408.0263671875,409.45507751601383,406.46959192466915,407.9672510426615,21225300
2024-02-09,414.3717346191406,414.63778732343934,408.991955292265,409.14960835834074,22032800
2024-02-12,409.15948486328125,414.5589597294503,408.6569675775543,414.381611300105,21202900
2024-02-13,400.3507995605469,404.0457086747665,397.4638511225893,398.9910681954345,27824900
2024-02-14,404.2203369140625,404.5658388517389,399.36366838251547,402.8186275095737,20401200
2024-02-15,401.3280944824219,403.86502912534854,399.08731730113595,402.8877787891035,21825500
2024-02-16,398.86029052734375,403.03586697919485,398.24827391084835,402.71009676405504,22296500
2024-02-20,397.6065979003906,399.284702922107,392.8881118101571,398.05078888046796,24307900
2024-02-21,397.0044250488281,397.1130251474651,392.10826265454955,395.0203117904289,18518900
2024-02-22,406.3525390625,407.5173466101455,403.31218832163916,404.911335992958,27009900
2024-02-23,405.0594177246094,410.5083711673126,403.70705278478863,410.3208439519873,16295900
2024-02-26,402.29547119140625,406.8560126685655,402.1177646745505,406.1650087554213,16193500
2024-02-27,402.2362365722656,403.06542317425317,398.6529454575257,402.7396530048111,14835800
2024-02-28,402.47314453125,404.03279861285756,400.10403561463596,402.9272164600946,13183100
2024-02-29,408.3169860839844,408.8697771758562,400.6963316033454,403.3813298173751,31947300
2024-03-01,410.15301513671875,410.5182488621106,405.5924737956083,405.9774393001269,17823400
2024-03-04,409.5805358886719,411.9792577390108,407.01398846090547,408.11957070674777,17596000
2024-03-05,397.4683837890625,408.9191120836045,395.4842705013913,408.632835591906,26919200
2024-03-06,396.9156188964844,399.94611920290095,393.26325117893276,397.784299256291,22344100
2024-03-07,403.87493896484375,404.5066873701211,397.06370848307336,400.8937829786607,18718500
2024-03-08,400.992431640625,405.1383946723733,399.12673923888235,402.7100302645635,18002200
2024-03-11,399.3143310546875,400.45940694447387,396.09630359488256,398.5641317733387,16120800
2024-03-12,409.93585205078125,410.22212853968995,401.55511762855593,402.3744232866482,22457000
2024-03-13,409.7582092285156,412.79856038183436,406.15518600344376,412.7196031326607,17115900
2024-03-14,419.74798583984375,422.3145333258251,412.6110154706253,414.83206096573,34157300
2024-03-15,411.06121826171875,417.16168230340674,407.4779269181007,413.8942801973478,45079900
2024-03-18,411.9496154785156,415.3157366151304,408.45516246098214,408.9191153478435,20106000
2024-03-19,415.9869689941406,416.24363275003464,410.20236440839864,412.45302237396163,19837900
2024-03-20,419.7578430175781,420.4784295685996,415.24664585974097,416.5693981535872,17860100
2024-03-21,423.8445739746094,425.27592645181124,421.66302217216105,424.29864595105556,21296200
2024-03-22,423.2226867675781,424.32826906328035,420.58706292422704,424.1703545566299,17648500
2024-03-25,417.4183349609375,421.90980053588714,416.18442081257615,419.76771231939466,18060500
2024-03-26,416.223876953125,420.5080228747841,415.9277496341745,420.1329081875438,16725600
2024-03-27,416.0067138671875,418.9878695106981,413.61787312123863,418.9779885582823,16705000
2024-03-28,415.30584716796875,416.4410420434957,413.7264311944793,415.54274902029323,21871200
2024-04-01,419.1063232421875,422.38360623153415,416.78655877307597,418.49430668541237,16316000
2024-04-02,416.0166015625,416.94450735898084,412.4629229935154,414.7037001138204,17912000
2024-04-03,415.03936767578125,417.8132042224073,413.6968534411064,414.32863193386083,16502300
2024-04-04,412.5024108886719,423.1535654935394,412.1964026116657,419.52089960464946,19370900
2024-04-05,420.0440673828125,421.0213477789878,412.9367406484567,414.6049948261761,16554800
2024-04-08,419.1260681152344,421.7814536782747,417.85266032435015,419.698621129678,14272400
2024-04-09,420.7943115234375,422.23551472539157,416.1942762454294,420.9522561397257,12496900
2024-04-10,417.8132019042969,418.5732821571219,414.29901690120346,416.75696418781513,16216600
2024-04-11,422.4230651855469,423.8445365841043,416.92473693729744,420.3402327247268,17966400
2024-04-12,416.4706726074219,419.70846193552615,414.36807820345115,418.59299879164644,19253800
2024-04-15,408.3169860839844,421.32736877280126,408.10966683089106,421.1101986920762,20273500
2024-04-16,409.2449035644531,413.0157525674185,408.40586601327965,409.23505273581486,16765600
2024-04-17,406.54010009765625,413.4895120148824,405.04952238125117,411.8804833772787,15855500
2024-04-18,399.0675354003906,406.5895007512514,398.7516762985985,405.34570574936373,21029900
2024-04-19,393.98382568359375,400.2619961941858,392.6511924508159,398.8306438099327,30565800
2024-04-22,395.8001403808594,397.6658329165628,390.65719496673063,394.93146005470254,20286900
2024-04-23,402.3251037597656,402.94700128728675,397.8731320388209,399.0379397213986,15734500
2024-04-24,403.7958984375,407.16201954597966,401.54524043863097,404.28946405238224,15065300
2024-04-25,393.9048767089844,394.74394432686086,383.0365516126927,388.9593393273181,40586500
2024-04-26,401.0911560058594,407.68518518518516,400.5383649444101,406.86587954495434,29694700
2024-04-29,397.0735168457031,401.0911479751383,394.05289784724425,400.0349103833964,19582100
2024-04-30,384.3197937011719,396.9847044226994,384.16187921211525,396.32331323474864,28781400
2024-05-01,389.8575744628906,396.5503223805954,385.28715246915397,387.5575420390079,23562500
2024-05-02,392.7203063964844,394.7834071649824,389.5713551906569,392.5426299953367,17709400
2024-05-03,401.4267883300781,401.9104729912864,396.68854036623503,397.1031487364524,17446700
2024-05-06,408.21826171875,408.603227237703,401.1405174679132,403.49977559314374,16996600
2024-05-07,404.0722961425781,409.33372249534176,403.8255133338143,409.32384154303776,20018200
2024-05-08,405.2568664550781,406.92512065552296,401.4761369476161,402.917370243468,11792300
2024-05-09,407.01397705078125,407.40882353824776,403.83541312066325,405.28649730886616,14689700
2024-05-10,409.40283203125,410.0346105329173,406.50066355453686,407.62600771381045,13402300
2024-05-13,408.3959655761719,412.96638834799694,405.53329081056893,412.6307673185676,15440200
2024-05-14,411.19940185546875,412.117426712038,406.25386452353786,406.71781742817865,15109300
2024-05-15,418.3887939453125,419.1107104287916,412.64321876209584,413.26623802905556,22239500
2024-05-16,416.3219299316406,420.70283173045664,415.6890421322498,417.12294600008903,17530100
2024-05-17,415.5506286621094,418.23060143126196,413.39480813113437,417.85481010987854,15352200
2024-05-20,420.62371826171875,422.0378548149535,415.33303438679826,415.55059617800293,16272100
2024-05-21,424.28271484375,428.1691308622737,420.1391721073256,422.09719809997813,21453300
2024-05-22,425.7463073730469,427.61536520540614,422.393911984686,425.32108253196407,18073700
2024-05-23,422.2653503417969,428.79217443912484,420.7028829331948,428.16915515912984,17211700
2024-05-24,425.39031982421875,426.2803344425143,419.70407675613797,422.4532504584075,11855300
2024-05-28,425.5484924316406,426.0429482844811,421.8697396793398,424.86614094038555,15718000
2024-05-29,424.4112854003906,426.1616484009117,420.96986151310944,420.96986151310944,15517100
2024-05-30,410.0720520019531,419.5952468817441,409.64679700979286,419.5952468817441,28394500
2024-05-31,410.5269470214844,412.1289792567511,400.024708875454,412.1289792567511,47995300
2024-06-03,408.93475341796875,411.81249007309026,404.38578376247324,410.9224755830668,17484700
2024-06-04,411.45654296875,411.8224355088356,405.13738203313136,407.856889503619,14348900
2024-06-05,419.3085021972656,419.3777030871155,411.6839704862112,413.17723696234333,16988000
2024-06-06,419.8128356933594,420.5940844826949,415.91652070143505,419.3085111861324,14861300
2024-06-07,419.1502685546875,421.55331696325794,418.30968749669245,421.47421729884104,13621700
2024-06-10,423.1257019042969,423.33336493941925,419.18985211669025,419.99086828849937,13982900
2024-06-11,427.88232421875,428.02078634829667,420.5347172370151,420.76217780161693,14551100
2024-06-12,436.1694641113281,438.4835142504696,428.4460648715454,430.4931196720458,22366200
2024-06-13,436.68365478515625,438.47361288924054,434.498168180252,435.96176849341106,15960600
2024-06-14,437.6626892089844,438.2263761607837,431.877549319742,433.42024926631433,13582000
2024-06-17,443.3983459472656,445.9398563271766,435.83317727597375,437.68243737571277,20790000
2024-06-18,441.3908996582031,445.1487826948382,439.95699562171353,444.7235276745664,17112500
2024-06-20,440.75799560546875,441.57877910996035,436.37709345219747,441.35131853440595,19877400
2024-06-21,444.7927551269531,445.58387250760194,441.5590243550793,442.4193728058131,34187100
2024-06-24,442.7061767578125,447.72983562691786,441.4601381818841,444.8125336268041,15913700
2024-06-25,445.94976806640625,446.4145577985047,441.79632662300793,443.27969425576566,16413400
2024-06-26,447.1463623046875,448.57039770845984,443.22038125858614,444.02139740080895,16507000
2024-06-27,447.8287353515625,451.1119299222234,446.76069365788027,447.16615113611203,14806300
2024-06-28,441.994140625,450.3306598473802,441.4601198033777,448.0462760060759,28362300
2024-07-01,451.6656799316406,452.2985677661532,440.7184194830795,443.6851547691378,17662800
2024-07-02,454.1874084472656,454.4939686896818,448.08580938726794,448.17483800659534,13979800
2024-07-03,455.6608581542969,455.9080860928665,452.80291887761234,453.10947910710325,9932800
2024-07-05,462.3756103515625,463.15685914326525,453.8808613987244,454.5137492733641,16000300
2024-07-08,461.0702209472656,462.5140538822785,459.30995917726233,461.37678118625774,12962300
2024-07-09,454.4445495605469,462.14815096607435,452.92161689635424,461.8218233419158,17207200
2024-07-10,461.0801086425781,461.28777166224876,453.7720362415662,456.10588369109234,18196100
2024-07-11,449.658203125,459.6264206924659,446.54310684217364,457.84639154158754,23111200
2024-07-12,448.5209655761719,451.2998055103986,445.6531271953451,449.29231562590036,16324300
2024-07-15,448.9264221191406,452.18984938358506,446.4244763059975,448.27373666625175,14429400
2024-07-16,444.53564453125,449.26264197328965,441.7073711225493,449.1835423040314,17175700
2024-07-17,438.6021423339844,439.9174119033302,434.3102688250729,437.6824616204732,21778000
2024-07-18,435.4870910644531,439.71963242472316,429.5832863227986,439.41307217646386,20794800
2024-07-19,432.2632141113281,436.2485575608238,427.20988939637874,428.2976983913284,20940400
2024-07-22,438.0285949707031,439.670192179698,434.04328162510484,436.8913524368939,15808800
2024-07-23,439.9174499511719,443.4182064095746,438.1868541843924,438.9779716060993,13107100
2024-07-24,424.14422607421875,436.5847522773038,422.8487541493976,435.5661744239133,26805800
2024-07-25,413.76068115234375,425.0342693658965,412.88056536465024,424.0453575896341,29943800
2024-07-26,420.5545349121094,424.1640873365212,412.643240049521,413.562951013485,23583800
2024-07-29,421.99835205078125,427.35823721785147,419.9908622622184,426.7945502371275,15125800
2024-07-30,418.2305603027344,424.2925638306224,412.7321833431071,422.97732451431415,32687600
2024-07-31,413.7112731933594,417.1032335524809,407.63934002598563,415.83742760783406,42891400
2024-08-01,412.4849853515625,422.72022849108816,408.5095707902921,416.1242037023935,30296400
2024-08-02,403.9605407714844,410.39836575672,399.85656314975535,407.91618767034436,29437900
2024-08-05,390.7684631347656,396.5931676964823,381.3045706583986,384.85479031825656,40709200
2024-08-06,395.1789855957031,401.1718181965107,394.0813081068119,395.56467564046363,24946500
2024-08-07,394.0121154785156,405.532931744476,393.06276861454995,404.1089265381238,20650900
2024-08-08,398.2248840332031,401.3597174512935,395.50537665916386,397.97765609010867,20203000
2024-08-09,401.5179138183594,403.52540334343706,397.79962638294626,399.5499892110853,19276700
2024-08-12,402.2991943359375,404.22758435718055,399.75768384658,402.54642227818954,16762900
2024-08-13,409.4193420410156,410.34892145213996,405.0285716844,405.04833905386585,19414300
2024-08-14,412.23773193359375,413.08821172004394,407.87665773392825,410.2005761710246,18267000
2024-08-15,417.11199951171875,417.19124174906176,413.7733647214418,415.8934346982465,20752100
2024-08-16,414.5757751464844,417.4190624715108,413.41664970781534,416.6859584876603,22775600
2024-08-19,417.6073303222656,417.8252842584304,412.5845034071879,415.0612389392474,15234000
2024-08-20,420.8468933105469,421.8970267669262,417.7163261753405,417.7757654099591,16387600
2024-08-21,420.1930236816406,422.43197186124524,417.79553057929155,420.13355421881863,16067300
2024-08-22,411.6829833984375,422.8184073246916,410.75172838496667,420.410997320223,19361900
2024-08-23,412.91143798828125,415.3584538355035,408.255163223579,413.0996723021897,18493800
2024-08-26,409.64215087890625,413.3968905070922,407.5121643134923,412.4953551222988,13152800
2024-08-27,409.9888916015625,410.5040417108967,406.43230298651787,409.01800038370646,13492900
2024-08-28,406.779052734375,411.13810125518216,403.5196602855256,411.0192227861693,14882700
2024-08-29,409.2756042480469,418.12249665584295,406.77906561893394,411.078675041423,17045200
2024-08-30,413.2581787109375,413.60489748199507,408.29479126700903,411.7325012306554,24308300
2024-09-03,405.62982177734375,415.97267128987687,403.2422452090673,414.0210025733613,20313600
2024-09-04,405.0948486328125,407.4130694116055,400.60700515715166,402.1326826766194,15135800
2024-09-05,404.589599609375,409.25576060406553,402.35062114910426,403.8267457621573,14195500
2024-09-06,397.9618835449219,406.8285787467922,397.070234552708,405.2533785520499,19609500
2024-09-09,401.9444274902344,404.8471540629301,398.4076421561328,403.45027169819457,15295100
2024-09-10,410.3455505371094,412.45570379102855,403.90603822449737,404.4013853254675,19594300
2024-09-11,419.103271484375,420.044412808737,405.7685061452882,411.6334289532487,19266900
2024-09-12,423.02642822265625,423.39298024346107,415.84389519077274,419.37076416429335,17395700
2024-09-13,426.5830383300781,427.8114895392981,421.5007719324142,421.86732397170795,15874600
2024-09-16,427.3260803222656,429.4957032812486,424.2351189104518,426.5929762071431,13834700
2024-09-17,431.10052490234375,437.738187363142,428.2473211010882,436.13326778333175,18874200
2024-09-18,426.80096435546875,431.9723892702998,426.40469272360485,430.95197545729616,18898000
2024-09-19,434.6076354980469,437.3914837460106,432.8342844371603,437.1240071994986,21706600
2024-09-20,431.2194519042969,435.1525090726311,430.17923509170157,433.15131768035957,55167100
2024-09-23,429.4758605957031,432.3983904018878,426.38489946949306,430.23868426031646,15128900
2024-09-24,425.1762390136719,429.31733347364775,422.1348005929618,428.9705844602765,17015800
2024-09-25,428.0888671875,429.08947802981356,424.58183139807875,425.8300855631319,13396400
2024-09-26,427.29632568359375,431.24918598433425,425.13661951946307,431.04114866155544,14492000
2024-09-27,424.0368957519531,427.8312712464172,423.4920260673168,427.5043252487667,14896100
2024-09-30,426.2956848144531,426.4145935098266,421.41156986331913,424.225137648764,16807300
2024-10-01,416.775146484375,424.49266278755016,414.91263654622963,424.4629431708175,19092900
2024-10-02,413.2482604980469,418.8853126966806,412.8321556473641,418.6475255390392,16582300
2024-10-03,412.6637878417969,415.64575695003026,410.43472579830313,413.74364093705873,13686400
2024-10-04,412.188232421875,415.8438964916741,411.1083793562167,414.34793855319174,19169700
2024-10-07,405.7289123535156,413.22844449254166,405.1939290185023,412.12878843935687,20919800
2024-10-08,410.8507995605469,411.79197118142247,404.37168100298584,407.0762569270798,19229300
2024-10-09,413.5751953125,416.46803570058375,410.4445979894132,411.99007853410836,14974300
2024-10-10,411.97027587890625,413.46623380792397,409.3053060403614,411.3659669240718,13848400
2024-10-11,412.4458312988281,413.24829121073924,409.4043927403761,412.26751359253427,14144900
2024-10-14,415.23956298828125,420.0939583051494,413.63461305961806,413.8822865985765,16653100
2024-10-15,414.8432922363281,418.5485092157335,411.3956956650851,418.25128280655105,18900200
2024-10-16,412.2476806640625,412.48543760596397,406.66018089425665,411.3065392799767,15508900
2024-10-17,412.84210205078125,418.5683135090887,411.722612729939,418.429601804324,14820000
2024-10-18,414.2687072753906,415.7448320191293,412.38639426497724,413.2582100340754,17145300
2024-10-21,414.8829345703125,415.06125227829034,409.89974372900497,412.2476842514802,14206100
2024-10-22,423.5317077636719,426.57311612841215,414.1498320229674,414.595626294547,25482200
2024-10-23,420.6487731933594,427.06845240983137,418.59802889539156,426.8504984713963,19654400
2024-10-24,420.7775573730469,422.01592511987707,418.4692229621463,421.3719497046553,13581600
2024-10-25,424.1657409667969,428.49507004148387,422.6004573402726,422.7886916681798,16899100
2024-10-28,422.6202087402344,427.9204284257387,422.332898974784,427.64303527641664,14882400
2024-10-29,427.93035888671875,429.1390069836367,421.8375655534697,424.01710482121905,17644100
2024-10-30,428.50494384765625,434.41938919264413,428.07895261488494,433.3692558016521,29749100
2024-10-31,402.5686340332031,412.2873426777555,402.51908117814946,411.49476909921253,53971000
2024-11-01,406.5511779785156,411.63344411141696,403.7078904341815,405.20384836550784,24230400
2024-11-04,404.658935546875,406.6007179042562,401.79584509345045,405.9864621175824,19672300
2024-11-05,407.63104248046875,411.0390330760231,404.28249112047496,404.5698009147436,17626000
2024-11-06,416.2699279785156,416.53743479175165,406.6998173145334,408.58216069067197,26681800
2024-11-07,421.47100830078125,422.87780730764854,415.97266781837374,417.3596335925896,19901800
2024-11-08,418.6079406738281,422.5310812867246,417.8550033981939,421.3620693729889,16891400
2024-11-11,414.1201171875,420.8568260602772,412.1288120506796,418.58812774007396,24503300
2024-11-12,419.0933837890625,420.4902662976637,413.317649663667,414.3578665238478,19401200
2024-11-13,421.2431945800781,425.3347363138495,414.31822142109314,417.7163255743709,21502200
2024-11-14,422.9174499511719,424.1855372830497,416.0915525882571,421.04502345240303,30246900
2024-11-15,411.1380920410156,418.86549468955633,409.79076244428035,415.91324532993855,28247600
2024-11-18,411.8910217285156,414.5064386408341,408.26507740364855,411.00928939667125,24727000
2024-11-19,413.90216064453125,414.0507587358417,407.7202079437107,409.2656885605185,18133500
2024-11-20,411.6235656738281,413.406833556762,406.75925302521546,412.9907286473336,19191700
2024-11-21,409.8466491699219,416.70605256605285,407.28555520801666,416.4281041493026,20780200
2024-11-22,413.9463806152344,414.3434454251094,408.04987579157546,408.35760329128635,24814600
2024-11-25,415.7232971191406,417.99650611752486,411.812146489521,415.3162958278843,27691100
2024-11-26,424.8559265136719,425.89825580258685,415.78287220202776,416.5174436728799,23458900
2024-11-27,419.89251708984375,424.10148899734514,418.929618998767,421.9969878965425,18332400
2024-11-29,420.3591003417969,421.76871536801127,414.7405434642979,417.0137828520631,16271900
2024-12-02,427.82403564453125,429.82923270647603,418.22483367708463,418.48293944626425,20207200
2024-12-03,428.04241943359375,429.30310856781665,424.6077345204632,426.69236269283573,18302000
2024-12-04,434.21685791015625,436.45038152660425,429.46192581768037,429.8589906240061,26009400
2024-12-05,439.3787841796875,441.4038541812057,432.9760343176013,434.71321944433936,21697800
2024-12-06,440.32183837890625,442.8333105145372,438.5350012201072,439.0611189309198,18821000
2024-12-09,442.7538757324219,445.0469576507044,437.2743084708553,439.35893665859504,19144400
2024-12-10,440.0835876464844,446.32753597079886,438.3662754088612,441.1358533918597,18469500
2024-12-11,445.7021484375,447.05220524938716,440.79832040277716,440.79832040277716,19200200
2024-12-12,446.2679748535156,452.8196506561494,445.8212579806136,445.8212579806136,20834800
2024-12-13,443.9947204589844,448.124261247401,442.3170935669994,445.15616611270633,20177800
2024-12-16,448.2831115722656,448.86878750909034,442.01932060586137,443.99473862109255,23598800
2024-12-17,451.132080078125,451.9560191338881,446.2779042343056,447.70736185197006,22733500
2024-12-18,434.18707275390625,449.33530544806223,433.8197567617204,448.015058169262,24444500
2024-12-19,433.8297424316406,439.9347015317489,433.12495005824394,438.38612742715867,22963700
2024-12-20,433.4029235839844,440.4906238895222,425.49128413888167,429.93845914028344,64263700
2024-12-23,432.062744140625,434.44516332232695,429.6604520270257,433.54182345000305,19152500
2024-12-24,436.11285400390625,436.38089623186573,431.010509030067,431.4671320524487,7164500
2024-12-26,434.90179443359375,437.7110878799943,433.43265156283826,435.8646925313124,8194200
2024-12-27,427.3773193359375,432.0329778888151,423.2279358558446,431.4175228637617,18117700
2024-12-30,421.7190246582031,424.4191077458383,418.810487849265,422.9400284711836,13158700
2024-12-31,418.4134826660156,423.6051958597786,417.57963736788156,422.97980431265125,13246500
2025-01-02,415.51483154296875,422.9500047735069,411.81216477472935,422.4139505741353,16896500
2025-01-03,420.24993896484375,420.92495225496697,416.4678408938124,417.996542116602,16662900
2025-01-06,424.71697998046875,431.13960318889787,422.3643396757335,424.865875513533,20573600
2025-01-07,419.2770690917969,427.49643519355806,417.7185585987197,425.85852385294453,18139100
2025-01-08,421.4510498046875,423.84340560662326,418.4531754229048,420.35909877353964,15054600
2025-01-10,415.8821105957031,421.59991046888086,411.98086631184646,421.52050962504774,20201100
2025-01-13,414.1350402832031,415.4354451072025,409.27092762989713,412.19930745359136,17604800
2025-01-14,412.62615966796875,416.6663329915462,407.7123952362894,414.7504731982745,16935900
2025-01-15,423.188232421875,425.01475491103537,415.20709891745935,416.06081709812753,19637800
2025-01-16,421.47088623046875,426.34493507947604,421.28230542678756,425.56074187721237,15300000
2025-01-17,425.8883056640625,431.29840862027794,425.0346177976779,430.91124996405387,26197500
2025-01-21,425.3621826171875,427.74460185190514,422.4834247796493,427.04974598441896,26085700
2025-01-22,442.9325866699219,443.9947282693763,432.8072669314077,434.3558409675422,27803800
2025-01-23,443.4388427734375,443.4785583455101,438.2670028193458,438.76334144088526,18389300
2025-01-24,440.8082275390625,443.37925780820444,438.1677025965132,441.9001784993804,15549500
2025-01-27,431.3778076171875,432.01313557520695,420.39880005578783,420.90507512895306,35647800
2025-01-28,443.9252624511719,445.0966142937209,428.2211016468738,431.4175234893937,23491700
2025-01-29,439.0909118652344,443.60761150041753,437.17505205552743,443.41900040059096,23581400
2025-01-30,411.95111083984375,419.7634757332681,410.1345248522129,415.7034295288443,54586300
2025-01-31,412.0206298828125,417.60940782263856,411.87173434946413,415.9119381542539,34161900
2025-02-03,407.9109802246094,412.368091725276,405.6675197732108,408.5859935358612,25679100
2025-02-04,409.3503112792969,410.8889791877868,406.739565274027,409.6679752687522,20532100
2025-02-05,410.26361083984375,410.7996347714461,407.3947588943965,409.33049175194867,16316700
2025-02-06,412.7750549316406,415.13763159687187,410.96837509421607,410.96837509421607,16309800
2025-02-07,406.7494812011719,415.58430218979566,405.1115698860282,413.4302096384315,22886800
2025-02-10,409.201416015625,412.41768060214906,407.91094771202364,410.6804954197058,20817900
2025-02-11,408.4271240234375,409.4694230026259,406.30278019920314,406.64031711794166,18140600
2025-02-12,406.044677734375,407.7421472112012,401.40886202523427,404.22806155020925,19121700
2025-02-13,407.5337219238281,407.99034497113007,403.38430804391083,404.01963601763975,23891700
2025-02-14,405.43914794921875,405.91564391864586,402.9078331667541,404.80385028408716,22758500
2025-02-18,406.6402893066406,407.59325090478893,403.52326846051176,405.01228421128855,21423100
2025-02-19,411.73272705078125,412.44745587382107,404.66486996411237,404.89319663470326,24114200
2025-02-20,413.91107177734375,417.07410775463984,410.3402184035009,413.0755545581438,23508700
2025-02-21,406.03326416015625,415.8207899827264,405.71499358869687,415.11458446579724,27524800
2025-02-24,401.845703125,407.1870631835248,397.1906661264377,406.3316636333371,26443700
2025-02-25,395.77825927734375,399.77684273234365,394.58467628789543,398.9612079589026,29387400
2025-02-26,397.5985107421875,401.4478696916858,392.1477210913464,395.8876811696496,19619000
2025-02-27,390.4368896484375,403.5764407452776,390.0788238664077,399.13027515598884,21127400
2025-02-28,394.87310791015625,395.50970978817173,384.50868780557136,390.5662102627109,32845700
2025-03-03,386.41845703125,396.69339168929787,384.10089457458224,396.69339168929787,23007700
2025-03-04,386.53778076171875,390.48661254503907,378.9683745181786,381.3555708063787,29342900
2025-03-05,398.8816223144531,399.52818059067016,386.73673843465946,387.2639110911412,23433100
2025-03-06,394.7736511230469,400.00558222724027,390.5860785359009,392.1775528184261,23304600
2025-03-07,391.2127380371094,392.6947831487431,383.4841811851977,390.2280267594304,22034100
2025-03-10,378.13287353515625,384.3395902213564,375.20854809150063,383.7825787420743,32840100
2025-03-11,378.42132568359375,383.9417190881288,374.900193646485,376.9790454259089,30380200
2025-03-12,381.22625732421875,383.1658713736677,376.92931616803475,380.9079867475423,24253600
2025-03-13,376.7502746582031,383.2653663209318,375.4373363609022,381.11688044146297,20473000
2025-03-14,386.4880676269531,388.1491759928466,377.48633735073093,377.7548866940246,19952800
2025-03-17,386.6273193359375,390.61591588488574,383.5140048019888,384.6379840789578,22474300
2025-03-18,381.4749450683594,385.3044217812384,379.06786623501773,385.0060336134189,19486900
2025-03-19,385.75201416015625,387.6020814133235,381.9523764633006,383.47421674907764,19185500
2025-03-20,384.7772521972656,389.70086948967395,381.2362375881449,383.68311164841384,18470500
2025-03-21,389.1736755371094,389.65109658333733,380.7587653391681,381.1765391094654,39675900
2025-03-24,390.9839782714844,393.2916146921325,387.7314257194749,393.2916146921325,21004500
2025-03-25,393.0528564453125,394.2464393645113,390.5463049956332,391.8194783223531,15775000
2025-03-26,387.8905334472656,393.2020549018058,386.4980048485776,392.89371036762657,16108400
2025-03-27,388.497314453125,390.1484665522675,385.3342783094565,388.0497321808232,13766800
2025-03-28,376.7801208496094,387.0550554138024,374.9200970667492,386.01063609307533,21632000
2025-03-31,373.3883056640625,375.0593400396717,365.28173999012597,370.5534967757106,35184700
2025-04-01,380.15203857421875,380.80852287787553,371.2398247656492,372.65223585591366,19689500
2025-04-02,380.1023254394531,383.0266205201498,374.6117403662579,375.95454781806535,16092600
2025-04-03,371.1204528808594,375.4671762502354,367.3805229509676,372.7915176951189,30198000
2025-04-04,357.92120361328125,372.5925514540549,357.5631378295283,362.1883363320907,49209900
2025-04-07,355.9517822265625,369.021730877009,342.9514979578054,349.00902084094025,50425000
2025-04-08,352.6694030761719,371.65760721529676,348.38238740402795,366.2963637047226,35868900
2025-04-09,388.4077453613281,391.1331552543464,351.21713920354574,351.6547953803853,50199700
2025-04-10,379.3165283203125,381.85291877896515,365.838762955237,380.02273387837465,38024400
2025-04-11,386.378662109375,387.97010607095405,376.86964177115533,378.61031016462425,23839200
2025-04-14,385.7420654296875,392.54558862795363,382.1612557582716,391.1232211496066,19251200
2025-04-15,383.67315673828125,389.80031299588615,382.11152127039287,386.4383315419063,17199900
2025-04-16,369.6284484863281,379.5751254610235,366.0377126687907,378.6401657518634,21967800
2025-04-17,365.81884765625,372.32398224080106,364.9336092793292,371.757014425277,21120200
2025-04-21,357.2050476074219,362.5364820854384,353.7734623702264,360.88533011613976,20807300
2025-04-22,364.864013671875,365.80892977570767,357.94110461161955,361.44235434917846,19485000
2025-04-23,372.3936462402344,378.3616523034824,371.0309260243866,374.05472426245655,20545500
2025-04-24,385.2347412109375,386.37863321068227,373.18933139938025,373.696621578229,22232300
2025-04-25,389.7605285644531,390.068873110604,382.54918803088736,384.93638434344297,18973200
2025-04-28,389.0741882324219,390.6457497092271,384.5783015368256,389.86991018310994,16579400
2025-04-29,391.9388427734375,392.99318803647833,388.2983555925269,389.2134328165618,14974000
2025-04-30,393.15234375,394.54487238441686,382.39003252749313,388.21877036685504,36461100
2025-05-01,423.1316223144531,434.65981700987567,422.6342884776108,428.81116623183453,58938100
2025-05-02,432.95892333984375,437.0967443095362,427.69712309519423,429.43779144193553,30757400
2025-05-05,433.8442077636719,437.15643772408293,429.80582912695047,430.5617862640975,20136100
2025-05-06,430.99945068359375,435.39589519237757,428.8708776295015,429.8953841273505,15104200
2025-05-07,431.03924560546875,435.7837995157977,428.8111693588705,431.5266230555768,23295300
2025-05-08,435.8335266113281,441.3041985489404,433.3369011589759,435.5947857400273,23491300
2025-05-09,436.39056396484375,438.38982536855053,433.55575499424157,437.6537809958818,15324200
2025-05-12,446.8644104003906,446.9738092745622,437.43494989219903,443.5621064267163,22821900
2025-05-13,446.74505615234375,448.2668964878236,442.9851831830833,445.392292323668,23618800
2025-05-14,450.5247497558594,451.47962216221697,445.75035736922496,445.75035736922496,19902800
2025-05-15,451.5412292480469,454.5904977674882,448.85068389062144,449.1894881249397,21992300
2025-05-16,452.67718505859375,452.7668658429008,447.15663182075053,450.4649678139624,23849800
2025-05-19,457.26104736328125,457.9785240250479,449.2193361148497,449.29907263869796,21336500
2025-05-20,456.56353759765625,456.73292449884485,452.72703072274504,453.9925667897047,15441800
2025-05-21,450.9831848144531,456.1749087494066,450.2258398312579,452.97617231921885,19216900
2025-05-22,453.26513671875,458.63625267798704,452.30851122486644,453.3548479183862,18025600
2025-05-23,448.6015319824219,452.09923464302557,447.33599591595265,448.402251486361,16883500
2025-05-27,459.07470703125,459.33380513701957,454.5207233060155,454.87947686866386,20974300
2025-05-28,455.75634765625,460.8982588383752,455.3278626603832,459.60282918231184,17086300
2025-05-29,457.0717468261719,460.10109634693043,453.71356774793736,459.93167902845283,13974800
2025-05-30,458.7458190917969,460.06119805700706,453.942742633105,458.1080789456966,34770500
2025-06-02,460.3502197265625,460.48971303831235,455.2880448481698,455.53716828611505,16626500
2025-06-03,461.3466796875,462.51259067234093,459.2440622117471,459.85193916930956,15743800
2025-06-04,462.2435302734375,464.05715611586317,461.3965045417047,462.3730793208357,14162700
2025-06-05,466.0401611328125,468.00325491639626,462.4029652503908,463.3296970825432,20131700
2025-06-06,468.7307434082031,471.6803564462113,467.13634729745564,468.4417517005521,15285600
2025-06-09,471.0924072265625,471.77001565920176,466.9768832876908,468.05311353771793,16469900
2025-06-10,469.26885986328125,471.14224260725143,465.3227226358238,469.53790223355384,15375900
2025-06-11,470.9628601074219,473.80287330978865,468.01324719222674,468.37197033665615,16399200
2025-06-12,477.1909484863281,478.73553201697933,471.8597009390277,473.3544415367432,18950600
2025-06-13,473.2946472167969,477.4998519181197,471.1023792861798,474.7395752703882,16814500
2025-06-16,477.46002197265625,479.00457509504827,473.3345233196989,473.5437784887318,15626100
2025-06-17,476.3638610839844,477.06138843382047,472.4177241014044,473.7331030955977,15414100
2025-06-18,478.5561218261719,479.313466764918,472.7963894918646,476.3239856832242,17526500
2025-06-20,475.7261047363281,481.76485435953526,475.1979642712812,480.53918652379775,37576200
2025-06-23,484.29595947265625,486.0398235242553,470.853268600571,476.53326469371973,24864000
2025-06-24,488.3915100097656,490.1254297173699,485.0931183138473,487.23560408546166,22305600
2025-06-25,490.5439758300781,492.8259550719198,487.67409932543603,490.3148017263918,17495100
2025-06-26,495.705810546875,496.29373818928514,491.08206511354325,491.2514824256969,21578900
2025-06-27,494.20111083984375,497.54931522943417,491.30131038962224,495.80545117387857,34539200
2025-06-30,495.66595458984375,499.0042146991214,493.5932305818623,495.2972567719388,28369000
2025-07-01,490.32470703125,496.30366915943387,489.2584818970934,494.729222512998,19945400
2025-07-02,489.36810302734375,491.76965656989233,486.98649882219644,488.2719538404123,16319600
2025-07-03,497.0909423828125,498.3764278450543,491.7098821739863,492.07857999859937,13984800
2025-07-07,495.974853515625,497.0012408266234,493.4935938943106,495.6360493014733,13981600
2025-07-08,494.8786926269531,496.4531696907806,492.3774837277821,495.4965138505155,11846600
2025-07-09,501.74456787109375,505.003091421344,497.98776704512187,498.54580110123976,18659500
2025-07-10,499.7216796875,502.67129257213526,496.0047471787155,501.2861517097084,16492100
2025-07-11,501.5552062988281,503.25920197660867,496.05454172265075,496.72220586888017,16459500
2025-07-14,501.2562561035156,502.2029372942231,499.273243347857,499.7615155353931,12058800
2025-07-15,504.04644775390625,506.51773265302506,501.027073076573,501.2562471634966,14927200
2025-07-16,503.84716796875,504.9433171823036,500.1302657221866,503.40870828332856,15154400
2025-07-17,509.9058532714844,511.5699807689203,503.84715436950415,503.9069415603956,17503100
2025-07-18,508.2615966796875,512.8355294984256,505.6507880659733,512.6760564474737,21209700
2025-07-21,508.2716064453125,510.29451797884275,503.777409841716,504.93334625634344,14066800
2025-07-22,503.4983825683594,509.40761357627605,503.4983825683594,509.1784090675831,13868600
2025-07-23,504.09625244140625,505.01304000657746,498.94439715180334,504.97317174446385,16396600
2025-07-24,509.0887451171875,511.86894085644093,505.5212803694045,506.98612743645725,16107000
2025-07-25,511.9088439941406,516.4727417364818,508.57055332296227,510.67314061143924,19125700
2025-07-28,510.7030334472656,513.1942677567645,508.3313735189307,512.2775105607909,14308000
2025-07-29,510.7727966308594,515.8050777848653,509.7663282358281,513.7224399565682,16469200
2025-07-30,511.4404296875,514.1409495778635,507.6537656967309,513.3636552782116,26380400
2025-07-31,531.62939453125,553.5024436401114,530.0350289229713,553.2831833968122,51617300
2025-08-01,522.2722778320312,533.9212911566675,519.0336734352546,533.1241083924594,28977600
2025-08-04,533.7619018554688,536.3627358241171,526.2782244119826,526.4177481275262,25349000
2025-08-05,525.8995361328125,535.41603854948,525.3913146279989,535.2964641743647,19171600
2025-08-06,523.0994262695312,529.8357336828143,522.1926437275052,529.0385508551038,21355700
2025-08-07,519.0137939453125,526.2383731099006,515.735290819572,524.9528573399085,16079100
2025-08-08,520.2095947265625,522.8204035830947,517.5888112007746,520.7676288144971,15531000
2025-08-11,519.9405517578125,525.7401525514866,517.8976909591346,520.4686618064882,20194400
2025-08-12,527.3843383789062,529.1182277589118,520.8672912006765,521.9135974657331,18667000
2025-08-13,518.7546997070312,530.8321983067945,517.5489204522431,530.244240271181,19619200
2025-08-14,520.6480102539062,524.1058750288076,518.3162490497452,520.7277467800332,20269100
2025-08-15,518.3461303710938,524.255330935539,517.2599862571353,520.9370505811125,25213300
2025-08-18,515.286865234375,520.9868407954262,512.2177084457264,519.7611730136332,23760600
2025-08-19,507.98260498046875,513.3536904476517,506.7668813962475,513.1942782099028,21481000
2025-08-20,503.9468078613281,509.2082935133009,502.6712971096552,508.0822507382742,27723000
2025-08-21,503.2980041503906,506.68168580920974,501.7808546744913,502.74904380636957,18443300
2025-08-22,506.2824401855469,509.77590173606455,501.471437254012,503.3079962424447,24324200
2025-08-25,503.3179931640625,507.2406441544574,503.1782400793436,505.6835608535286,21638600
2025-08-26,501.1021423339844,504.0366525259624,497.5787379824689,503.4177851675948,30835700
2025-08-27,505.7933349609375,506.34232576675964,498.96611661319633,501.06219963605827,17277900
2025-08-28,508.68792724609375,510.1352001425548,504.5556467937143,506.1426727693108,18015600
2025-08-29,505.7434387207031,508.64800611235046,503.5475364264987,507.7097597194238,20961600
2025-09-02,504.1763610839844,505.0547219959289,495.88188775050133,499.53505401941584,18128000
2025-09-03,504.40594482421875,506.8413890153064,501.3816064871684,502.8488615493355,16345100
2025-09-04,507.02105712890625,507.20071355848035,502.2100541109688,503.3578996917829,15509500
2025-09-05,494.0752868652344,511.0135863020471,491.4501951138555,508.11900990545524,31994800
2025-09-08,497.2693176269531,500.26371328397477,494.10522614671714,497.1794589519428,16771000
2025-09-09,497.4789123535156,501.3117351050236,496.77024724997165,500.4932596555404,14410500
2025-09-10,499.43524169921875,502.2899147028095,495.7920664455459,502.04038173392,21611800
2025-09-11,500.0740661621094,502.2300346920423,496.9499084839274,501.31173995388707,18881600
2025-09-12,508.94744873046875,511.59249216822343,502.9087629314118,505.70352006176233,23624900
2025-09-15,514.397216796875,514.5069966795595,506.05284913244947,507.8395136770829,17143800
2025-09-16,508.08905029296875,516.2637221986186,507.64986983793983,515.9144004162443,19711900
2025-09-17,509.06719970703125,510.33484666258875,504.9848440594251,509.6660849144807,15816600
2025-09-18,507.5001525878906,512.1115168727503,506.71161989545686,510.5344514878828,18913700
2025-09-19,516.96240234375,518.3298380532008,509.35664280609984,509.6061757592278,52474100
2025-09-22,513.4889526367188,516.772784556969,511.5824866494396,514.6268375894382,20009300
2025-09-23,508.2787170410156,513.6287198501773,506.3622903955001,512.8401566617626,19799600
2025-09-24,509.19696044921875,511.5225942719762,505.9730140478167,509.4265417419943,13533700
2025-09-25,506.0827941894531,509.0572380888419,504.09652154158834,507.3504106819217,15786500
2025-09-26,510.5045166015625,512.9798945996346,505.67356201643696,509.1071380786861,16213100
2025-09-29,513.6386108398438,515.8844074376258,507.9293260645142,510.5444265624633,17617800
2025-09-30,516.982421875,517.1919905812645,508.70790002171145,512.2811987663596,19728200
2025-10-01,518.7391357421875,519.5376290534263,510.7340986553811,513.8382741479315,22632300
2025-10-02,514.7765502929688,520.625588764222,509.7260051791023,516.6730253227585,21222900
2025-10-03,516.3834838867188,519.5176324904353,514.0378984273964,516.1339509263171,15112300
2025-10-06,527.5825805664062,530.0380069481532,517.2319577376861,517.6411650074094,21388600
2025-10-07,523.0010986328125,528.8102332144322,520.4658657072805,527.3030443984364,14615200
2025-10-08,523.8695068359375,525.9656203925812,522.1128458539913,522.3024933531,13363400
2025-10-09,521.4241333007812,523.3505205733983,516.4334737589328,521.3642478231245,18343600
2025-10-10,510.0054626464844,522.6019127014883,508.6779606337136,518.6692706129455,24133800
2025-10-13,513.0896606445312,515.4452371680482,510.7240930552238,515.4452371680482,14284200
2025-10-14,512.610595703125,514.3174231454748,505.05473007895694,509.2768388871209,14684300
2025-10-15,512.4708251953125,516.2238106749688,509.04724028199115,513.9979961583023,14694700
2025-10-16,510.65423583984375,515.884437136842,507.1807563967364,511.62245544117155,15559600
2025-10-17,512.62060546875,514.5170195527368,506.3622988729776,508.0890780500653,19867800
2025-10-20,515.8245239257812,517.730989827423,512.4708156147512,513.6486038577511,14665600
2025-10-21,516.6929321289062,517.7210372272165,512.0815676283437,516.533257830336,15586200
2025-10-22,519.5675659179688,524.2488070435115,516.7428964573043,520.1764726871388,18962700
2025-10-23,519.5875244140625,522.9712060783663,517.6411550810741,521.4839993377199,14023500
2025-10-24,522.6318359375,524.3685757173844,519.7372899447384,521.8133604589415,15532400
2025-10-27,530.527099609375,533.5813808592218,528.0217787333662,530.7866236569336,18734700
2025-10-28,541.057373046875,552.6855732732587,539.7598137450263,548.9725518014023,29986700
2025-10-29,540.538330078125,545.2495444281135,535.7273269044096,543.9220119141725,36023000
2025-10-30,524.77783203125,533.9705877450752,521.1446173319796,529.4889853080866,41023100
2025-10-31,516.8426513671875,528.3311587204174,514.137692119172,527.8919782690999,34006400
2025-11-03,516.0641479492188,523.9793263365088,513.628703759196,518.8389228578652,22374700
2025-11-04,513.3692016601562,514.5868933466259,506.8913048594995,510.80399534425794,20958700
2025-11-05,506.2125549316406,513.8682396575209,505.6336213981725,512.3410686781482,23024300
2025-11-06,496.1713562011719,504.75529633258907,494.88375756631746,504.7153625290288,27406500
2025-11-07,495.8918762207031,498.4470913363115,492.32853818272196,496.02163823572937,24019800
2025-11-10,505.0547180175781,505.9031361854127,497.8681564860657,499.10586069795033,26101500
2025-11-11,507.7297058105469,508.64800052182136,501.411544557113,503.85694933091565,17980000
2025-11-12,510.1851501464844,510.7141588310794,498.18758530403636,508.4084461357136,26574900
2025-11-13,502.34979248046875,512.54071024479,500.3535287599438,509.3566671737073,25273100
2025-11-14,509.2268981933594,510.644258818196,496.51070821491913,497.2992409027003,28505700
2025-11-17,506.54193115234375,511.16328656765256,503.9667643395777,507.5001596757347,19092800
2025-11-18,492.8675537109375,502.0403882023454,485.87063942574486,494.44458869198826,33815100
2025-11-19,486.2099914550781,494.264922953439,481.9279972054541,489.18443539234676,23245300
2025-11-20,478.42999267578125,493.57000732421875,475.5,492.7099914550781,26802500
2025-11-21,472.1199951171875,478.9200134277344,468.2699890136719,478.5,31769200
2025-11-24,474.0,476.8999938964844,468.0199890136719,475.0,34421000
2025-11-25,476.989990234375,479.1499938964844,464.8900146484375,474.07000732421875,28019800
2025-11-26,485.5,488.30999755859375,481.20001220703125,486.30999755859375,25709100
2025-11-28,492.010009765625,492.6300048828125,486.6499938964844,487.6000061035156,14386700
2025-12-01,488.7699890136719,489.8598937988281,484.6474914550781,487.9599914550781,9167797
