Price,Close,High,Low,Open,Volume
Ticker,GOOGL,GOOGL,GOOGL,GOOGL,GOOGL
Date,,,,,
2015-12-07,38.384761810302734,38.78251593365279,38.073405968499124,38.735836993642536,36626000
2015-12-08,38.49152374267578,38.66582057894907,37.86484542727184,37.96316633095754,31082000
2015-12-09,37.8663330078125,38.538697635110985,37.342942426417764,38.29090638664104,46550000
2015-12-10,37.74169158935547,38.041128577500004,37.49141883815251,37.91797741112696,32458000
2015-12-11,37.26398468017578,37.61258209163685,37.17608992676162,37.193471871962664,43184000
2015-12-14,37.8658332824707,37.9457834123347,36.5608348517944,37.30569743684393,53864000
2015-12-15,37.74417495727539,38.4721519017893,37.64039095189413,38.12653608537291,49386000
2015-12-16,38.56352233886719,38.80734315749652,37.59321724163716,38.06595465557144,53120000
2015-12-17,38.227840423583984,38.811810174669205,38.20152124711591,38.79045780982481,36510000
2015-12-18,37.58328628540039,38.441866597130755,37.57037484750159,38.09873225384085,67794000
2015-12-21,37.77942657470703,38.05502584880917,37.44920374800327,37.89115519100432,34848000
2015-12-22,38.09376525878906,38.2531654452746,37.79929885448739,37.951747019719875,36338000
2015-12-23,38.162288665771484,38.33062985288538,37.623008881405,38.27054317989563,30594000
2015-12-24,38.02970886230469,38.196557375456976,37.95770713677201,38.16278987323794,10412000
2015-12-28,38.844085693359375,38.87288637907647,38.12355709389795,38.23627832543449,31156000
2015-12-29,39.42607498168945,39.66095477093842,39.04073225342694,39.07995907630359,38430000
2015-12-30,39.24433135986328,39.550224090586745,39.09039428409315,39.42608030985148,28566000
2015-12-31,38.63404083251953,39.14650518710918,38.59977702917716,39.12117861420518,32752000
2016-01-04,37.71189880371094,37.84895401366024,37.12097323352485,37.84895401366024,67382000
2016-01-05,37.81568145751953,38.196553689710015,37.52369658767788,37.94330313035573,45216000
2016-01-06,37.7064323425293,38.024240069232874,37.143814997008135,37.261503040571064,48206000
2016-01-07,36.79621505737305,37.506813921717686,36.51217479028283,37.068836582182584,63132000
2016-01-08,36.295169830322266,37.24908934965582,36.196348846314635,37.13388281297863,47506000
2016-01-11,36.40243148803711,36.502245086314865,35.73155953951253,36.34681531773735,50896000
2016-01-12,37.01172637939453,37.160700423103876,36.569278546257976,36.78379859297366,46816000
2016-01-13,35.732051849365234,37.392103421709855,35.593507741433065,37.210354495301424,51728000
2016-01-14,36.319007873535156,36.74109597017114,35.00854615486923,35.973888314756806,55558000
2016-01-15,35.281166076660156,35.95998263217223,34.83524033348484,35.2563358062272,76676000
2016-01-19,35.70771789550781,36.019073700317456,35.24938084392699,35.76085254820308,48724000
2016-01-20,35.68190002441406,36.098524967082625,34.15344048699709,35.053232766036366,82440000
2016-01-21,36.084625244140625,36.630857134927425,35.311954455314336,35.76185064867691,51938000
2016-01-22,37.0176887512207,37.1716296189621,36.77139018225617,36.84587342149019,47146000
2016-01-25,36.42974090576172,37.36528969337714,36.37412473907267,36.93724221536653,45340000
2016-01-26,36.43818283081055,36.71974157666362,36.099519009790704,36.50869943427893,30940000
2016-01-27,35.63323211669922,36.54245783197761,35.42814563196154,36.54245783197761,42428000
2016-01-28,37.158714294433594,37.30073252505043,36.27977427771683,36.65667609852154,62104000
2016-01-29,37.80674743652344,37.99345940696288,36.95511914435149,37.19149165713859,75808000
2016-02-01,38.27451705932617,38.61318085121043,37.80823159978618,38.29884723654178,111522000
2016-02-02,38.77804183959961,40.23995882934606,38.76264510425891,39.750832128337954,135846000
2016-02-03,37.212345123291016,39.30044045652217,36.56083658730261,39.04470459326765,131114000
2016-02-04,36.251468658447266,37.00676118127015,35.88251526421454,36.97448258969782,104922000
2016-02-05,34.946964263916016,36.0870993581172,34.76720434436481,36.02652017430284,109556000
2016-02-08,34.96683120727539,34.984709455989055,33.86691542897637,34.148474167671374,89410000
2016-02-09,34.8109016418457,35.80107389378938,34.189190246409325,34.410165984435785,84300000
2016-02-10,35.10040283203125,35.91329662619882,35.02790482142751,35.345712519875725,60314000
2016-02-11,35.07607650756836,35.37203557487768,34.322772994882385,34.578508846103134,65004000
2016-02-12,35.10239791870117,35.554775581526435,34.83871363706843,35.36657471407834,46538000
2016-02-16,35.63621520996094,35.896421591127094,35.26576909670817,35.6863682642383,43444000
2016-02-17,36.34780502319336,36.43669238582909,35.58506795175862,36.1010063928899,49154000
2016-02-18,35.62975311279297,36.54791981730214,35.532424835581146,36.4466211222422,47276000
2016-02-19,35.858184814453125,35.95352790308859,35.41176275666596,35.54981057768238,34918000
2016-02-22,36.20280456542969,36.49081901284543,35.92472374092737,36.22564583642321,37516000
2016-02-23,35.618831634521484,36.29467034055154,35.53838898814118,36.056316426626495,41332000
2016-02-24,35.798099517822266,35.813992558920596,34.86056921286037,35.28712403938256,37092000
2016-02-25,36.20628356933594,36.22564693632756,35.41722352300207,35.89890195761651,36146000
2016-02-26,35.9947395324707,36.55586798175661,35.84973970707273,36.42874640410648,42474000
2016-02-29,35.6153564453125,36.279772601353756,35.596485592887156,35.80306099930034,45068000
2016-03-01,36.854312896728516,36.862257521878966,35.68586956028292,35.817957951255984,60112000
2016-03-02,36.72072982788086,36.90148235313831,36.411363034599084,36.88907100807976,36292000
2016-03-03,36.32893371582031,36.79621179454385,36.231605426776234,36.72073217202049,40534000
2016-03-04,36.26090621948242,36.49826752612542,36.03247835408734,36.48833769172729,48516000
2016-03-07,35.395870208740234,36.11143582064336,35.015494282859706,36.009140720248936,61690000
2016-03-08,35.432125091552734,35.86513944055684,34.95889130749874,35.17688549483586,52530000
2016-03-09,36.02204895019531,36.0632647680584,35.388915037719286,35.51355509580164,39544000
2016-03-10,36.35773849487305,36.57474004358364,35.91677958818073,36.14023685529983,44616000
2016-03-11,36.98838806152344,36.989876968445806,36.582685550865385,36.744074726402076,35380000
2016-03-14,37.25504684448242,37.454670222792,36.92829810398238,36.99335158615113,32824000
2016-03-15,37.27143478393555,37.39260073816079,36.88758095002437,37.04549221692645,29832000
2016-03-16,37.60860824584961,37.690047281949795,37.06932846567449,37.195953740310536,29306000
2016-03-17,37.66422653198242,38.004875552434186,37.608610365378055,37.623010709333315,44564000
2016-03-18,37.511775970458984,37.84596925095724,37.333504951948306,37.82064646936707,56222000
2016-03-21,37.84696578979492,37.905559766692214,37.30619331634567,37.437289099520186,28774000
2016-03-22,37.7421875,37.98799352788817,37.634433071967216,37.66224115514564,22096000
2016-03-23,37.61853790283203,38.00735853158211,37.5425619806947,37.906056039210014,24678000
2016-03-24,37.48347473144531,37.61854094362551,37.267962081593396,37.30272218640822,31116000
2016-03-28,37.406009674072266,37.65528982263059,37.34443409039923,37.54951681330508,21676000
2016-03-29,38.03218460083008,38.09624547913695,37.15821524882239,37.42586613709167,40062000
2016-03-30,38.15385055541992,38.599279990371855,38.11611263651444,38.14739483673556,40396000
2016-03-31,37.88371276855469,38.19059428449691,37.65280338958673,38.15384897175002,32554000
2016-04-01,38.21989440917969,38.238265170955394,37.501347199465684,37.5986792763433,31674000
2016-04-04,37.993953704833984,38.35744779120675,37.82859410935832,38.21194786534145,26924000
2016-04-05,37.668697357177734,37.882224795343646,37.52121222312474,37.64684868990954,24478000
2016-04-06,38.14044189453125,38.157823840897734,37.55597205367474,37.632444282839394,25312000
2016-04-07,37.74566650390625,38.2044998897123,37.61556331422773,38.00388388543035,25498000
2016-04-08,37.713382720947266,38.09375861417832,37.52965238640744,38.031190433814466,23434000
2016-04-11,37.61754608154297,38.09823189233652,37.607616247292036,38.010337136662486,31774000
2016-04-12,37.954227447509766,37.9840207410099,37.32109344066061,37.66174626089941,27388000
2016-04-13,38.33113098144531,38.52181337230454,37.967636872625924,38.25167714382834,35426000
2016-04-14,38.503936767578125,38.71349000149206,38.39617854816436,38.502447860633374,26992000
2016-04-15,38.73285675048828,38.779039385261385,38.48109130248075,38.50939947697005,31712000
2016-04-18,39.114219665527344,39.157424480223426,38.61417053479063,38.74228470646398,33540000
2016-04-19,38.54663848876953,39.27660442284352,38.24968681923802,39.254259454714806,43952000
2016-04-20,38.480594635009766,38.71597452742897,38.29934579093973,38.69114425791046,34262000
2016-04-21,38.73285675048828,38.816281001325336,38.313250196187234,38.5992794464005,77628000
2016-04-22,36.63581466674805,37.437782245825765,36.268350220730284,36.94071093438197,140798000
2016-04-25,36.856300354003906,36.98888505535072,36.50323618987336,36.515651324926324,49442000
2016-04-26,36.02006530761719,37.024137835958484,35.76929248524072,36.96604016205313,55864000
2016-04-27,35.825904846191406,36.1084523778926,35.21114167057778,36.01757981195065,66262000
2016-04-28,35.01151657104492,36.21323099352427,34.91915510284516,35.91677564725775,62590000
2016-04-29,35.15155792236328,35.3616074545676,34.947960320129276,34.96484596421482,58278000
2016-05-02,35.47582244873047,35.52547920072315,35.07607934405332,35.35217497678532,33476000
2016-05-03,35.17936706542969,35.42417670922299,35.12424719933125,35.380975675947816,38620000
2016-05-04,35.32486343383789,35.50760119166312,34.96136933891436,35.096439342272674,34172000
2016-05-05,35.49071502685547,35.63174064097573,35.229516070808096,35.505115369625486,29668000
2016-05-06,36.01062774658203,36.05085096143227,35.35365993639557,35.366075070149385,39952000
2016-05-09,36.206783294677734,36.46301548476886,35.927209739821606,36.08611362918023,38074000
2016-05-10,36.71577072143555,36.74655661908605,36.32993166477537,36.49628386511208,32634000
2016-05-11,36.27729034423828,36.786280527008316,36.145698259382165,36.77237648625798,29834000
2016-05-12,36.15414047241211,36.516641937924206,35.96544331102753,36.34929335212944,27094000
2016-05-13,35.99325180053711,36.31403735737512,35.92770201188902,36.08213916276468,25244000
2016-05-16,36.26487350463867,36.38305784545785,35.75340183456489,35.96792185156133,22538000
2016-05-17,35.76283645629883,36.54047390947607,35.65408943202218,36.30261631383921,33404000
2016-05-18,35.841796875,36.029997739494426,35.506110877767355,35.67891879370633,32536000
2016-05-19,35.5205078125,35.778232649044234,35.27222029595859,35.66898553559532,30598000
2016-05-20,35.83831787109375,36.13576585039935,35.505613486456255,35.577618992553184,34798000
2016-05-23,35.616844177246094,35.92720357891008,35.60145122987108,35.75241046715994,24816000
2016-05-24,36.40044403076172,36.45854170915935,35.73602405365158,35.74595767691592,37884000
2016-05-25,36.65220260620117,36.74108996296233,36.37908860647587,36.49826555565478,32216000
2016-05-26,36.594112396240234,36.8011841398841,36.39895948651524,36.547929756230374,27202000
2016-05-27,37.12395095825195,37.139343905505896,36.59807514320627,36.622905410570866,34802000
2016-05-31,37.1860237121582,37.415936687548225,37.02314564080785,37.18155320312877,42484000
2016-06-01,37.166656494140625,37.31116001541916,36.962066300755815,37.16715279641338,20788000
2016-06-02,36.958595275878906,37.109058225581464,36.59758269934217,37.0494678507641,33916000
2016-06-03,36.540977478027344,36.820551039386146,36.444145477393555,36.820551039386146,24608000
2016-06-06,36.252960205078125,36.67207046947939,36.16506923085128,36.67207046947939,29992000
2016-06-07,36.304107666015625,36.58318109974757,36.28970732226151,36.41236218388721,24314000
2016-06-08,36.892051696777344,36.93574903043478,36.53650603423627,36.721725294265575,32314000
2016-06-09,36.8716926574707,36.94170916857754,36.5727557596359,36.601060145463464,19180000
2016-06-10,36.408390045166016,36.72867931916578,36.27530903917141,36.545445258331405,29050000
2016-06-13,36.34333419799805,36.69689461085345,36.241039107746886,36.241039107746886,23354000
2016-06-14,36.4113655090332,36.5479244110593,36.07617960976965,36.215716325556116,26584000
2016-06-15,36.358734130859375,36.605032689807494,36.31503300524268,36.49429665160635,23234000
2016-06-16,35.964454650878906,36.26935098712566,35.53193662941622,36.14868132329461,45002000
2016-06-17,34.9713020324707,35.822430186220004,34.815872272277524,35.822430186220004,82262000
2016-06-20,35.064659118652344,35.548322810048894,35.02890640640998,35.272227159166775,45654000
2016-06-21,35.20121383666992,35.523988390177145,34.99166061174895,35.25931151356034,30318000
2016-06-22,35.28017044067383,35.46588980488186,35.05224264667771,35.457945178971656,29058000
2016-06-23,35.498661041259766,35.499157343542514,34.772669304345065,35.284141009535006,42500000
2016-06-24,34.02531814575195,35.008538336206236,34.01091780380185,34.27211674497731,95436000
2016-06-27,33.82371520996094,33.93246603464009,33.40261974184514,33.8907539085395,58146000
2016-06-28,34.32624816894531,34.399742582899776,34.00794412351967,34.33171128276161,38246000
2016-06-29,34.52140426635742,34.73542802118157,34.396764184399636,34.475225417183175,43124000
2016-06-30,34.935546875,34.94746570804069,34.507003073538684,34.643561985474975,42250000
2016-07-01,35.26924133300781,35.38245886081717,34.945474209829534,35.013505502389854,30984000
2016-07-05,35.003074645996094,35.16346740230993,34.71704923208297,35.00903406128525,28440000
2016-07-06,35.2056884765625,35.405808192817624,34.710602254902895,34.75231438386372,28902000
2016-07-07,35.12076950073242,35.26527303671914,34.793528207030256,35.2622952227795,21174000
2016-07-08,35.64316177368164,35.64912118917486,35.16297230418393,35.28463454813432,29946000
2016-07-11,36.11093521118164,36.196840960034564,35.6972881383257,35.72459991532595,28822000
2016-07-12,36.3746223449707,36.52806311116953,36.12583849286883,36.345325353661465,26468000
2016-07-13,36.22415542602539,36.52408869306127,36.20131415597992,36.52408869306127,20436000
2016-07-14,36.53799819946289,36.554880056246446,36.27928071340089,36.44563292379343,21408000
2016-07-15,36.5295524597168,36.79621074813857,36.48038822573442,36.79621074813857,32342000
2016-07-18,37.40203094482422,37.49836662145792,36.57324785985049,36.64276806066174,38698000
2016-07-19,37.4124641418457,37.57037161995348,37.1681470245661,37.236674626869686,30436000
2016-07-20,37.59470748901367,37.77148961752408,37.444244537708734,37.444244537708734,22502000
2016-07-21,37.462120056152344,37.647839401444166,37.318609136349515,37.59073054175283,19062000
2016-07-22,37.70395278930664,37.71239371689729,37.37521881846267,37.60662449944861,20920000
2016-07-25,37.61655044555664,37.730764367356976,37.44523145713951,37.62449507003056,21466000
2016-07-26,37.62301254272461,37.70296268039801,37.37969180197333,37.61655682388864,23792000
2016-07-27,37.83753204345703,37.960683213309025,37.537602533099786,37.688561787204335,32172000
2016-07-28,38.02970886230469,38.18513863298102,37.69451914040106,38.17868291394352,73464000
2016-07-29,39.29597473144531,39.92165662067228,39.229432335427255,39.61229358083815,101810000
2016-08-01,39.772682189941406,40.097938235438754,38.98312590515043,39.064068636968564,60594000
2016-08-02,39.731964111328125,39.84121123041115,39.45437959308379,39.59342000334689,39928000
2016-08-03,39.6723747253418,39.70316441041706,39.37939725195184,39.55071625762471,29206000
2016-08-04,39.58945083618164,39.73593958788748,39.42409122966158,39.63861128831362,21520000
2016-08-05,40.070133209228516,40.0845335531132,39.61725546461219,39.73146939965334,36146000
2016-08-08,39.9857177734375,40.10340582876523,39.80992824964125,40.02395199486319,24426000
2016-08-09,40.09744644165039,40.38794241850317,39.927616334129496,39.94896869957862,32154000
2016-08-10,40.1475944519043,40.266275097046744,40.04828096049894,40.07608904117779,18370000
2016-08-11,40.13319778442383,40.415252823666556,40.023950660733746,40.24591902423348,25646000
2016-08-12,40.07609176635742,40.08304378699987,39.906757970916026,39.97876347736312,17946000
2016-08-15,40.0219612121582,40.290112181384124,39.926121837929855,40.084033090537346,18596000
2016-08-16,39.78510284423828,39.93755100888035,39.57703472121975,39.899809300185694,21158000
2016-08-17,39.995147705078125,40.00557762997982,39.54226998517324,39.72600411810358,21322000
2016-08-18,39.86256408691406,40.123266753663046,39.80694792212144,39.992170966856555,17292000
2016-08-19,39.70862579345703,39.78708702281025,39.571078068063606,39.71557781450306,22416000
2016-08-22,39.574546813964844,39.691242248951745,39.44444364102526,39.652011639598804,17056000
2016-08-23,39.556671142578125,39.775661684351874,39.52687785121766,39.74983881127038,18350000
2016-08-24,39.40819549560547,39.64953099546497,39.2671660928917,39.57007717051633,25672000
2016-08-25,39.293983459472656,39.463813555900934,39.091878560102565,39.32874356241797,24054000
2016-08-26,39.38932800292969,39.69621331339901,39.20013453312959,39.35307899177491,24978000
2016-08-29,39.51844024658203,39.6525138575443,39.24532242425674,39.38088873076619,15474000
2016-08-30,39.324771881103516,39.62669035902709,39.203109630418886,39.37244341912129,23348000
2016-08-31,39.221981048583984,39.30739050329158,39.09038896200603,39.20956591448725,21428000
2016-09-01,39.2989501953125,39.37294091021342,39.04718854772872,39.327750882187914,26070000
2016-09-02,39.57057571411133,39.58199824395058,39.39131208412663,39.49112567322942,26998000
2016-09-06,40.1242561340332,40.26677065057894,39.49906684407447,39.646051869420056,39790000
2016-09-07,40.122772216796875,40.252375313874886,39.910733684911634,40.1197906143706,22906000
2016-09-08,39.867034912109375,40.14412694859226,39.77616233267736,39.98522306302913,23554000
2016-09-09,39.15394973754883,39.81290656334033,39.132597373879136,39.664925135920484,37752000
2016-09-12,39.66741180419922,39.7344467111907,38.90665615660053,38.95730929927467,37274000
2016-09-13,39.165870666503906,39.51694961300708,38.947872720495155,39.42855855135834,36180000
2016-09-14,39.25226974487305,39.543762084078004,39.10677362068762,39.10677362068762,25842000
2016-09-15,39.787086486816406,39.90725605225956,39.16288971947557,39.22992841743316,31144000
2016-09-16,39.62520217895508,39.67734423192351,39.40919322073023,39.67734423192351,42612000
2016-09-19,39.49708557128906,39.92414043837122,39.40621299945896,39.781125816758006,22990000
2016-09-20,39.71508026123047,39.8625653940785,39.6396006367415,39.72600648905892,20984000
2016-09-21,39.97578048706055,40.01948160712941,39.52886218372957,39.788572238505495,26970000
2016-09-22,40.518043518066406,40.67247688000489,40.108866902276546,40.22258074469697,35186000
2016-09-23,40.46888732910156,40.57018604769411,40.35815128879407,40.477824559902665,28234000
2016-09-26,39.85759735107422,40.22655453438035,39.74835023043372,40.2136430977337,29454000
2016-09-27,40.25883102416992,40.39588623300173,39.81687950020193,39.81687950020193,27346000
2016-09-28,40.225563049316406,40.23500037109196,39.86405793336989,39.92861133591247,29406000
2016-09-29,39.85710144042969,40.41674099949979,39.76871038075745,40.085029216007314,27000000
2016-09-30,39.927616119384766,40.12773582160041,39.80049453201315,39.90477484709939,33204000
2016-10-03,39.74488067626953,39.90179556606137,39.5388015456928,39.852635113844,29784000
2016-10-04,39.86454772949219,40.04877816241153,39.7096180732488,39.974291147900814,25174000
2016-10-05,39.787086486816406,40.14809527402638,39.76126361225981,40.023951501510176,24276000
2016-10-06,39.87894821166992,40.071123270123216,39.751330334015925,39.928604958661495,21998000
2016-10-07,39.76126480102539,40.020974884161134,39.56809711552347,40.020478581833075,23262000
2016-10-10,40.42965316772461,40.58905334396795,39.837238703708955,39.921159255687996,29922000
2016-10-11,40.20122528076172,40.7122006559496,40.09197816741125,40.429649341145954,34432000
2016-10-12,40.31047439575195,40.44603690109299,40.15057792439992,40.319907927647854,18158000
2016-10-13,39.9286003112793,40.05175145416739,39.657471549180414,40.02742128005715,27380000
2016-10-14,39.954429626464844,40.2270511277498,39.84121208669359,40.095955339746034,22238000
2016-10-17,40.0656623840332,40.39588526330794,39.91619583247868,40.023453957315446,21128000
2016-10-18,40.793148040771484,41.15663833898216,40.3879418283442,40.43163916324333,45786000
2016-10-19,41.058815002441406,41.20580383991324,40.86217320079859,40.86217320079859,30002000
2016-10-20,40.80010223388672,41.13975867348115,40.74647127274879,41.09456864067151,27878000
2016-10-21,40.9207649230957,40.932187453135704,40.63523576920026,40.71915632074788,32316000
2016-10-24,41.500762939453125,41.610010059133586,41.16805855756593,41.220200605983266,28952000
2016-10-25,41.14372634887695,41.63781608590435,40.982337188746065,41.63781608590435,37814000
2016-10-26,40.82344055175781,41.10202150019633,40.53791137044877,41.07272071883279,35898000
2016-10-27,40.587562561035156,41.04589961076661,40.4514999650139,40.868624982682114,59470000
2016-10-28,40.69730758666992,41.66264965615888,40.57018221524051,41.2127535160124,87098000
2016-10-31,40.21761703491211,40.8497584522161,40.1232703403862,40.83982482843395,44854000
2016-11-01,39.99812698364258,40.41922621912431,39.6395997227287,40.26578167359592,47118000
2016-11-02,39.15097427368164,40.061692797664826,38.98114417012073,40.061692797664826,47014000
2016-11-03,38.84160232543945,39.22942653668374,38.66482022432209,38.95630876055861,43504000
2016-11-04,38.7874755859375,39.15394743989924,38.28593374885304,38.30083039346312,39412000
2016-11-07,39.82680892944336,39.97429025981587,39.37343492296094,39.47523371424509,39852000
2016-11-08,40.32089614868164,40.52250472107699,39.707129414285156,39.82680644507341,35382000
2016-11-09,40.00358963012695,40.30749332674245,39.33073254019096,39.816877678891515,61970000
2016-11-10,38.74725341796875,40.225556007072605,38.14838328394189,40.22257819349695,118192000
2016-11-11,38.32318115234375,38.59828036689577,38.01480695395398,38.574446491987054,71852000
2016-11-14,37.40303039550781,38.324675210054245,36.92482982913432,38.323682605370514,73766000
2016-11-15,38.49250793457031,38.744769646233735,37.99891452608387,38.011325870491916,58878000
2016-11-16,38.73186492919922,38.90665805993092,38.05404098315589,38.25713850038209,35968000
2016-11-17,39.03874206542969,39.174804657069366,38.72540485141423,38.85699693411214,30674000
2016-11-18,38.53273391723633,39.293485736224,38.50194802226967,39.0888993328159,36126000
2016-11-21,38.971214294433594,39.05811266107162,38.54912244179917,38.638506108542465,32616000
2016-11-22,38.981143951416016,39.41663975293739,38.918575763837715,39.17927843969757,27884000
2016-11-23,38.68320083618164,39.20559880839825,38.36787458860709,39.20559880839825,26260000
2016-11-25,38.74427795410156,38.8768626490301,38.64297545788216,38.862462305407306,12270000
2016-11-28,39.02037048339844,39.71309098361626,38.63850189076831,38.65091702423772,51508000
2016-11-29,39.201622009277344,39.54922303896642,38.99802441434011,39.14898365825282,31240000
2016-11-30,38.52827072143555,39.30441942379707,38.392708193403074,39.184746148533264,45582000
2016-12-01,37.95471954345703,38.66333309873201,37.409976661406304,38.66085158740446,57342000
2016-12-02,37.961181640625,38.261114956339284,37.69005280398529,37.83406004508795,34376000
2016-12-05,38.64446258544922,38.73285364085415,38.0858156579369,38.23627859417653,33770000
2016-12-06,38.54316329956055,38.99504844813297,38.40114506723061,38.742290394776404,34682000
2016-12-07,39.302425384521484,39.32874076958007,38.41156663067503,38.73037073912528,40588000
2016-12-08,39.48616027832031,39.67635014267584,39.12564779625137,39.37592054857355,32250000
2016-12-09,40.19526672363281,40.220096991221645,39.629171477422965,39.691243357828135,38090000
2016-12-12,40.11830139160156,40.2896204013279,39.95095658888988,39.96535693289629,32572000
2016-12-13,40.48774719238281,40.932680272409264,40.31891349905341,40.341258466364614,42564000
2016-12-14,40.614383697509766,40.930702567936656,40.36063302016613,40.516559094809026,35994000
2016-12-15,40.50314712524414,40.868130107738374,40.32189449545643,40.58806028086958,35394000
2016-12-16,40.214637756347656,40.67943055653174,40.12922450691497,40.63523691915617,51978000
2016-12-19,40.34672164916992,40.5314483807741,39.9494601051975,40.18682518477659,25272000
2016-12-20,40.48080062866211,40.54486151424936,40.27223999517827,40.38992805182753,25438000
2016-12-21,40.33183288574219,40.5066260291926,39.97926499613864,40.5066260291926,29192000
2016-12-22,40.20669174194336,40.27571564691839,40.02543911217138,40.17789105444019,22632000
2016-12-23,40.11333465576172,40.270749624084985,39.979757352437005,40.123764581340396,15310000
2016-12-27,40.2191047668457,40.520526970751554,40.01402204111536,40.15703288000675,19520000
2016-12-28,39.95294189453125,40.38794139531055,39.847172674604614,40.38794139531055,24296000
2016-12-29,39.869014739990234,40.011529249881775,39.63363867410137,39.8417029633518,21148000
2016-12-30,39.351097106933594,39.889384360068355,39.21056398262664,39.88541015271951,34718000
2017-01-03,40.12376403808594,40.294086652648915,39.571572794947315,39.756792055649086,39180000
2017-01-04,40.11184310913086,40.392905527577895,39.93009797402981,40.21711601976733,30306000
2017-01-05,40.3725471496582,40.408299857458964,40.01997930599535,40.098436742240544,26810000
2017-01-06,40.97787094116211,41.164086582145956,40.297065466617894,40.470369671556966,40342000
2017-01-09,41.07569885253906,41.23708423902911,40.79960322772455,41.03547563435124,28178000
2017-01-10,41.01759338378906,41.18643086553079,40.87507886453228,41.07023173162525,23948000
2017-01-11,41.208778381347656,41.21076359050067,40.79215344747777,41.04788930291053,26508000
2017-01-12,41.19239044189453,41.23459886535292,40.76930602565791,41.135281584950654,26990000
2017-01-13,41.26240539550781,41.44663202959624,41.19189259164054,41.26538320895288,25804000
2017-01-17,41.089599609375,41.22466580858141,40.87805739835459,41.21572857922101,28818000
2017-01-18,41.16706848144531,41.20629909573897,40.92175874938212,41.205802793423906,20554000
2017-01-19,40.9361572265625,41.36470478465452,40.9158012554388,41.16607399923772,21410000
2017-01-20,41.12486267089844,41.177997330530495,40.947584230387726,41.17054521819564,26124000
2017-01-23,41.932289123535156,41.98740898673662,41.151177506556365,41.29568103409985,49148000
2017-01-24,42.185543060302734,42.284360255841996,41.825523106397696,42.05891399371897,33768000
2017-01-25,42.62848663330078,42.64536848806331,42.195968664918965,42.38516591469139,33108000
2017-01-26,42.55549240112305,42.75511580559934,42.23470682286839,42.65828381161536,69866000
2017-01-27,41.96208572387695,43.05306054401934,41.80665974503806,42.65580272895268,75050000
2017-01-30,40.90934753417969,41.574756340957656,40.770303325603095,41.566315413007224,70338000
2017-01-31,40.72858810424805,40.87160272048884,40.391413217067,40.694324304166415,40404000
2017-02-01,40.4827880859375,40.91778758574998,40.33431034795728,40.91778758574998,45020000
2017-02-02,40.632747650146484,40.94559235168704,40.32437724613208,40.47086597445226,33784000
2017-02-03,40.725608825683594,41.023553090709655,40.686874517917786,40.87458285248007,30562000
2017-02-06,40.79960250854492,40.83783672826764,40.43561213061393,40.764842404902836,27018000
2017-02-07,41.177494049072266,41.31107514132215,40.88253135817895,40.992274785366405,33332000
2017-02-08,41.20977020263672,41.426775532625584,40.97290520436103,41.2420487935951,26044000
2017-02-09,41.218711853027344,41.31405494072478,41.04193350863211,41.3016398052887,23884000
2017-02-10,41.456573486328125,41.57078364037444,41.24106082750359,41.3622230028023,28302000
2017-02-13,41.66066360473633,41.79871141252948,41.52608991296892,41.59809163060186,25914000
2017-02-14,41.71379852294922,41.811623123404466,41.50523788412573,41.70088708503622,27266000
2017-02-15,41.579227447509766,41.800203215748176,41.524603883354885,41.65321437942685,27144000
2017-02-16,41.820068359375,41.84588744695401,41.576247520149394,41.63782310788552,20102000
2017-02-17,42.037567138671875,42.056934296199685,41.70138480487135,41.77736073935156,29224000
2017-02-21,42.172630310058594,42.318126436243645,42.03756032019427,42.10906952188531,25206000
2017-02-22,42.27642059326172,42.397086469402296,42.045511190282376,42.109572078811766,24488000
2017-02-23,42.2585334777832,42.338979904045395,41.83644546816198,42.262507684298654,27734000
2017-02-24,42.10013198852539,42.12744377012329,41.85929276586222,42.09218736291701,26924000
2017-02-27,42.19249725341797,42.24215400488915,41.86177806039701,41.95811374944937,20206000
2017-02-28,41.957115173339844,42.15078293456587,41.78381096023858,42.077288521529155,27662000
2017-03-01,42.544071197509766,42.606143082076564,42.16021736008158,42.27740910845223,36374000
2017-03-02,42.2014274597168,42.53115399322859,42.145314998922565,42.52221297591211,25018000
2017-03-03,42.1631965637207,42.24960241808962,41.94619500601725,42.1562445427286,20100000
2017-03-06,42.07331466674805,42.156242612540275,41.770403570860985,42.05295490701999,20958000
2017-03-07,42.265987396240234,42.37424191674379,41.986417653413916,42.07281971803925,20774000
2017-03-08,42.3896369934082,42.553011386983464,42.270956329884356,42.36381411775927,20576000
2017-03-09,42.59819412231445,42.74071244041223,42.341465659674824,42.39211880213235,26954000
2017-03-10,42.775474548339844,42.91550757296608,42.58677737671605,42.8395316442865,26732000
2017-03-13,42.932891845703125,43.05951713750677,42.74617987323031,42.746676175573796,23332000
2017-03-14,42.99893569946289,43.08186364930785,42.711913840069855,42.891673781786864,21234000
2017-03-15,43.1220817565918,43.196072473882325,42.77001020729285,43.09973678728409,26658000
2017-03-16,43.20203399658203,43.33660769842675,43.0788828253829,43.2283531741591,22090000
2017-03-17,43.31971740722656,43.42151620176282,43.121086629454275,43.38476710213492,37366000
2017-03-20,43.09824752807617,43.21891339220518,42.93735844638178,43.17620866314828,30844000
2017-03-21,42.2158317565918,43.37434145250998,42.0941695040565,43.205007661231754,50760000
2017-03-22,42.19894790649414,42.47454720092851,42.059903715071556,42.18305486862003,27334000
2017-03-23,41.694923400878906,41.79622589589648,41.364704317490535,41.781329250157704,65754000
2017-03-24,41.470970153808594,41.91093645160289,41.1710406618816,41.811619164970004,42114000
2017-03-27,41.6383171081543,41.78083543285697,40.93268508277159,41.12088595198128,38692000
2017-03-28,41.74359130859375,41.98045631054637,41.3284514944679,41.69691237369095,30384000
2017-03-29,42.202423095703125,42.287832548610666,41.78083136754701,41.84886266393899,29146000
2017-03-30,42.18305969238281,42.30819606926271,42.04848978300424,42.307203464638356,18988000
2017-03-31,42.099632263183594,42.187030714904175,41.972510686650914,42.05146442256738,28820000
2017-04-03,42.544071197509766,42.65579983201657,42.086226643187686,42.14680962085539,39388000
2017-04-04,42.33650207519531,42.357854439227026,42.08523294111521,42.109566907434534,26970000
2017-04-05,42.15475082397461,42.73475010257832,42.085726924248426,42.442765254238836,37104000
2017-04-06,41.9655647277832,42.38715652249713,41.91094116113883,42.18405520579315,30672000
2017-04-07,41.81658935546875,42.004293927806955,41.57823542542362,41.960596591297744,22232000
2017-04-10,41.796722412109375,42.046998942929825,41.751536172374955,41.788777786912505,20924000
2017-04-11,41.70634841918945,41.94222083078418,41.444156830554476,41.796724692155486,19486000
2017-04-12,41.78480529785156,41.897030226759085,41.592630241513895,41.63583126994994,22716000
2017-04-13,41.72124099731445,41.89752680520786,41.60554195179089,41.763945723767236,21474000
2017-04-17,42.463623046875,42.48894961740524,41.76345039873209,41.78083234422091,20982000
2017-04-18,42.407012939453125,42.575846634811754,42.27095034778474,42.3350074369402,18724000
2017-04-19,42.53215408325195,42.71538814198865,42.384172643486515,42.57585141879355,21606000
2017-04-20,42.70943069458008,42.90060937085515,42.58131271876473,42.692545050726125,23776000
2017-04-21,42.6533203125,42.82662834132847,42.59274111518953,42.73624827059436,23458000
2017-04-24,43.64547348022461,43.696622927271356,43.008865363414564,43.12456820859696,33930000
2017-04-25,44.1375846862793,44.30691471239328,43.662858230921586,43.81083589039101,40760000
2017-04-26,44.1524772644043,44.343659730457006,43.95434277755999,44.26420589937171,26466000
2017-04-27,44.266685485839844,44.363021168129436,44.055147057480504,44.19518007182641,46846000
2017-04-28,45.909358978271484,46.47445784803481,45.8448017960648,46.13182363432645,76918000
2017-05-01,46.32151412963867,46.47048816478431,45.72463296161252,45.89098515400379,46556000
2017-05-02,46.53355026245117,46.826531506237814,46.2311354870929,46.34386050652352,35026000
2017-05-03,47.0976676940918,47.184566066640436,46.44020348021383,46.481915608293384,36496000
2017-05-04,47.409019470214844,47.62850633797308,47.04403645737104,47.18903630011815,38752000
2017-05-05,47.18853759765625,47.59374381071034,47.0802830762986,47.508330561462486,32310000
2017-05-08,47.60615539550781,47.72036553610699,47.04551946317826,47.04800476312628,37534000
2017-05-09,47.50783157348633,47.78045307072177,47.39312512854132,47.737252040510455,33758000
2017-05-10,47.41497802734375,47.50783581432958,47.16669047418573,47.48350563448368,22920000
2017-05-11,47.46711349487305,47.57139759499371,47.10560841482097,47.23868941405582,20622000
2017-05-12,47.429874420166016,47.57090005232576,47.27692995502822,47.564448122077316,24298000
2017-05-15,47.632469177246094,47.80527707771907,47.314661457098865,47.43731630939563,26754000
2017-05-16,47.900123596191406,47.96418068442859,47.688585177761574,47.8474890369958,22030000
2017-05-17,46.78581619262695,47.720368592853056,46.68103578856393,47.65631149801639,48982000
2017-05-18,47.199459075927734,47.38219681155147,46.741118252944794,46.83695762969301,36010000
2017-05-19,47.40553665161133,47.649357462951514,47.273944562777324,47.314664081715186,27206000
2017-05-22,47.873313903808594,47.91055930897429,47.500386281238576,47.52223494888079,27748000
2017-05-23,48.19508743286133,48.39172919579309,47.89465788680079,48.16579044702688,30908000
2017-05-24,48.545677185058594,48.57099996822204,48.24872549937128,48.428981738170435,22660000
2017-05-25,49.253292083740234,49.44795244587493,48.556101037597934,48.61469880372038,39082000
2017-05-26,49.32331085205078,49.47824050703273,49.02983330538082,49.26024257879592,32728000
2017-05-30,49.46731948852539,49.53932499868886,49.22846926289896,49.285078035542476,30324000
2017-05-31,49.01642990112305,49.637645059905644,48.74778259818976,49.46930765176526,34482000
2017-06-01,49.07602310180664,49.316862335075385,48.728418249020095,49.208607808546816,26128000
2017-06-02,49.464839935302734,49.48271818511407,49.01544006401215,49.09091969338091,34710000
2017-06-05,49.85017395019531,50.02496705607206,49.43156005157283,49.55272599457195,27578000
2017-06-06,49.49264144897461,50.08505587439509,49.39928737075715,49.82187170550541,31042000
2017-06-07,49.73199462890625,49.85166788867017,49.452421103168035,49.61231758057516,27482000
2017-06-08,49.87003707885742,49.93558307241886,49.48966118731577,49.86755177906109,33758000
2017-06-09,48.173744201660156,49.930627908749706,47.3419793922619,49.93013160642568,72958000
2017-06-12,47.761085510253906,48.06846710767521,46.51915156354506,47.60764475696724,84042000
2017-06-13,48.19261169433594,48.56057248484658,47.77101615946489,48.26908392114349,40108000
2017-06-14,48.064998626708984,48.649468554169296,47.646880921588796,48.440907898271334,30110000
2017-06-15,47.680145263671875,47.704975533282926,46.69643241727006,47.07631205320229,48552000
2017-06-16,47.60267639160156,47.66872247848147,47.110075556725945,47.56741998797026,51184000
2017-06-19,48.4269905090332,48.62959169199155,48.07839311861215,48.15039482929381,29376000
2017-06-20,48.11763000488281,48.70358875444801,48.07839939128731,48.43146354794512,25946000
2017-06-21,48.59434509277344,48.64201663753908,48.14047470710039,48.20701710654915,23232000
2017-06-22,48.49651336669922,48.68918472682198,48.33214639015907,48.5089247119832,20190000
2017-06-23,48.966773986816406,48.9930931638769,48.389256152705286,48.440901902192635,31280000
2017-06-26,48.27156448364258,49.359065069678145,48.18416603105188,49.16093059165186,30358000
2017-06-27,47.07978439331055,48.029733492742224,47.03012764452893,47.75066006413527,48872000
2017-06-28,47.72135925292969,47.83209528017642,46.48736991430568,47.20740603112039,54912000
2017-06-29,46.569801330566406,47.257062550212794,46.16161732654267,47.24166960223247,64134000
2017-06-30,46.16558837890625,46.92634017047472,46.1621104745793,46.876187123110725,45754000
2017-07-03,45.6580924987793,46.392032689467364,45.4520133831645,46.34137954532232,33896000
2017-07-05,46.2937126159668,46.49383233523432,45.61688122058491,45.89347317743175,41882000
2017-07-06,46.0667724609375,46.48637901206384,45.67745929331007,45.933195157860354,40298000
2017-07-07,46.71827697753906,46.90945942874934,46.17104879812615,46.23063916681383,33266000
2017-07-10,47.22428894042969,47.33006194716031,46.774889103100755,46.774889103100755,29030000
2017-07-11,47.34992218017578,47.41745717929596,46.93230462783563,47.20045562653004,29224000
2017-07-12,48.05158615112305,48.149410749948935,47.524225146229135,47.71391492736129,32042000
2017-07-13,48.110679626464844,48.59980640307226,47.909567317126566,48.20751161942651,30492000
2017-07-14,48.51091766357422,48.542199863318615,48.17523166280488,48.36641413170419,21592000
2017-07-17,48.46373748779297,48.83070565092788,48.20750534539137,48.48161573480246,33210000
2017-07-18,49.00947570800781,49.203139679558696,48.26908362239714,48.33462962129776,28266000
2017-07-19,49.29848861694336,49.439017952019256,49.012459346203336,49.16143339828471,28242000
2017-07-20,49.26968002319336,49.5919544677151,48.89377083687307,49.50853022427339,28368000
2017-07-21,49.351619720458984,49.414684210878235,48.87143018740787,49.11127680277865,29266000
2017-07-24,49.57358932495117,49.964891502988685,49.174342521195065,49.36453239038867,79690000
2017-07-25,48.11961364746094,48.501974782006535,47.859903584203714,48.20254159270809,118672000
2017-07-26,47.93488693237305,48.363927002406854,47.68262898045306,48.30582932589759,44432000
2017-07-27,47.29926681518555,48.143942922031904,46.532059320845775,48.127057280113775,74358000
2017-07-28,47.58827590942383,47.76009120669446,46.94173423733242,47.07481901523198,36276000
2017-07-31,46.951171875,47.73029823943002,46.76395984060058,47.67120417259683,45670000
2017-08-01,47.00381088256836,47.39759456559175,46.92436083815155,47.06588276887445,28052000
2017-08-02,47.057437896728516,47.12993970267792,46.30661590765706,47.09368690541974,40788000
2017-08-03,46.69295120239258,47.17462960558878,46.650246475628165,47.12993966973773,22478000
2017-08-04,46.965576171875,47.05247453865707,46.6681281807343,46.87420350718258,25092000
2017-08-07,46.96358871459961,47.12299268644815,46.8518600744621,47.051483477448954,28916000
2017-08-08,46.88612365722656,47.298281898839306,46.80121049729213,46.89109046901767,30102000
2017-08-09,46.682029724121094,46.86476746659148,46.37613703297374,46.60108698937216,28018000
2017-08-10,45.86317825317383,46.494323238230244,45.7732982851953,46.42976984190643,54148000
2017-08-11,46.185951232910156,46.34832921705523,45.74548863807371,45.8691361011755,32334000
2017-08-14,46.62492370605469,46.729700322419774,46.40444424532348,46.63187572699155,23012000
2017-08-15,46.58271408081055,46.83050531660814,46.511208664031344,46.72920281903163,22130000
2017-08-16,46.890098571777344,47.16966832618652,46.68004524065566,46.740131919675754,26906000
2017-08-17,46.06528091430664,46.867248566254176,46.064288309751625,46.82454383898648,33914000
2017-08-18,45.991790771484375,46.23213369594944,45.85622825437015,46.031517688774066,26748000
2017-08-21,45.728111267089844,46.09458318392788,45.615390020109224,45.97143579935809,26024000
2017-08-22,46.69792175292969,46.775386587747875,45.99129334138037,46.030523955384496,35502000
2017-08-23,46.806175231933594,46.94769715887722,46.44168854941543,46.52908321708336,22690000
2017-08-24,46.52362060546875,46.99139117335831,46.21822422680223,46.86228439017759,25892000
2017-08-25,46.20630645751953,46.71430021032576,46.18644300237907,46.63882059621871,23746000
2017-08-28,46.088623046875,46.422320034160585,45.98831315663476,46.2748386953657,20988000
2017-08-29,46.46700668334961,46.58817262672167,45.65063873232404,45.68242101920254,23172000
2017-08-30,46.85831069946289,46.96904672291328,46.38259171295649,46.4630381436228,22406000
2017-08-31,47.434837341308594,47.53216562932232,46.98841532924905,46.99089684067953,33866000
2017-09-01,47.2734489440918,47.58827887269883,47.18853578897905,47.54557414399536,20858000
2017-09-05,46.751556396484375,47.24366101414896,46.45956770597205,47.01871102663277,29148000
2017-09-06,46.77836227416992,46.9015096374661,46.3145583514059,46.870227441535114,27830000
2017-09-07,47.16917037963867,47.19946376354139,46.555403538823356,46.88910433266215,22332000
2017-09-08,46.74807357788086,47.209392247054666,46.67855337043921,47.159735497248796,19998000
2017-09-11,46.841426849365234,47.3077084957266,46.72770922856847,47.035587108833965,26748000
2017-09-12,47.008277893066406,47.07978330657602,46.55391126449688,47.02168563167034,25696000
2017-09-13,47.196475982666016,47.31615301853787,46.91342837030026,46.95117007251797,21908000
2017-09-14,46.684513092041016,47.0768078586383,46.59661833328357,46.976001662904764,28548000
2017-09-15,46.44417190551758,46.76496126694241,46.24355589975979,46.682529619004086,39886000
2017-09-18,46.169063568115234,46.52212769401143,45.95305463814166,46.43026252398899,29474000
2017-09-19,46.522132873535156,46.57576383244402,46.01562794351241,46.350817648125464,24854000
2017-09-20,47.05247497558594,47.17463353880432,46.55391467645163,46.56533720678607,40080000
2017-09-21,47.05297088623047,47.31367356396197,46.64727216295322,47.0817753629833,27414000
2017-09-22,46.839942932128906,47.17463635086416,46.719773359566695,46.81561275163789,21496000
2017-09-25,46.39401626586914,46.66564137393258,45.90885993792353,46.650744728026176,37468000
2017-09-26,46.55043411254883,46.8806569830849,46.43572766771305,46.513688800646655,33454000
2017-09-27,47.66624069213867,47.940847407459586,46.77488933609088,46.81411994929878,46692000
2017-09-28,47.91006088256836,47.97808839406313,47.45023112356552,47.48499122703871,28018000
2017-09-29,48.352508544921875,48.4562925527233,47.969151014754296,47.969151014754296,40622000
2017-10-02,48.04214859008789,48.55213139355895,47.7680381845732,48.448347386915465,30782000
2017-10-03,48.27106475830078,48.288943004801645,47.80577572126807,48.046611121101414,21666000
2017-10-04,48.00788879394531,48.386279539954444,47.949787324329726,48.255183742281766,21156000
2017-10-05,48.922080993652344,48.9876307861304,48.18119254912472,48.30632892905481,35618000
2017-10-06,49.3416862487793,49.37247593490284,48.590367898277094,48.66435861686855,31060000
2017-10-09,49.2756462097168,49.680352348757864,49.235422989266155,49.4092235203176,25910000
2017-10-10,49.05168533325195,49.531874855580924,48.71947724434681,49.42411663973674,23268000
2017-10-11,49.93807601928711,50.03341910503716,49.058639670559714,49.11326323450886,36300000
2017-10-12,49.93807601928711,50.23055720672213,49.71213344009448,49.848196047645445,30614000
2017-10-13,50.04831314086914,50.39045106261792,50.00808992348855,50.10988872268009,26552000
2017-10-16,50.12179946899414,50.25339154893306,49.73298264478584,50.13570350922492,21420000
2017-10-17,50.203739166259766,50.38052128659426,49.957936929593906,50.026960834492414,20260000
2017-10-18,50.29014205932617,50.46741668296336,49.921681194296724,50.20622151333141,25596000
2017-10-19,49.748878479003906,50.021003692597475,49.52343599195012,49.89338201379376,34284000
2017-10-20,49.909271240234375,50.087042171094225,49.77022704157941,50.00759213185842,32120000
2017-10-23,48.939456939697266,49.945022153887706,48.81829099321889,49.91472877298466,32786000
2017-10-24,49.0859489440918,49.124186952329055,48.51935736122178,48.987131747138214,28902000
2017-10-25,49.233436584472656,49.38091793397652,48.551142126082816,48.9757117138731,30574000
2017-10-26,49.231441497802734,49.980774562640306,49.184266263090024,49.58152780834423,47396000
2017-10-27,51.3294677734375,52.81671130157577,50.990804008509734,51.19638679134067,103682000
2017-10-30,51.30266189575195,51.63536628294803,50.766359911617705,51.10552001718339,46804000
2017-10-31,51.298194885253906,51.69346748536779,50.96350147749355,51.29620967594851,30326000
2017-11-01,51.77291488647461,52.03411384323455,51.34586004770845,51.46106657874977,43262000
2017-11-02,51.791290283203125,51.9179193548002,51.080691456460855,51.64331263518044,26694000
2017-11-03,52.1398811340332,52.17315232737553,51.52710697953897,51.78036130217102,27770000
2017-11-06,51.776885986328125,52.26899431391488,51.743118489051284,52.095690107089816,18294000
2017-11-07,52.259056091308594,52.30970922704865,51.79277446570332,52.12299350963558,26104000
2017-11-08,52.55204772949219,52.77053819847026,51.993897041239954,52.142867298920365,24276000
2017-11-09,52.02716064453125,52.18407550508539,51.437724052962494,52.041064684760954,35892000
2017-11-10,51.849884033203125,51.97303519052219,51.70438790800527,51.83597999249184,19442000
2017-11-13,51.703399658203125,52.077816184401904,51.60706396965148,51.68353620000444,18814000
2017-11-14,51.725250244140625,51.75802514081245,51.113964892389525,51.53059365056782,21012000
2017-11-15,51.46553421020508,51.62543067929891,51.184968094455456,51.39551770397778,18106000
2017-11-16,52.06440353393555,52.227777904926825,51.544490919324424,51.58173253207966,23768000
2017-11-17,51.43971252441406,52.190038230718805,51.33245440236815,52.130451647993425,26712000
2017-11-20,51.378639221191406,51.579255221275744,51.28031453608973,51.44517782730402,17526000
2017-11-21,52.15528106689453,52.15975157627767,51.601104600345096,51.645794539907406,22206000
2017-11-22,52.23572540283203,52.41002222182036,52.003823420762416,52.19798369716838,14538000
2017-11-24,52.46414566040039,52.6404314642922,52.23572159957967,52.35837645120541,16492000
2017-11-27,53.233341217041016,53.28449066074243,52.377246298566796,52.56594724604327,35430000
2017-11-28,52.800331115722656,53.630106864905066,52.36582793510421,53.33166628219338,36424000
2017-11-29,51.51370620727539,52.57588029522122,51.12985235916925,52.44726601324541,55866000
2017-11-30,51.45362091064453,51.8493936020272,51.15071358288769,51.64083296774188,45092000
2017-12-01,50.90241622924805,51.50674564997857,50.496713780883965,51.167585586268565,37762000
2017-12-04,50.2469367980957,51.213771492129005,50.11534471562424,51.03798198828044,38778000
2017-12-05,50.63079071044922,51.47894097114681,49.77271061590405,50.20323956996874,38998000
2017-12-06,51.28230285644531,51.62295187367375,50.41776319360288,50.4778498689434,28710000
2017-12-07,51.87074279785156,52.08675174240578,51.4133983373536,51.44865474324005,30866000
2017-12-08,52.109596252441406,52.45918249383802,51.934799343175996,52.230262114856416,31170000
2017-12-11,52.23820877075195,52.438328470351834,51.84839929720815,52.19550404064159,23254000
2017-12-12,52.079307556152344,52.76110573153569,51.885643565258455,52.14038684057645,33882000
2017-12-13,52.20940399169922,52.41250148924903,51.97054999918829,52.24366779127839,27680000
2017-12-14,52.511322021484375,52.98852991159332,52.31914696411874,52.41300113259816,30962000
2017-12-15,53.232845306396484,53.39423447521856,52.64142725460796,52.824661301183696,63760000
2017-12-18,53.882869720458984,53.952389932484444,53.15191110096207,53.45382582665804,30292000
2017-12-19,53.61917495727539,53.87689978233719,53.24624739682206,53.78006780674288,26350000
2017-12-20,53.31031799316406,53.69119024739217,53.064015651701865,53.67579729819263,28728000
2017-12-21,53.17573928833008,53.5069547589542,53.08387411553404,53.401185545240914,25640000
2017-12-22,53.076927185058594,53.21894542151822,53.01634420423306,53.133535958712216,17788000
2017-12-26,52.92745590209961,53.07692624793845,52.56942492618375,53.06600001983415,18376000
2017-12-27,52.64688491821289,53.04762437647613,52.55650865349434,52.96469643439168,22324000
2017-12-28,52.435848236083984,52.87730346921588,52.30822655638744,52.74868918487407,19884000
2017-12-29,52.3092155456543,52.540124921009514,52.274455442635634,52.41300334098902,23606000
2018-01-02,53.292930603027344,53.43048210425983,52.290346969646514,52.290346969646514,31766000
2018-01-03,54.20216369628906,54.429595175331535,53.30386031030047,53.32868679132137,31318000
2018-01-04,54.4127082824707,54.82585910593442,54.33822505255014,54.478754373376354,26052000
2018-01-05,55.13423156738281,55.29760594286388,54.71263982971305,54.79457516859321,30250000
2018-01-08,55.328895568847656,55.57470161848857,55.119838624206935,55.169495378767486,24644000
2018-01-09,55.25837707519531,55.5389432030721,55.030449299116086,55.5389432030721,26808000
2018-01-10,55.12678527832031,55.25788106765144,54.82089636607006,54.97085921984269,20734000
2018-01-11,55.22163009643555,55.36067050615808,54.94503818383028,55.23454153284793,22424000
2018-01-12,56.145263671875,56.177538476446756,55.021017700252045,55.12480171204202,38586000
2018-01-16,56.147743225097656,57.05051709977311,55.94712722945501,56.62495114176238,36462000
2018-01-17,56.56486892700195,56.575791366189605,55.78971292715813,56.428806325203404,27830000
2018-01-18,56.4094352722168,56.638851942112325,55.83787691226107,56.57727636394682,27498000
2018-01-19,56.78335952758789,56.797263569183215,56.23712769838544,56.51173441417679,30552000
2018-01-22,57.80928039550781,57.9443503832658,56.699931173434564,56.799248455188064,29550000
2018-01-23,58.405670166015625,58.521869311767695,57.96272603883527,58.1300708422983,39138000
2018-01-24,58.1633415222168,58.94594584957529,57.970173846179485,58.843154444192656,37128000
2018-01-25,58.70212173461914,58.84414374542783,58.19065003650471,58.631112623498296,29984000
2018-01-26,58.97126770019531,58.97126770019531,58.00145891691538,58.96977879330763,42170000
2018-01-29,58.917640686035156,59.489695383470256,58.79746733590673,58.993120309446525,31494000
2018-01-30,58.46525955200195,58.98964271166472,58.32323753435696,58.482641498195434,37338000
2018-01-31,58.70609664916992,58.90969424174536,58.20356217452964,58.785050386223745,36022000
2018-02-01,58.6748161315918,58.965812204270236,58.06750499036581,58.39673528514675,73514000
2018-02-02,55.576683044433594,56.17753844741779,55.17793255092181,55.98486707044241,117842000
2018-02-05,52.75563430786133,55.36762005040917,52.475071989564306,54.65354339282685,83550000
2018-02-06,53.85009002685547,53.996578761390936,51.147727863410985,51.344869739743885,76630000
2018-02-07,52.40903091430664,53.95437232711355,52.36980030079335,53.876907493264575,51942000
2018-02-08,50.040374755859375,52.832117193362386,49.89090439764005,52.6305085675889,66792000
2018-02-09,51.955162048339844,52.22579456653236,49.508535579311385,50.942644699709525,98360000
2018-02-12,52.366825103759766,52.91355326590404,51.916432633577266,52.471601723898786,56240000
2018-02-13,52.34596633911133,52.69754158754058,51.987439069853544,52.140383528081415,31586000
2018-02-14,53.26760482788086,53.405156331166495,52.13045127850478,52.35490114383803,41304000
2018-02-15,54.194217681884766,54.33028028169146,52.99598103659152,53.80142661926968,37396000
2018-02-16,54.39979553222656,55.035907260632065,54.20364627565302,54.29451883848713,39948000
2018-02-20,54.80152893066406,55.43217760494987,54.12668283215146,54.263738036919925,33754000
2018-02-21,55.306053161621094,56.42086565320764,54.99619001860539,55.075147552792025,41486000
2018-02-22,55.114864349365234,55.88753501449216,54.8789919557152,55.575190395688715,28010000
2018-02-23,56.01813507080078,56.06332509859273,55.042366895248946,55.5498643946512,25292000
2018-02-26,56.79328918457031,56.81811566364694,56.0802051174554,56.205341483074385,30912000
2018-02-27,55.492759704589844,56.82060321393675,55.45700699707799,56.79329143387391,42964000
2018-02-28,54.81791305541992,55.996286215785624,54.77223051406531,55.71572009515559,49292000
2018-03-01,53.203548431396484,55.182896669608,52.998958231780634,55.09699091100111,55338000
2018-03-02,53.835693359375,53.972252268930404,52.14584836283531,52.53665044904334,50162000
2018-03-05,54.36305236816406,54.68185272053652,53.24625474168803,53.53725079941223,28648000
2018-03-06,54.66794967651367,54.90283326979053,54.350141922947074,54.727540051020135,23382000
2018-03-07,55.37010192871094,55.42770708809224,54.12220861613932,54.26671213400329,30748000
2018-03-08,56.08219909667969,56.18449041281136,55.47736948722941,55.47736948722941,33862000
2018-03-09,57.64442443847656,57.65236906431244,56.32601813786458,56.5847318284133,42662000
2018-03-12,57.897178649902344,58.50448975214629,57.56298156472419,57.85347752786079,44306000
2018-03-13,56.60508728027344,58.49654456453966,56.33991789106401,58.19015556516624,43140000
2018-03-14,57.05101013183594,57.59078620383917,56.72625038684075,56.89756938298735,41870000
2018-03-15,57.13642501831055,57.72685428619265,56.3940476824959,57.08478305770545,33382000
2018-03-16,56.33246612548828,57.44429684750701,56.180514285100074,57.37179883170795,58656000
2018-03-19,54.62673568725586,55.58512193678122,54.07305175559994,55.50517559322201,63656000
2018-03-20,54.414695739746094,54.898855663358916,53.750275796840675,54.54380252699816,54598000
2018-03-21,54.325313568115234,55.05527952923379,53.98813867031982,54.2543044543219,44898000
2018-03-22,52.29680633544922,53.824765812367346,52.12250572238285,53.63060552982255,69312000
2018-03-23,50.975914001464844,52.9736368425676,50.892489752103316,52.20841446588547,49880000
2018-03-26,52.34348678588867,52.60071537335335,50.18288940077642,52.17018254845224,65984000
2018-03-27,50.002132415771484,52.862406005385694,49.53932482421722,52.83062371439159,60816000
2018-03-28,49.91473388671875,50.89845053639923,48.86298972287841,49.75235589290658,77698000
2018-03-29,51.50178527832031,52.04355037711645,49.85812300851257,50.21416875830112,69338000
2018-04-02,50.2846794128418,51.620467506554554,49.37197574603803,51.02904568382517,65068000
2018-04-03,50.585105895996094,50.898943210334416,49.520946673024156,50.45947322523179,51322000
2018-04-04,51.132835388183594,51.28329834185322,49.48420619377547,49.56961565688835,50724000
2018-04-05,51.2783317565918,51.97701177956681,50.84929165268748,51.961122527886616,35836000
2018-04-06,50.15159606933594,51.44517188929705,49.96786194599829,50.80458965170916,40134000
2018-04-09,50.655128479003906,51.8717359050067,50.610931054218156,50.652643178930234,33220000
2018-04-10,51.470008850097656,51.70389605094467,50.422731409142926,51.16014572107723,36620000
2018-04-11,50.90192413330078,51.43872243779296,50.610931860284275,51.24654736424903,34060000
2018-04-12,51.50923156738281,51.87471083487985,50.95108472637966,51.22022831284015,32896000
2018-04-13,51.447166442871094,52.28836481017805,51.15468524543255,51.985953777394286,25410000
2018-04-16,51.94672393798828,52.21139705413696,51.341894286241654,51.919412154671186,29776000
2018-04-17,53.598323822021484,53.87839363905151,52.49245247428239,52.69654636827257,54584000
2018-04-18,53.401187896728516,53.72942177957137,53.159356076861656,53.58094783201243,31126000
2018-04-19,54.099369049072266,54.499608420937356,53.08486657852938,53.08486657852938,39884000
2018-04-20,53.49702453613281,54.3625529712264,53.237810783368175,53.84214404516664,42434000
2018-04-23,53.32272720336914,54.02737039628368,52.96867044312873,53.778086462294134,69590000
2018-04-24,50.78175735473633,52.85992299149523,50.29610846998701,52.59723508996105,128220000
2018-04-25,50.79913330078125,51.448652805436495,50.5021778417112,51.134815491787386,57860000
2018-04-26,51.80817413330078,52.240692109281554,50.67300198042338,51.307128555365445,50926000
2018-04-27,51.219234466552734,52.22479975158579,51.027559488063176,51.91891083882618,40746000
2018-04-30,50.58014678955078,51.562867052071844,50.56624274753138,51.366721556848404,34492000
2018-05-01,51.68104553222656,51.729709673760496,50.184368398935504,50.46691971661562,35326000
2018-05-02,50.95108413696289,51.84144282855697,50.807573221615655,51.345860388309575,34698000
2018-05-03,50.9635009765625,51.181498929842796,50.04930831184697,50.91732212926173,39282000
2018-05-04,52.190040588378906,52.233741711394366,50.55382659530037,50.631291429483035,36892000
2018-05-07,52.61014175415039,52.885244766268144,52.15378990292825,52.33354983515844,34400000
2018-05-08,52.56693649291992,52.89666303909241,52.22181699981872,52.86636965891966,26030000
2018-05-09,54.07454299926758,54.325315845516826,52.741736391339906,52.84055738060697,47160000
2018-05-10,54.89487838745117,55.09053134364843,54.319349624950185,54.37496578584277,36414000
2018-05-11,54.791099548339844,55.07067307445984,54.485210634621545,54.6436182053472,30504000
2018-05-14,54.95100021362305,55.524543825293904,54.86161654761153,54.89985076782042,39338000
2018-05-15,53.87194061279297,54.579561619207226,53.56952581236141,54.46932189052054,35738000
2018-05-16,53.83320617675781,54.344185389500886,53.71105140447794,53.88286671563585,25628000
2018-05-17,53.69267654418945,54.17634018462257,53.452333630874534,53.702610167334704,25738000
2018-05-18,53.115657806396484,53.31875911494589,52.8693592526069,52.93490525680794,35482000
2018-05-21,53.82923889160156,54.290557592318855,53.53079828149444,53.580455034695674,25180000
2018-05-22,53.397212982177734,54.21606630323532,53.24575743425965,54.116752804645515,22226000
2018-05-23,53.92607498168945,54.02737749368181,52.98258144494389,53.1335407139086,23740000
2018-05-24,53.90073776245117,53.98366570467472,53.24774414950821,53.97274326612429,20604000
2018-05-25,53.83271026611328,54.10533177535372,53.75921963900276,53.955365130156125,22224000
2018-05-29,53.03769302368164,53.69664986811712,52.789901791366304,53.43147668986703,36076000
2018-05-30,53.50447463989258,53.57995426234568,52.96221324144176,53.30634015738228,28686000
2018-05-31,54.62325668334961,55.11983174410734,53.53079306510944,53.72942005855889,79368000
2018-06-01,56.361270904541016,56.5181895675051,55.21964302109908,55.26235153862954,63202000
2018-06-04,57.2570915222168,57.496441824139715,56.46058318094902,56.53507019815633,44754000
2018-06-05,57.15678024291992,57.657329500907885,56.980001919057884,57.33753656211115,32964000
2018-06-06,56.95467758178711,57.3400203215828,56.42682031231062,57.24368463663388,34934000
2018-06-07,56.33246612548828,56.901042877007704,55.92030793470756,56.836985788215344,36108000
2018-06-08,56.24755859375,56.54897700475786,55.77680259203301,56.17307157290001,27284000
2018-06-11,56.65424728393555,56.99390747701788,56.182502488140315,56.258974714670835,24796000
2018-06-12,57.01625442504883,57.044062508388954,56.66020866698051,56.66020866698051,26092000
2018-06-13,56.81960678100586,57.38620214134105,56.777398355223234,57.219349858790785,34302000
2018-06-14,57.60816955566406,57.90015441535998,57.135924677487125,57.215874807163566,35422000
2018-06-15,57.566463470458984,57.796872774657245,57.28937522719719,57.598738276228175,44438000
2018-06-18,58.77363204956055,58.80094382951914,57.15578889086182,57.23970943987872,33038000
2018-06-19,58.53080749511719,58.73539390461776,57.68265720009853,58.10474524418787,47282000
2018-06-20,58.7979621887207,59.66299812855992,58.69666348265127,58.75972796994395,51686000
2018-06-21,58.07147979736328,59.10882365663729,57.77552069834672,58.86947712071811,44966000
2018-06-22,58.064022064208984,58.34756598180961,57.58532149281177,58.173269176898806,34220000
2018-06-25,56.57380676269531,57.40358254449578,55.611442493783244,57.35442209620706,57682000
2018-06-26,56.243080139160156,56.950697265854835,56.063320225319536,56.81513477139679,34688000
2018-06-27,55.46445846557617,56.91793473021804,55.45253963287389,56.41092971229615,34538000
2018-06-28,55.95308303833008,56.31161027772536,54.924676555101556,55.23851007085474,29726000
2018-06-29,56.072757720947266,56.67709098438599,55.96500329861254,56.22769116801072,31562000
2018-07-02,56.71433639526367,56.75803751842146,54.9510008115559,55.38550401161837,23216000
2018-07-03,55.43168640136719,57.101668006377174,55.33982121696563,57.07733782598181,16448000
2018-07-05,56.67361068725586,56.81513638976616,55.77133318810046,55.84482759604021,28594000
2018-07-06,57.358394622802734,57.414010788010465,56.47250260924555,56.69745257010211,21820000
2018-07-09,57.964210510253906,57.99648910065037,57.4651539519023,57.602705452081246,21584000
2018-07-10,57.95725631713867,58.27307882321314,57.72982486321295,58.09878201874034,21334000
2018-07-11,58.171791076660156,58.61771305080875,57.372801129691815,57.38521247688482,33252000
2018-07-12,59.651573181152344,59.68782218932008,58.25321692428538,58.340615374266726,44148000
2018-07-13,59.808494567871094,60.10743145334592,59.355120533932975,59.72804813448699,32612000
2018-07-16,59.415706634521484,60.02152885106319,59.261269477937034,59.77820432896544,26784000
2018-07-17,60.238529205322266,60.52058424508917,58.695173006314576,58.7319221081929,40162000
2018-07-18,60.23008728027344,60.661112563929755,59.81544754950289,60.012585640696145,38948000
2018-07-19,59.54431915283203,60.407366119256885,59.47628785220785,59.91923197114627,38338000
2018-07-20,59.48373031616211,60.12381625317306,59.419669440239254,59.55126530783523,37938000
2018-07-23,60.1352424621582,60.33884006696403,59.19224533856686,59.3734979736454,65446000
2018-07-24,62.476600646972656,63.31332852136437,61.78089841098949,63.114697713387756,107600000
2018-07-25,63.36000061035156,63.4742107553043,62.02470875673829,62.201987178843154,51104000
2018-07-26,63.83473205566406,63.92908253912696,62.71743805554323,62.92500608830765,54686000
2018-07-27,62.21540069580078,64.12969565437895,61.798275626563374,64.01449289413725,48362000
2018-07-30,61.08072280883789,62.21539873641477,60.78923422389018,61.826081764816344,43896000
2018-07-31,60.9406852722168,61.63539481960726,60.39296455080471,61.163646234061574,39382000
2018-08-01,61.22720718383789,61.86828194893193,60.82746412810714,61.5311108635598,36994000
2018-08-02,61.63142395019531,61.79430203537155,60.485825605623155,60.50767427321739,34704000
2018-08-03,61.483943939208984,61.89907999822666,61.04993702608121,61.83253760079852,21264000
2018-08-06,61.45960235595703,61.697463740749235,61.10504932181174,61.65525531682005,22114000
2018-08-07,62.36188507080078,62.870378986521,62.16126907056883,62.17169520757029,42506000
2018-08-08,62.63450241088867,63.15044082686508,62.17715418313749,62.405578251592914,34344000
2018-08-09,62.7899284362793,63.16235972430303,62.57342319929309,62.70402268009503,27326000
2018-08-10,62.19651794433594,62.628043276062456,61.93085227703722,62.52773339381172,26602000
2018-08-13,62.00435256958008,62.86491806750739,61.924406221220146,62.13147794723232,27500000
2018-08-14,62.47610092163086,62.59775939606825,61.55247093542663,62.1960310809861,28080000
2018-08-15,61.18897247314453,62.170203767134936,60.89202079763251,61.787842635597315,37052000
2018-08-16,60.78376388549805,61.75903951359976,60.56378074725356,61.67412257464149,32176000
2018-08-17,60.37607955932617,60.927278191280145,59.78763931247009,60.683461164968854,33092000
2018-08-20,60.678993225097656,60.87563881038193,60.02103274351939,60.61493612932679,22218000
2018-08-21,60.45354461669922,61.21578917211743,60.335360264593454,60.73212553604658,23082000
2018-08-22,60.669063568115234,60.90642488678116,60.24548280080623,60.29513955244631,22296000
2018-08-23,60.6397590637207,61.33546121196604,60.54987909854594,60.57619827398301,24666000
2018-08-24,61.41392517089844,61.44619997520723,60.652673201303166,60.880104681225795,24454000
2018-08-27,62.383235931396484,62.46268976131002,61.60907633486965,61.78089164291888,28580000
2018-08-28,61.866302490234375,62.397637676874744,61.72279156401181,62.36486278187075,27330000
2018-08-29,62.79936218261719,62.92450233883406,62.21092195787059,62.3201690755682,36926000
2018-08-30,62.29236602783203,63.03971017819663,61.93334244809685,62.737295370987205,30104000
2018-08-31,61.16811752319336,62.19850928221183,60.8676879376506,62.181627427041164,42308000
2018-09-04,60.150634765625,60.972966013012716,59.91476235882163,60.70729652499204,41458000
2018-09-05,59.54431915283203,60.327415986324205,58.36445325703717,60.0468498561786,53988000
2018-09-06,58.79399490356445,59.53885753593138,57.78197387354017,59.51800147315072,46854000
2018-09-07,58.47618865966797,59.02043530382708,58.06303781188098,58.19860032917103,32658000
2018-09-10,58.35055160522461,58.92658053520857,58.129575839004474,58.804421970461505,27670000
2018-09-11,59.09193801879883,59.13911325741079,57.89817186389085,58.15390772614469,29254000
2018-09-12,58.17873764038086,59.12669776184592,57.90859764733108,58.695172384751274,35716000
2018-09-13,58.70212173461914,58.98616575623651,58.060546857451136,58.58095957366541,40068000
2018-09-14,58.495548248291016,58.99311971042389,58.274076191844806,58.99311971042389,24176000
2018-09-17,57.59426498413086,58.686232278541894,57.526233686904234,58.485119989073816,34096000
2018-09-18,57.95577621459961,58.66190834598999,57.67372116161851,57.734800444942145,32314000
2018-09-19,58.31132125854492,58.41063475634106,57.53418006773367,58.04764077738549,25962000
2018-09-20,59.1703987121582,59.29106837226901,58.409646802027595,58.629133665512555,29244000
2018-09-21,58.204559326171875,59.41918159029943,58.201581512248055,59.33674994226577,91222000
2018-09-24,58.57400894165039,58.853578672277656,57.18061943196869,57.57341048981935,31150000
2018-09-25,59.28559875488281,59.43308009027321,58.30237848657922,58.80690195128173,33152000
2018-09-26,59.294044494628906,59.94853085921403,58.86401179898062,59.27567373185273,37650000
2018-09-27,59.95448684692383,60.42623164142763,59.49217558442596,59.589007570184826,36274000
2018-09-28,59.940582275390625,60.0086135736764,59.4812488306747,59.7921045446384,35612000
2018-10-01,60.01258087158203,60.79071461487952,59.747411501306566,60.23455300274616,33164000
2018-10-02,59.9683952331543,60.806615758270944,59.57213003168729,59.92022738792793,40180000
2018-10-03,60.16156005859375,60.29315215050966,59.69577087990158,60.18489763233136,26246000
2018-10-04,58.45035934448242,59.88198302089639,57.793887830303355,59.838781992045575,46576000
2018-10-05,57.99152374267578,58.69517051098388,57.32065186785569,58.397226233030224,31852000
2018-10-08,57.400108337402344,58.390276899596834,56.38113529865523,57.602709546478344,46190000
2018-10-09,56.86628723144531,57.6796774498576,56.81663048146986,57.17118354063311,33690000
2018-10-10,54.233943939208984,56.46157970876179,54.20166534767651,56.43079002409225,58980000
2018-10-11,54.163429260253906,55.4207600049258,53.42601496027823,53.58243732347526,67696000
2018-10-12,55.643226623535156,55.90591451777599,54.376462302064155,55.59853289452526,49370000
2018-10-15,54.744422912597656,55.70579074998411,54.53486590213734,55.517093589822906,30074000
2018-10-16,56.265926361083984,56.429300738232605,55.20673393788284,55.29263969587382,38378000
2018-10-17,55.99331283569336,56.95716225236894,55.3184667013269,56.6095611990299,35652000
2018-10-18,54.519474029541016,56.229678702436445,53.94493782172068,56.11298325717906,46152000
2018-10-19,54.88048553466797,55.66358619144851,54.47577940620576,54.807491207818124,41286000
2018-10-22,55.187862396240234,55.70032670121513,54.62325604352703,55.24447116448159,27116000
2018-10-23,55.3636474609375,55.51709200009875,53.58094485333182,54.190737437531055,37686000
2018-10-24,52.49393844604492,55.44856214064187,52.39164335362954,55.368115713015186,49286000
2018-10-25,54.80152893066406,55.508153530326545,53.40913200486425,53.64500440628176,72956000
2018-10-26,53.81632614135742,55.46743682357767,51.75454612630108,52.057457238578884,106438000
2018-10-29,51.38211441040039,55.061737669802305,50.01504399704819,54.451444940467006,81290000
2018-10-30,52.11604690551758,52.18507080798174,50.35122252103011,50.65115200598429,59768000
2018-10-31,54.15548324584961,55.020519198863425,53.044148755900416,53.044148755900416,70916000
2018-11-01,53.92705535888672,54.6182869579438,53.52184919136238,54.19619893653242,40132000
2018-11-02,53.207523345947266,54.523944344918306,53.01733348728428,54.077026023028715,43438000
2018-11-05,52.4249153137207,53.29988104253075,51.345859487915234,53.25916152587014,45358000
2018-11-06,53.112178802490234,53.621168994273006,52.319644677121005,52.38966118438446,28660000
2018-11-07,55.03242874145508,55.1163492833065,53.65939911504816,53.80340632539145,43388000
2018-11-08,54.35660171508789,55.0314478868205,53.84661884880092,54.98576533931927,33694000
2018-11-09,53.48213195800781,54.04474935157687,52.84850165956711,53.82973300484804,34860000
2018-11-12,52.10860061645508,53.337130656375315,51.66118977724127,53.28896281345424,34002000
2018-11-13,52.03957748413086,52.96817425261461,51.663672055984854,52.37923768968212,25750000
2018-11-14,52.36781311035156,52.92447484735371,51.69892643954687,52.63695670370338,34666000
2018-11-15,53.185672760009766,53.57399330003422,51.707862643052565,52.21288241227538,41584000
2018-11-16,53.04762268066406,53.254694378119986,52.383699074374555,52.896663446589216,35366000
2018-11-19,51.01911544799805,53.034220251724,50.79317666508989,52.805296077851644,45684000
2018-11-20,51.169578552246094,51.512216572083716,49.767251759578734,50.01950971969448,54458000
2018-11-21,51.81413650512695,52.374272396289506,51.61699461554681,51.90749059270372,29698000
2018-11-23,51.15220260620117,51.79278494602068,51.07374137557679,51.32103632332067,14178000
2018-11-26,52.43534851074219,52.487983073476805,51.6323844450814,51.84243775943093,31558000
2018-11-27,52.25360107421875,52.97264461056947,51.91692626059895,52.206925926200434,33048000
2018-11-28,54.215572357177734,54.26870701340177,51.79029827591175,52.51083073428073,46042000
2018-11-29,54.35411071777344,54.63070262052612,53.7294177122673,53.80539363262839,31004000
2018-11-30,55.10245132446289,55.10245132446289,53.788019314758785,54.406256646407606,59668000
2018-12-03,55.43565368652344,56.36126880199864,55.20573692020723,56.22024318350778,57532000
2018-12-04,52.759613037109375,55.33038318123331,52.675692485555366,55.268311296593296,45630000
2018-12-06,53.534767150878906,53.60130954715465,51.766961025816045,51.892097404146035,47436000
2018-12-07,51.970550537109375,53.87988222444343,51.6125195900565,53.2442667619824,42682000
2018-12-10,52.29829406738281,52.617094416433666,51.29620668889493,51.78980016082642,33652000
2018-12-11,52.71889114379883,53.15339431671857,52.14534756171549,52.98157901437584,33852000
2018-12-12,53.318756103515625,54.21258896587803,53.23135764761644,53.48510829910612,28960000
2018-12-13,53.3093147277832,54.04822165691647,52.88474519231155,53.41508772638075,24986000
2018-12-14,52.22529220581055,53.21893858533403,52.10909307090876,52.63794669939201,36358000
2018-12-17,50.93122100830078,52.755139431940876,50.48331010286404,51.99190231023876,49932000
2018-12-18,51.813140869140625,52.62156426154026,51.17106588133121,51.34586279057288,43640000
2018-12-19,51.418357849121094,53.41707314047551,50.6223496369844,52.00580545395999,58264000
2018-12-20,50.828433990478516,52.013262945096464,50.04781864487211,50.94860355609423,53674000
2018-12-21,49.22300338745117,51.52810399378867,48.72345050801858,51.24853426247188,104656000
2018-12-24,48.89625930786133,50.259355463309994,48.5481581801127,48.878877361733565,36360000
2018-12-26,52.03361511230469,52.063408401062034,49.29251888962667,49.55769204069396,46318000
2018-12-27,52.28438949584961,52.30623816241729,50.005107957942045,50.95853497021103,45996000
2018-12-28,51.975521087646484,52.847009005559165,51.74312279410953,52.61212920045971,34398000
2018-12-31,51.89011001586914,52.78543557125046,51.29819186096392,52.52919962040073,33110000
2019-01-02,52.37278366088867,52.676191076499855,50.91285165838382,51.00819474412112,31868000
2019-01-03,50.922279357910156,52.94781013549516,50.76834230728977,52.17365058487447,41960000
2019-01-04,53.53426742553711,53.63010680671193,51.48788049970331,51.77092813408494,46022000
2019-01-07,53.4275016784668,53.7641764549808,52.768048588430865,53.67827070297829,47446000
2019-01-08,53.89676284790039,54.29302797619544,53.05159045776988,53.92804504269299,35414000
2019-01-09,53.71204376220703,54.20812253786624,53.35053489292868,54.02687369520953,26998000
2019-01-10,53.5720100402832,53.62067418512617,52.86935585954434,53.3788423677952,26598000
2019-01-11,52.858924865722656,53.300876367299786,52.45967809202264,53.12856476037048,30864000
2019-01-14,52.21536636352539,52.55998958791349,52.068381322887504,52.30623893575367,28490000
2019-01-15,53.953372955322266,54.040771401447394,52.36085650329552,52.53813490676048,37518000
2019-01-16,54.10234451293945,54.74044524745018,54.027861289007085,54.12667847770637,38280000
2019-01-17,54.57956314086914,54.6580205814156,53.79199197865768,54.02687557511327,24896000
2019-01-18,54.985755920410156,55.51709106238488,54.58750176791932,55.04981300954938,44892000
2019-01-22,53.562076568603516,54.57211235808889,53.17772643171997,54.42462722769224,39632000
2019-01-23,53.84910202026367,54.27317531205304,53.0128704811543,53.97076049657529,25194000
2019-01-24,53.828739166259766,54.02736995500105,53.13452590455034,53.754748449211625,29114000
2019-01-25,54.698238372802734,54.790103543964456,54.216063669778805,54.3367295268186,23260000
2019-01-28,53.6231575012207,54.29402941484541,53.36245482221904,54.13016251506108,29334000
2019-01-29,53.136512756347656,53.86498984216276,52.935896752201856,53.68175199621417,19704000
2019-01-30,54.52344512939453,54.59942105062795,53.46325634800232,53.499009054129765,29452000
2019-01-31,55.90888595581055,55.99727701053749,54.883957370778205,55.231062083093484,40232000
2019-02-01,55.54787826538086,56.331475152825305,55.33087672539167,55.73011970324705,33116000
2019-02-04,56.68006896972656,56.72575529919954,55.492758591376344,55.567245607195915,78408000
2019-02-05,57.19899368286133,57.24368741144523,55.79517795093981,56.09461115703942,82296000
2019-02-06,55.759918212890625,57.304763270738334,55.534968253588666,57.06988347710381,48256000
2019-02-07,54.91673278808594,55.218647477108,54.30495120800824,55.21020654993754,38298000
2019-02-08,54.74143981933594,54.87650980891239,54.33723003228638,54.3690085320218,21766000
2019-02-11,54.72853088378906,55.29015944262703,54.6232579686131,54.809473620778824,18498000
2019-02-12,55.99281311035156,56.25500468557506,55.1699855860319,55.1699855860319,35036000
2019-02-13,56.044952392578125,56.7510844857334,55.9143529048766,56.26394294106998,28042000
2019-02-14,56.07325744628906,56.41738437271586,55.471905748361294,55.86469682074773,21106000
2019-02-15,55.5980339050293,56.57479850303521,55.45353037620814,56.57479850303521,27826000
2019-02-19,55.93967819213867,56.0951041569781,55.44955884492726,55.44955884492726,21980000
2019-02-20,55.64570236206055,56.15916305296114,55.20673247463734,56.057364258869114,24090000
2019-02-21,54.832313537597656,55.574198314160704,54.52294672955471,55.55582376397569,33272000
2019-02-22,55.445579528808594,55.47984332640706,54.6480824414276,55.10493055036259,29436000
2019-02-25,55.48382568359375,55.884561389408304,55.323929200834094,55.71224977161717,26208000
2019-02-26,55.716224670410156,55.93620784818574,54.95596902126862,55.33684129937307,35026000
2019-02-27,55.759918212890625,55.900943834102165,55.048326811384115,55.3189593126098,22092000
2019-02-28,55.94166564941406,56.31111914967775,55.53745583327619,55.56675282375527,27422000
2019-03-01,57.03264236450195,57.10613678293325,56.16264333054523,56.16264333054523,34086000
2019-03-04,57.275962829589844,57.87681820631687,56.52265551266537,57.33257159923275,35490000
2019-03-05,58.05906677246094,58.42156828298498,57.25610639658438,57.404084057188236,40094000
2019-03-06,57.84801483154297,58.334656253226555,57.75416066307767,58.18667861765209,23602000
2019-03-07,57.14834213256836,57.780483507204465,56.69447178597159,57.627539050675985,30086000
2019-03-08,57.10464096069336,57.27744886326306,56.12290961671496,56.306643746259674,23694000
2019-03-11,58.55911636352539,58.59139116873251,57.18409752010903,57.205449885662176,30032000
2019-03-12,59.452449798583984,59.87255264332162,58.71007248986403,58.71007248986403,42220000
2019-03-13,59.54233169555664,59.94257109573969,59.48522662116568,59.883480812101666,25888000
2019-03-14,59.21806335449219,59.82239661214075,59.15350996216499,59.540341590991154,27302000
2019-03-15,59.10733413696289,59.67442205818567,58.94395974539873,59.48969908937818,51886000
2019-03-18,59.02043151855469,59.338239259767114,58.66935258091703,59.07704028842328,24442000
2019-03-19,59.71116256713867,59.75833780149012,59.06561350818583,59.17783843526249,29788000
2019-03-20,60.901458740234375,61.078240869656625,59.56865211419265,59.65853208587011,41508000
2019-03-21,61.38313293457031,61.3985258826227,60.41232777418861,60.58215787075375,28150000
2019-03-22,59.968894958496094,61.25899692734561,59.886959607845455,61.02163559248809,34422000
2019-03-25,59.45890808105469,60.05777828080662,59.09243617698376,59.56716260325463,27576000
2019-03-26,59.08448791503906,59.968887223940904,58.683255930629606,59.8467286672463,30752000
2019-03-27,58.497039794921875,59.187775126447654,57.81275639306733,59.187775126447654,29428000
2019-03-28,58.212005615234375,58.45930055069322,57.77303569939023,58.37240218481064,22402000
2019-03-29,58.44142150878906,58.792996728883566,57.91951989783895,58.604792090809504,30890000
2019-04-01,59.53836441040039,59.59894360416182,58.91168610035295,58.97028008476285,27706000
2019-04-02,59.864105224609375,59.8775129622731,59.15400279637398,59.591483751158115,18288000
2019-04-03,60.12580490112305,60.61195003139144,59.84126836433833,60.219655283116424,22180000
2019-04-04,60.554847717285156,60.6094712789344,60.037912879388585,60.149641514192155,21022000
2019-04-05,60.157588958740234,60.601529493519976,60.087076143019665,60.54740223163518,20012000
2019-04-08,60.00017166137695,60.28172659325357,59.82239694464487,60.14070097617841,21750000
2019-04-09,59.72258377075195,59.944055820499464,59.508560043728515,59.682860645745926,19668000
2019-04-10,59.909305572509766,60.03295305406139,59.62179117550781,59.84177435460807,15510000
2019-04-11,60.065223693847656,60.221646053196345,59.81445464745042,60.03095989279288,16998000
2019-04-12,60.71772003173828,60.73360928099628,60.248953081525734,60.36465212375039,24312000
2019-04-15,60.90641784667969,61.04396934384935,60.31201822552015,60.785251901201406,23796000
2019-04-16,61.173583984375,61.37568889802249,60.83243486055661,61.07873720086424,22622000
2019-04-17,61.58225631713867,61.82855862543378,61.22273647698652,61.42633027113945,30366000
2019-04-18,61.6483039855957,61.87027233468712,61.54600888935208,61.823593401284,24750000
2019-04-22,62.258602142333984,62.28740283258474,61.24608474248444,61.40995544178808,19084000
2019-04-23,63.09433364868164,63.285019817506196,62.16971107022963,62.4016130625987,31868000
2019-04-24,62.57093811035156,63.26366243000915,62.55902306717139,63.09432863987201,23396000
2019-04-25,62.932945251464844,63.20407405659304,62.46914507746081,63.07993028957787,31344000
2019-04-26,63.43349075317383,63.50748146882299,62.81674612484598,63.23287475902277,27228000
2019-04-29,64.36605834960938,64.40430014627246,63.1499472420338,63.5869319411135,72368000
2019-04-30,59.5373649597168,59.637671060379766,58.744830834328255,59.12371784577644,133178000
2019-05-01,58.2641487121582,59.55176906979021,58.18270967014903,59.464866913779495,74340000
2019-05-02,57.92597961425781,58.56507300935367,57.51978080850767,58.22839441108475,45098000
2019-05-03,59.07008743286133,59.16195260702625,58.275568091060066,58.46724306452287,41588000
2019-05-06,59.264251708984375,59.362076305747784,58.156887578525684,58.198599704716194,31774000
2019-05-07,58.53925323486328,59.329302130484535,57.85099935579295,58.88437277904828,36604000
2019-05-08,58.13801956176758,58.80789887001403,57.98159719682957,58.461286640169675,25520000
2019-05-09,57.998477935791016,58.30138903648477,57.33654326582937,57.73181963448864,29556000
2019-05-10,57.982093811035156,58.41113390101427,56.92587913956529,58.041684185752864,31650000
2019-05-13,56.44022750854492,57.20396101137546,55.88952893618015,56.86976769716593,45626000
2019-05-14,55.85774612426758,56.85139261583485,55.79170003032995,56.72476733058976,40392000
2019-05-15,58.13901138305664,58.511442693744634,55.68592927098354,55.74303434449022,59302000
2019-05-16,58.819313049316406,59.299006244015615,58.02231221712401,58.190649613030295,35308000
2019-05-17,58.038700103759766,58.908202776914415,57.921508357152064,58.38878643670616,25362000
2019-05-20,56.84096908569336,57.2551125517545,56.517201896988176,57.2551125517545,30602000
2019-05-21,57.32661056518555,57.50339267832459,56.77392304619659,57.32859577429114,20562000
2019-05-22,57.396629333496094,57.79041300251401,57.15579012010887,57.168205254641975,18826000
2019-05-23,56.874732971191406,57.1086201855888,56.269907113210174,56.910985773565564,25214000
2019-05-24,56.5405387878418,57.32264307284794,56.44618830433686,57.20545131625227,18554000
2019-05-28,56.587703704833984,57.42840560903065,56.54350628515277,56.68304677561208,20948000
2019-05-29,55.613433837890625,56.36127430790533,55.21666854156333,56.24706036700778,36230000
2019-05-30,55.68642807006836,55.954082778088384,55.412813945564984,55.62385987984428,18088000
2019-05-31,54.94602966308594,55.288663869008694,54.78960731106813,54.903324936483905,31582000
2019-06-03,51.581233978271484,52.98455319871045,50.99974581100483,52.98107908300283,96890000
2019-06-04,52.363346099853516,52.559495384537534,51.44666813846633,51.86677100343246,60512000
2019-06-05,51.87422180175781,52.47855514743682,51.29621142310872,52.38867517193051,46988000
2019-06-06,52.029151916503906,52.140384251303416,51.42084819128549,51.952183384017985,29020000
2019-06-07,53.052589416503906,53.30385855223438,52.19748709077707,52.35291684459517,43828000
2019-06-10,53.76716232299805,54.367025093560684,53.39572362813272,53.481133084662005,28510000
2019-06-11,53.68174362182617,54.82237876608126,53.60874930707738,54.473781377646084,33508000
2019-06-12,53.58541488647461,53.75524118767845,53.11366632091888,53.62762331064165,23670000
2019-06-13,54.17683792114258,54.453926154869045,53.7577314543571,53.86399697799452,20814000
2019-06-14,53.94294738769531,54.36305022172289,53.70360087599848,54.1137700872315,24582000
2019-06-17,54.31985092163086,54.68681911452546,54.02736974779946,54.08199330920801,19770000
2019-06-18,54.883460998535156,55.55582175690148,54.662485256283006,55.19431670219781,34526000
2019-06-19,54.84720993041992,55.0915270411147,54.42611449349191,54.98277622449,26714000
2019-06-20,55.27873611450195,55.751477304227194,54.97085821014935,55.70082416226947,24018000
2019-06-21,55.88307189941406,55.94265848523578,55.105930675072905,55.112882695989924,50774000
2019-06-24,55.452537536621094,55.793686642714576,55.28420013247602,55.61640822009714,24236000
2019-06-25,54.00651168823242,55.402878991466125,53.85853026017643,55.3720930958086,31644000
2019-06-26,53.64599609375,54.38092885450008,53.31676961512421,54.17633865543506,34698000
2019-06-27,53.462764739990234,54.05021240275102,53.42403042828709,53.96529924467173,24078000
2019-06-28,53.76914978027344,53.76914978027344,53.32223144454189,53.492557850999894,33672000
2019-07-01,54.62325668334961,55.04981523640269,54.39135470547454,54.674898640847694,29196000
2019-07-02,55.24894714355469,55.26334748817981,54.606875897649,54.863108075505096,20630000
2019-07-03,55.76488494873047,56.01317248094592,55.36067136116541,55.54192019888391,20154000
2019-07-05,56.24557113647461,56.34389203663458,55.49226755662687,55.58512534265188,29794000
2019-07-08,55.457008361816406,55.97443950031505,55.2072319168068,55.90789710652554,29888000
2019-07-09,55.829437255859375,56.0067156718243,54.978305369170165,55.13572032831668,29472000
2019-07-10,56.65475082397461,56.72575994109737,56.145760594218096,56.228192241785564,30710000
2019-07-11,56.81216049194336,57.26702344838608,56.58622170920299,56.91544819980678,26004000
2019-07-12,56.874732971191406,56.981994894152756,56.538058132046054,56.75505970111147,21878000
2019-07-15,57.1314582824707,57.139899209823874,56.6095566534803,56.87472603736857,21164000
2019-07-16,57.2779541015625,57.53220107814403,56.94375698495802,56.94375698495802,25352000
2019-07-17,56.94425582885742,57.52524779704133,56.93829641230518,57.15182386068483,19538000
2019-07-18,56.969078063964844,57.01526069737615,56.25500514124155,56.70887169579786,25450000
2019-07-19,56.1899528503418,57.184591922191956,56.17505620403855,57.07236698404478,23184000
2019-07-22,56.57033157348633,56.610554793626235,55.875129454651194,56.38461221072111,28914000
2019-07-23,57.00930404663086,57.04952726588533,56.25451156769626,56.780879957103714,20648000
2019-07-24,56.596153259277344,56.88068981968877,56.03899518269307,56.24308909308298,27192000
2019-07-25,56.407955169677734,56.78783483412943,55.800644008899134,56.55742173517039,54762000
2019-07-26,61.83452224731445,62.98508355909175,60.97941991885774,60.97941991885774,121216000
2019-07-29,61.666683197021484,62.02173637462069,61.08866903523701,61.699458094205674,41382000
2019-07-30,60.97941970825195,61.42186751683444,60.84633492322061,60.92975917072659,28616000
2019-07-31,60.492774963378906,61.32255072451649,59.995207288072685,60.8239904446225,39960000
2019-08-01,60.173980712890625,61.391580848667786,59.936615592516354,60.464476704063244,35426000
2019-08-02,59.406272888183594,60.06075546050854,59.092435553008,59.73798468371987,34910000
2019-08-05,57.342002868652344,58.44092596469074,56.746114326909705,58.24676190835826,47840000
2019-08-06,58.15290832519531,58.66537259441414,57.678678271558795,57.87681273514614,36014000
2019-08-07,58.39276123046875,58.58940302004811,57.147845640683784,57.49346146790648,30686000
2019-08-08,59.896392822265625,59.90085954311422,58.29791671780245,58.91515767971558,30116000
2019-08-09,59.03780746459961,59.81047812212329,58.83868038436619,59.58850977159445,20418000
2019-08-12,58.3227424621582,58.87443741421299,58.035724395583195,58.59586027547929,22064000
2019-08-13,59.4266242980957,59.85864595596713,58.247758643856116,58.31528985018725,28434000
2019-08-14,57.813758850097656,58.73440725765192,57.655847570688955,58.40071023765916,35430000
2019-08-15,58.065521240234375,58.41808911899931,57.75168767544084,58.021327600516415,28506000
2019-08-16,58.55662536621094,58.7865421302725,58.24825495721411,58.63508658828016,24916000
2019-08-19,59.610862731933594,60.05529958341984,59.11230240537845,59.18331152572119,24450000
2019-08-20,58.77115249633789,59.489699772939304,58.74731861861278,59.35810767169881,20206000
2019-08-21,59.170894622802734,59.61682036799138,58.989149468913794,59.38144425440821,14152000
2019-08-22,59.16791915893555,59.52843166707953,58.541737141963225,59.28113671072704,17352000
2019-08-23,57.28390884399414,59.37399317082415,57.10613411697356,58.852587822155336,36254000
2019-08-26,58.157875061035156,58.19164255858214,57.34697018333334,57.575394252625415,21166000
2019-08-27,58.1400032043457,58.84414629589712,57.82914748065645,58.74483279647858,23460000
2019-08-28,58.28549575805664,58.52136814611601,57.615120206731675,57.84453687675425,16810000
2019-08-29,59.30298614501953,59.54878839323823,58.85805300949159,58.91466178250152,19636000
2019-08-30,59.11875534057617,59.60639320411449,58.87990132626032,59.60639320411449,18064000
2019-09-03,58.076934814453125,59.046743535519134,57.78693517243503,58.68771999312835,25908000
2019-09-04,58.70857620239258,58.83818307640989,58.175255849797125,58.568543192236845,21312000
2019-09-05,60.194332122802734,60.284212086003684,59.22600849801373,59.27417633868718,26394000
2019-09-06,59.90285110473633,60.232077617336955,59.75089545233243,60.042884135331775,18972000
2019-09-09,59.85070037841797,60.60946698298001,59.24984503143165,59.94058033990465,31854000
2019-09-10,59.8720588684082,60.08558631014397,59.39087672388597,59.39485093098628,27922000
2019-09-11,60.582157135009766,60.704811992785714,59.70222455533278,59.78217468548401,23522000
2019-09-12,61.325538635253906,61.69548467631163,60.70928645410847,60.75447648747051,31644000
2019-09-13,61.57680130004883,61.627454445543314,60.93373745487727,61.18351391181864,23676000
2019-09-16,61.15968322753906,61.52665145753392,60.83988645210498,61.100589150899516,28218000
2019-09-17,61.07277297973633,61.32701992576681,60.74850952609003,61.15967513068549,20806000
2019-09-18,61.2103271484375,61.38859817864683,60.40687054530047,61.09065388731217,17440000
2019-09-19,61.51323699951172,61.790821524994314,61.19344404756771,61.193940349862515,16554000
2019-09-20,61.07079315185547,61.7143533044553,60.75993740960132,61.25949032744689,37692000
2019-09-23,61.31163024902344,61.559421490024434,60.76986513224121,60.9084092480147,20798000
2019-09-24,60.49922561645508,61.92836773199703,60.117360813237006,61.57530361368147,35804000
2019-09-25,61.870277404785156,61.97356511403408,60.04585874292837,60.38402625668543,26798000
2019-09-26,61.689022064208984,61.80721020331351,61.16910942458877,61.68157374129965,23166000
2019-09-27,60.87762451171875,61.82310316128631,60.34380401027815,61.715841243252015,34122000
2019-09-30,60.638771057128906,60.95012309970523,60.25541729192277,60.61195557737233,24470000
2019-10-01,59.88694763183594,61.22075046077651,59.86460266482722,60.70580088367243,24504000
2019-10-02,58.492576599121094,59.52743897009226,58.22988869333891,59.41521402316523,33030000
2019-10-03,59.06413269042969,59.142093829639,57.75863783972223,58.76171787776058,28368000
2019-10-04,60.13325500488281,60.20774202308976,59.14060116726233,59.30546445419043,24282000
2019-10-07,59.99868392944336,60.52803391667394,59.80551624911209,59.93661204299098,17040000
2019-10-08,59.09889221191406,59.930156923227834,59.066613618294724,59.52793230733842,20086000
2019-10-09,59.70818328857422,60.0091091647672,59.49564846887699,59.655052425075155,15948000
2019-10-10,60.05926513671875,60.36465774825407,59.48274371519291,59.51948902823837,12842000
2019-10-11,60.3691291809082,61.01666351549594,60.26633777470151,60.782280014965835,22330000
2019-10-14,60.4714241027832,60.87414501003201,60.17894292459229,60.27875272808499,13296000
2019-10-15,61.686546325683594,61.929370767813495,60.62785009466369,60.65665078441736,27584000
2019-10-16,61.724281311035156,62.279946649807165,61.50230916832844,61.66518724238966,22986000
2019-10-17,62.21092224121094,62.754672532230664,62.06542611389898,62.14140203664437,20958000
2019-10-18,61.7943000793457,62.47460550996362,61.582261551652444,62.30477919774274,31624000
2019-10-21,61.787841796875,62.24617884621241,61.574810673421815,62.007328638527795,18094000
2019-10-22,61.6348991394043,62.008819349312326,61.56786044406074,61.79777342883717,22862000
2019-10-23,62.45077896118164,62.471138723573006,61.58574668214673,61.58574668214673,21282000
2019-10-24,62.524261474609375,62.71246232386508,62.188575504557384,62.524261474609375,20224000
2019-10-25,62.78199005126953,62.96572420217347,62.02967907777432,62.17120101123446,27104000
2019-10-28,64.00753021240234,64.51701671378481,63.17974345893665,63.31332075716496,65428000
2019-10-29,62.601234436035156,63.601336608238725,62.35046159811055,63.3629789049207,52654000
2019-10-30,62.60322189331055,62.966715983210904,62.104165288169014,62.32762256484318,29204000
2019-10-31,62.50886535644531,62.892222867570936,62.04605780810366,62.568455725782535,31904000
2019-11-01,63.17676544189453,63.214010847005596,62.55406136645203,62.856476173916235,28812000
2019-11-04,64.038818359375,64.18232928533666,63.36844275704817,63.36844275704817,30632000
2019-11-05,64.12969207763672,64.41770653931235,64.02740076110675,64.11777324497734,25148000
2019-11-06,64.10833740234375,64.20665829682251,63.67433430478252,64.06265485974106,24626000
2019-11-07,64.89938354492188,65.6795025702987,64.2444008939936,64.27071628172959,45140000
2019-11-08,65.00167846679688,65.40440318196927,64.6302397412566,64.6302397412566,30392000
2019-11-11,64.46935272216797,64.7980867071686,64.34967945815737,64.75338919011158,17234000
2019-11-12,64.41621398925781,65.01905839317027,64.26873264189224,64.48374898972376,28852000
2019-11-13,64.36506652832031,64.67989646108992,64.16494683266741,64.21609248961553,20538000
2019-11-14,65.00912475585938,65.33538101631511,64.2538359815961,64.30647433547658,28948000
2019-11-15,66.22027587890625,66.22027587890625,65.14518657580811,65.30210903092815,39286000
2019-11-18,65.53997039794922,66.23915056268675,65.3572326246306,66.16068932610202,27984000
2019-11-19,65.17994689941406,65.87713415918266,65.13922738093825,65.87713415918266,21864000
2019-11-20,64.6471176147461,65.21072753256453,64.01895051988701,65.11886236655039,28892000
2019-11-21,64.56171417236328,65.10694959227335,64.09542491326984,64.51751674880599,25546000
2019-11-22,64.24043273925781,64.89740062254626,64.02640899374012,64.70373663785156,27776000
2019-11-25,64.83482360839844,65.07169239650739,64.33676343182131,64.36904202295224,23590000
2019-11-26,65.20030975341797,65.25046280618768,64.75538041988762,65.04686520414475,21910000
2019-11-27,65.1571044921875,65.43072239161592,65.02501988575632,65.32048266358889,18808000
2019-11-29,64.75785827636719,65.04885054748658,64.71515354665078,64.88250213794187,12802000
2019-12-02,64.00157928466797,64.82490316656711,63.58048002242052,64.68188474866481,26538000
2019-12-03,64.29356384277344,64.41721510369129,63.41512388738469,63.495070235441815,25270000
2019-12-04,65.4952621459961,65.75993898704257,64.70620222225908,64.85766153850192,35506000
2019-12-05,65.89352416992188,65.94417731167431,65.26585710883786,65.89550937906759,24408000
2019-12-06,66.5107650756836,66.66370952833653,66.10556267318071,66.18103850636753,32968000
2019-12-09,66.68952941894531,67.4125471035579,66.34589882384711,66.4844467154343,30842000
2019-12-10,66.68457794189453,66.9383286197557,66.24311889583322,66.53808918871917,17606000
2019-12-11,66.75210571289062,67.0321717506534,66.59568335253202,66.95321801131333,20480000
2019-12-12,66.96265411376953,67.26506513217194,66.45168246592846,66.7004625257417,29114000
2019-12-13,66.88219451904297,67.10465914668171,66.62348088668271,66.93334016742722,33170000
2019-12-16,67.56897735595703,67.70950289590121,67.06793174750514,67.28592591251075,28128000
2019-12-17,67.28046417236328,67.74923119661247,67.07587395444467,67.6538881088724,32948000
2019-12-18,67.13248443603516,67.5059083820404,67.06048649891805,67.38524250658368,23330000
2019-12-19,67.35743713378906,67.41156818867013,66.97557224397369,67.13248713976483,28922000
2019-12-20,67.09821319580078,67.73283607045846,67.07388301789467,67.6881461329654,50090000
2019-12-23,67.06893157958984,67.6260859304543,66.9383320720148,67.47115624077068,19936000
2019-12-24,66.76104736328125,67.13745670987207,66.74814350199244,67.04806924561835,13468000
2019-12-26,67.65686798095703,67.69312457228773,66.81467699457967,66.86632274724634,23662000
2019-12-27,67.2680435180664,67.88429180965007,67.18660448403294,67.73283248221288,23212000
2019-12-30,66.52664947509766,67.38522963637269,66.43379170296032,67.37579610505395,19994000
2019-12-31,66.5107650756836,66.57382956314609,66.15025261034924,66.3319977498753,19514000
2020-01-02,67.9652328491211,67.9652328491211,66.86333571006601,66.9586787875548,27278000
2020-01-03,67.60968780517578,68.21700271420914,66.90455208946976,66.93832337803212,23408000
2020-01-06,69.4117660522461,69.43708883609668,67.08729816087028,67.11857657252054,46768000
2020-01-07,69.2776870727539,69.69431580950295,69.10140504019108,69.54335656021222,34330000
2020-01-08,69.77079010009766,70.10895763815583,69.15454170506581,69.26328874755316,35314000
2020-01-09,70.50323486328125,70.94468628827275,70.0275120595761,70.60949659555637,33200000
2020-01-10,70.9585952758789,71.25555076930975,70.49380624465894,70.98392563781249,26258000
2020-01-13,71.50830078125,71.5802987088555,70.78032005165358,71.27093190331932,30730000
2020-01-14,71.03954315185547,71.6374169915749,70.89950254218948,71.5068174921591,26076000
2020-01-15,71.46708679199219,71.54554802109986,71.09267026131843,71.1602052622877,21550000
2020-01-16,72.0113296508789,72.03814512752133,71.50680619446874,71.77743868365702,26080000
2020-01-17,73.46926879882812,73.52041445228143,72.32863737834732,72.626085344564,52424000
2020-01-21,73.60484313964844,73.9837301623698,73.00696178186003,73.44345017940596,48930000
2020-01-22,73.68528747558594,74.51506708981928,73.62520837338383,73.97628733938622,28458000
2020-01-23,73.72600555419922,74.16349415742818,73.50900399356541,73.86803136699017,26650000
2020-01-24,72.80634307861328,74.198239790935,72.65786156843807,74.12971219458755,29786000
2020-01-27,71.09614562988281,71.3369848455489,70.48883073371002,71.0867120976033,34132000
2020-01-28,72.02821350097656,72.24173713836646,71.02810757836856,71.59321023544943,29724000
2020-01-29,72.3360824584961,72.70553591108064,71.77445774595031,72.42347711634613,21566000
2020-01-30,72.21443939208984,72.26409235853124,71.25853075675514,71.41246783385319,27110000
2020-01-31,71.14827728271484,72.98014026995669,70.86423327330586,72.8902603105145,43822000
2020-02-03,73.6222152709961,73.80595319465691,72.33161718194921,72.58188991973289,71636000
2020-02-04,71.77545928955078,72.86444505255666,70.61446801787635,72.2263518292056,95880000
2020-02-05,71.80723571777344,72.72738774441514,70.99434560329382,72.67921990211404,36376000
2020-02-06,73.2929916381836,73.57057995499277,72.02722376835176,72.1017069989846,37822000
2020-02-07,73.44891357421875,73.75380988182637,72.76860814708976,72.866929041931,28360000
2020-02-10,74.91630554199219,74.92723177137948,73.25476853870846,73.35557474936633,38302000
2020-02-11,74.98580169677734,75.97001824210435,74.75688135259082,75.14520184508437,34852000
2020-02-12,75.41139221191406,75.49431637909942,74.91680229151416,75.27383690022886,31042000
2020-02-13,75.15117645263672,75.77487310133188,74.68488719013807,74.98283526176698,22914000
2020-02-14,75.41634368896484,75.48189347519363,74.76185358549893,75.20778307563144,23198000
2020-02-18,75.45160675048828,76.00379801654766,75.03299279148968,75.19835617848237,25642000
2020-02-19,75.72123718261719,76.01272951679007,75.52807331271677,75.83694001450749,22746000
2020-02-20,75.32994079589844,75.83048626235644,74.69779566759601,75.43024689467184,25962000
2020-02-21,73.66492462158203,75.03001360117807,73.41812977284052,74.71369096599916,42520000
2020-02-24,70.50670623779297,71.32705227867518,69.8576867844857,70.66511381109099,49560000
2020-02-25,68.84120178222656,71.3503926943792,68.5482242890156,71.05990050137443,51580000
2020-02-26,69.04727935791016,70.19933727503818,68.35604763848735,69.2712367377249,49776000
2020-02-27,65.29713439941406,68.00098920954161,65.26187799484646,67.49150271843352,62290000
2020-02-28,66.50381469726562,66.66271477222554,62.97614362297551,63.279054704787185,80198000
2020-03-02,68.84120178222656,68.89830306989113,65.80613498528312,67.10666682093301,55430000
2020-03-03,66.42784881591797,69.9272122468793,66.00674953592942,69.40531433941996,56602000
2020-03-04,68.6068115234375,68.6654055008889,66.39208344077265,67.48256183891996,47598000
2020-03-05,65.28770446777344,67.21789611582923,64.63619971791267,66.81665653912074,54380000
2020-03-06,64.34322357177734,64.69131713479612,62.42991752814102,63.06255522638061,64640000
2020-03-09,60.37309646606445,62.20744473935785,59.4916750343107,59.835305620217305,69252000
2020-03-10,63.32175827026367,63.355525766857696,60.30953315027402,62.28987767508528,54872000
2020-03-11,60.130271911621094,62.41600911448038,59.149040628206436,61.98597644813612,54732000
2020-03-12,55.19680404663086,59.03036438398447,55.04385958424716,55.746513797893854,94326000
2020-03-13,60.29762268066406,60.304078399115795,55.23354724050497,58.347075086419736,79400000
2020-03-16,53.282508850097656,56.88118556909071,52.9885349713361,54.107317834506155,96520000
2020-03-17,55.52007293701172,55.914352911664636,52.095693145816455,54.15846568225022,83194000
2020-03-18,54.18577575683594,54.87104797762396,51.494832347256526,52.63397869009644,93044000
2020-03-19,55.202762603759766,57.23574188881747,52.415983458077136,54.038293418612895,74064000
2020-03-20,53.04464340209961,56.53407651760465,52.741236013893825,56.157671020440276,82878000
2020-03-23,52.34546661376953,52.98008946545137,50.097967458203165,52.456698939752336,83672000
2020-03-24,56.11348342895508,56.278346728286216,53.94940826263607,54.820900000657495,72468000
2020-03-25,54.703704833984375,56.91594391981893,53.779578586585835,55.84384002725429,90324000
2020-03-26,57.747711181640625,58.17278085954438,54.22749185912014,55.35421936182012,76562000
2020-03-27,55.132747650146484,57.158278669216685,54.821891909688404,55.98735373238596,62794000
2020-03-30,56.92289733886719,57.15579193434455,54.54827641714749,56.244080799172416,58736000
2020-03-31,57.69953918457031,58.26811596366001,56.446678999724746,57.04306764962275,65228000
2020-04-01,54.7275390625,56.08418330124457,54.29998788869952,55.81503969905446,51970000
2020-04-02,55.46892547607422,55.75395831834769,54.282111383746546,54.623256692650074,56410000
2020-04-03,54.2607536315918,55.55631850299663,53.385791673504606,55.35371730864713,51374000
2020-04-06,58.7542724609375,59.12968161957391,55.8647016811892,56.261963297460234,63320000
2020-04-07,58.72298049926758,60.620893529545036,58.459300013090534,60.43368148304381,61620000
2020-04-08,59.936607360839844,60.32890210720153,58.79200171253002,59.74294339332252,40334000
2020-04-09,59.91525650024414,60.680975159986424,59.21260232823927,60.49178169677421,54028000
2020-04-13,60.10594177246094,60.3100356670181,58.711559676495355,59.663493971680225,38702000
2020-04-14,62.82817459106445,63.35056879345546,61.00623734167442,61.57382536538522,63358000
2020-04-15,62.434391021728516,63.31879042466128,61.277370091820224,61.89858528935915,42236000
2020-04-16,62.44084167480469,63.231886970389404,61.485929473550726,62.92301643612598,57896000
2020-04-17,63.51195526123047,64.05818710675288,62.86640612379751,63.64602886960057,51050000
2020-04-20,62.62556457519531,63.403698385158826,62.39167738128082,63.05957146388508,35292000
2020-04-21,60.19284439086914,62.07188272751854,59.83729494932787,61.709881356272376,49648000
2020-04-22,62.489505767822266,63.55565024230453,61.4362689416713,61.63042922031265,46296000
2020-04-23,63.123130798339844,63.96631807562833,62.594777233741134,62.85349090231504,34202000
2020-04-24,63.39277648925781,63.44789635340978,61.773940668732926,62.320172498657115,37402000
2020-04-27,63.10774230957031,64.26178538566344,62.81972784286923,64.15750128092515,44186000
2020-04-28,61.20734405517578,63.79797366912859,61.09760063818172,63.72051263057229,80700000
2020-04-29,66.64932250976562,67.54166657105931,65.88211483672906,66.78935554587703,108358000
2020-04-30,66.87377166748047,67.03764236919471,65.62240022165767,66.11202711739323,55842000
2020-05-01,65.41481018066406,67.10863270914675,65.03443812447007,65.75099239957274,48872000
2020-05-04,65.6919174194336,65.76988613646292,64.35662926324224,64.95848107992241,30806000
2020-05-05,66.98896026611328,68.08093128907053,66.29425835464866,66.41690941525768,39666000
2020-05-06,66.81070709228516,67.96574284054078,66.79581044461385,67.43490390739927,31732000
2020-05-07,67.99503326416016,68.32873785890114,67.16376853413021,67.59926435808376,30652000
2020-05-08,68.74287414550781,69.35365934273877,68.13059625287245,68.61773777696003,33326000
2020-05-11,69.69877624511719,70.29168699319136,68.30390161747533,68.36795870966984,32718000
2020-05-12,68.28801727294922,70.23210545562377,68.25474607445942,69.92870182776481,33918000
2020-05-13,66.95469665527344,68.79203030967484,65.94565735609089,68.33666731406043,40368000
2020-05-14,67.37828063964844,67.4036034198164,65.71177347406983,66.21927472185273,36660000
2020-05-15,68.18273162841797,68.25820745732415,66.4913941497389,66.95122766332483,41544000
2020-05-18,68.78459167480469,69.1609934145914,67.24619845412195,67.61267414754582,47094000
2020-05-19,68.24927520751953,69.14757473329719,68.21749670817653,68.79948120448985,31586000
2020-05-20,69.97537231445312,70.11789063162281,68.89582011929386,68.9822221805776,38262000
2020-05-21,69.85570526123047,70.33787623887854,69.24193460510683,70.06625110794857,30894000
2020-05-22,70.17797088623047,70.36467903297583,69.31939073428819,69.71416696713506,28544000
2020-05-26,70.58169555664062,71.76056896954258,70.48387474228068,71.60414659218806,44590000
2020-05-27,70.5275650024414,70.77933044570575,69.25236359877518,70.51366096089717,31684000
2020-05-28,70.42626190185547,71.72827870282323,69.47482393143548,69.52050647162248,35170000
2020-05-29,71.1850357055664,71.34443588719381,70.31404407757432,70.53501605536583,37044000
2020-06-01,71.2520751953125,71.58527971295217,70.62688577517719,70.79671968213286,25162000
2020-06-02,71.62152099609375,71.65578479748356,70.59360695439943,71.25852322228091,23442000
2020-06-03,71.46957397460938,71.9542302498002,71.09068692452351,71.64089299313672,27732000
2020-06-04,70.23060607910156,71.57235738789437,69.81894796687253,71.3469073433277,26982000
2020-06-05,71.50779724121094,71.8196493316685,69.89889140911707,70.29714555481402,42642000
2020-06-08,71.90605926513672,71.9537270182775,70.73612696690151,70.82551442260042,33878000
2020-06-09,72.1066665649414,72.88728563936604,71.62399555303219,71.76701395697853,33624000
2020-06-10,72.73334503173828,73.13407689716648,72.21988814953893,72.57493747641008,31762000
2020-06-11,69.61485290527344,72.08283134805066,69.44154870912836,71.55794816007574,47144000
2020-06-12,70.1620864868164,71.23419033508823,68.81537214700396,70.80465018402187,36676000
2020-06-15,70.55040740966797,70.76194583867918,68.88489272365547,68.9986103518022,30468000
2020-06-16,71.82809448242188,72.35942585801052,70.9600807295404,71.95372336605863,30648000
2020-06-17,72.12950897216797,72.60920215278631,71.26497317065488,72.1493762167434,30610000
2020-06-18,71.21482849121094,72.15086981349691,70.82352252928263,71.99594014241761,34862000
2020-06-19,70.74407196044922,71.73026627650552,70.46399835145995,71.50680901376434,52784000
2020-06-22,72.0361557006836,72.05055983277585,70.47343996852237,70.76244702073843,29442000
2020-06-23,72.69760131835938,73.25476320519093,71.75510423386123,72.10270529949794,37752000
2020-06-24,71.14431762695312,73.2840550326423,71.01024022660584,72.66284363578038,31592000
2020-06-25,71.56143951416016,71.62201870743554,70.49082066575002,71.07082003141078,23958000
2020-06-26,67.66033935546875,71.3588295538996,67.2859228390437,71.14083539885146,97640000
2020-06-29,69.3799819946289,69.42120160808253,67.11957113332669,67.5510965388041,45074000
2020-06-30,70.41682434082031,70.71228711438161,68.87148296157532,69.36558030991503,40286000
2020-07-01,71.60612487792969,71.92791062096299,70.22465415984608,70.4724491856165,42182000
2020-07-02,72.99305725097656,73.91619466883608,72.05651588265908,72.0947576791324,57218000
2020-07-06,74.46888732910156,74.98284440562607,73.34315236139928,73.89782896216443,44712000
2020-07-07,73.98572540283203,75.54497103854023,73.97479917371354,74.29409965572003,42364000
2020-07-08,74.66503143310547,75.04094065837363,74.10389915223111,74.52599101296335,31766000
2020-07-09,75.4128646850586,75.93327739481839,74.2672702352567,74.97935412387099,41836000
2020-07-10,76.42340087890625,76.53910371968176,74.52201752882867,75.14422148908551,35918000
2020-07-13,75.09358215332031,78.27811557578711,74.81202339647265,76.96616497127292,42954000
2020-07-14,75.5221176147461,75.6184533024254,73.78758272277796,74.12823553437825,38108000
2020-07-15,75.3244857788086,76.29032041143122,74.37851081631317,75.63980824059549,31026000
2020-07-16,75.2271499633789,75.27631040859266,73.90377320654089,74.56074103049501,26484000
2020-07-17,75.32299041748047,75.64973918687603,74.39191213481628,75.32596823132394,34264000
2020-07-20,77.6563949584961,77.91312341403196,74.62033585149831,75.23112104931103,30166000
2020-07-21,77.26309967041016,78.80894101145596,77.09922900132472,78.70863491641951,27486000
2020-07-22,77.70654296875,77.81231217595123,76.63294649341965,77.2526726692046,24482000
2020-07-23,75.31802368164062,77.97966630423089,74.91281370486792,77.76017946109586,33910000
2020-07-24,74.89395141601562,75.25247869252917,73.87001533571343,74.44604426009818,29902000
2020-07-27,75.94767761230469,76.35139490251304,75.09853848495182,75.14472111823234,27124000
2020-07-28,74.66751098632812,75.77784905273722,74.5120812359818,75.72769600259622,30910000
2020-07-29,75.65370178222656,76.14133579722454,74.63572144968626,74.7345424271181,22676000
2020-07-30,76.39163208007812,76.51676846895178,74.24642385286936,74.3854642849512,36042000
2020-07-31,73.88787841796875,74.73553233193543,72.20200412112406,74.33976349994913,91468000
2020-08-03,73.63015747070312,74.373527298544,73.08193671393812,74.03933782932242,45482000
2020-08-04,73.160400390625,74.1441169234356,72.70007436598213,73.82630920596793,37212000
2020-08-05,73.44792175292969,73.98968686206358,73.05711589231713,73.33520430169227,29134000
2020-08-06,74.73206329345703,74.79761308231619,73.09088631186657,73.30193223362062,33306000
2020-08-07,74.40531921386719,75.48387877720482,73.80446006410948,74.93516546369514,27718000
2020-08-10,74.32835388183594,74.84131072200945,73.3684673500793,74.02941320093893,20546000
2020-08-11,73.51992797851562,75.00469020881044,73.40323253058286,74.18831458702142,31098000
2020-08-12,74.84578704833984,75.06577400656946,73.74140447899178,73.8466811916168,22512000
2020-08-13,75.31304931640625,76.32209621249444,74.89394289666885,74.89394289666885,22388000
2020-08-14,74.71617126464844,75.46898226110748,74.43659775064937,75.16209317896015,21942000
2020-08-17,75.2927017211914,75.66712584393001,74.73455480772037,75.27929776949405,19990000
2020-08-18,77.25615692138672,77.33511065944776,75.56234161741558,75.78331358124228,28378000
2020-08-19,76.70147705078125,77.9056730464464,76.47255668317996,77.09277539659304,30472000
2020-08-20,78.27263641357422,78.46729297000505,76.19744901020748,76.47105929641678,26382000
2020-08-21,78.23888397216797,79.04879629821302,77.58042340984966,78.05166813375689,34838000
2020-08-24,78.714599609375,79.88800981322825,78.21256140841734,79.07808990589221,25638000
2020-08-25,79.74251556396484,79.89297472740996,78.35358889048405,78.46382862301984,25150000
2020-08-26,81.64339447021484,82.07343472584033,79.50067940074841,79.76485618715283,52188000
2020-08-27,80.86824798583984,81.83507518777941,80.38606945778591,81.76654758378608,31350000
2020-08-28,81.40999603271484,81.50533910442404,80.72373504529516,80.9154137932112,22418000
2020-08-31,80.91840362548828,81.66177357903628,80.7098429930012,81.61559094306867,26422000
2020-09-01,82.1871337890625,82.39271656864669,80.91838828763629,81.04898775648905,22652000
2020-09-02,85.28131103515625,85.71382904203695,82.4409008328624,82.82922141263586,49522000
2020-09-03,80.91740417480469,84.41775975388319,79.83486660961577,84.39392209014869,63726000
2020-09-04,78.5189437866211,81.1895197719061,76.37175074598551,79.89892171480436,55850000
2020-09-08,75.65817260742188,77.24472590354466,75.30560099876475,75.72769280921055,54032000
2020-09-09,76.83159637451172,77.40215464450723,75.73614722752552,76.9145205406051,39242000
2020-09-10,75.77983093261719,78.14402545722122,75.47940515868171,76.97807127825975,33024000
2020-09-11,75.26885986328125,76.40799857393957,74.13964719783384,75.8841155465487,30706000
2020-09-14,74.92473602294922,77.31673886317127,74.74001306241624,76.05791920997855,42660000
2020-09-15,76.230224609375,77.01829198977806,75.5836905116532,75.87120485456991,23042000
2020-09-16,75.08662414550781,77.18614209314343,75.06179387507046,76.59571660244501,22128000
2020-09-17,73.84268951416016,74.41971096306709,72.62211180691196,73.78161024085985,40008000
2020-09-18,72.05751037597656,74.24790839742937,71.09068317678832,73.90527037843776,63056000
2020-09-21,71.01719665527344,71.50979377027438,69.6536003098888,71.0906872863727,56908000
2020-09-22,72.49102020263672,72.69710310272775,70.98540572132968,72.01927539504912,33950000
2020-09-23,69.98678588867188,72.15632383261017,69.6535890139561,72.10716338954937,37726000
2020-09-24,70.65567779541016,71.40699611483514,69.62727125517097,69.65359421940595,34552000
2020-09-25,71.46013641357422,71.80177424957328,69.90188356916153,70.76443424115384,30326000
2020-09-28,72.43342590332031,73.14501739118445,71.81867020192774,73.09536442492873,30784000
2020-09-29,72.79890441894531,73.0958523244427,72.20201563977825,72.69412780151184,31816000
2020-09-30,72.77804565429688,73.80098915091598,72.28941896718779,72.54663995974896,40924000
2020-10-01,73.88540649414062,74.24145605727813,73.33420782483996,73.67486065011207,32884000
2020-10-02,72.28146362304688,73.44494012589321,71.87179071906452,72.481583309123,31222000
2020-10-05,73.63365173339844,73.7265095240155,72.50443886698714,72.63156046251407,21602000
2020-10-06,72.05403900146484,73.71756095605366,71.7555984119484,73.26965381491353,26096000
2020-10-07,72.4572525024414,72.94538662475436,71.17062485186818,72.46569342964418,36108000
2020-10-08,73.66343688964844,73.891857179053,72.77059285124541,72.77059285124541,26076000
2020-10-09,75.00517272949219,75.0746929289685,73.84070370541384,74.13169593873137,32966000
2020-10-12,77.69363403320312,78.87697017179133,75.94121726115524,76.37324269858246,55344000
2020-10-13,77.8167953491211,78.71510256314015,77.39768887008755,78.31039264019142,39072000
2020-10-14,77.63653564453125,78.65004562010033,76.76554399767635,78.19071970768324,33174000
2020-10-15,77.24076843261719,78.03181374739641,76.52868444146476,76.69602546749853,31210000
2020-10-16,77.84807586669922,78.34514345056063,77.34951558739077,77.55658351214443,34194000
2020-10-19,75.97350311279297,78.654020527849,75.62441694848839,78.25675894228921,29734000
2020-10-20,77.02277374267578,78.15297918871582,75.50424770864896,75.633854601613,41670000
2020-10-21,78.75630187988281,80.20382232049026,77.82026068582488,77.95483057781071,60322000
2020-10-22,79.7827377319336,80.11841996427584,78.3337319078232,78.7071558493275,30512000
2020-10-23,81.0897216796875,81.14633045232473,80.04343304769533,80.19936290074068,30548000
2020-10-26,78.67189025878906,80.92087457366932,77.85204435340098,80.19687183701743,35826000
2020-10-27,79.39639282226562,79.5513224818934,78.30939232777347,78.90230306606628,25902000
2020-10-28,75.0225601196289,77.15832688244774,74.90735737417214,76.96963351424793,45174000
2020-10-29,77.31077575683594,78.89285854363483,75.30808627791404,75.33142384973424,55406000
2020-10-30,80.25199127197266,83.49016299701641,79.52997371419903,82.80091654542893,99878000
2020-11-02,80.65968322753906,82.34406497588512,80.1591301740816,80.6209489181996,44228000
2020-11-03,81.71937561035156,82.38180661638104,80.05336826018032,80.9794835557131,31432000
2020-11-04,86.69456481933594,87.89528301491228,84.56673875495531,84.69485294507058,71342000
2020-11-05,87.52135467529297,88.97731615159634,86.45520644116196,87.91613094031692,39758000
2020-11-06,87.3838119506836,87.81930775936743,86.23920242731536,86.96718320704757,28622000
2020-11-09,87.46772766113281,90.22222819928155,87.27555637680663,89.183895577736,53440000
2020-11-10,86.29084777832031,87.36642960090843,85.2182437695995,85.89607149256915,43022000
2020-11-11,86.76309204101562,87.54121828786089,86.55601653319594,86.82118593096598,31838000
2020-11-12,86.5440902709961,87.64450226074689,86.30325107267188,86.50337075387185,26474000
2020-11-13,88.00601196289062,88.24784377851638,86.20444222324774,86.80132339394905,29744000
2020-11-16,88.09391784667969,89.10246484670235,87.46326530912344,87.60280583046328,25468000
2020-11-17,87.47964477539062,88.24834505186563,87.37189034826642,87.78751889696511,21314000
2020-11-18,86.43583679199219,87.64549591153437,86.33304539342467,87.23035989909762,20108000
2020-11-19,87.32621002197266,87.57052716829506,85.9084901465647,86.06789033907135,20106000
2020-11-20,86.22430419921875,87.81235033915841,86.15577659553901,87.49652779946634,27694000
2020-11-23,85.78632354736328,86.70151257860655,84.92328035546011,86.4149908162109,22530000
2020-11-24,87.59088134765625,87.71899554089296,85.44716597999957,85.78334829165836,27984000
2020-11-25,87.60228729248047,87.91264668379823,86.81919053728781,87.78503260009282,19600000
2020-11-27,88.73895263671875,89.23503517364202,87.62265137734866,87.62265137734866,14790000
2020-11-30,87.11913299560547,88.40724583978081,86.7933768344479,88.17435503755391,32418000
2020-12-01,89.15310668945312,90.46207946719032,87.5476785104843,87.72793854870284,37350000
2020-12-02,90.62345886230469,91.00930169788307,88.64709217732732,89.15310078662704,29424000
2020-12-03,90.46803283691406,91.55999635366734,90.2276861454191,90.40347565496144,24728000
2020-12-04,90.56338500976562,90.8484140892729,90.05836139867917,90.38759548256864,20544000
2020-12-07,90.22917938232422,90.83797937404678,89.53446984443129,90.15568118177275,22288000
2020-12-08,89.94613647460938,90.17654956657847,88.95050853973332,89.80660353736675,19936000
2020-12-09,88.28408813476562,90.79229370200468,87.49652084591008,89.8979570205451,31728000
2020-12-10,87.77709197998047,88.14157486879887,86.08277656751567,87.5263191448489,28688000
2020-12-11,88.13214111328125,88.25678497137464,87.03669966329481,87.39721213285257,18628000
2020-12-14,87.01286315917969,88.87700490171588,86.85743340263497,87.92954487062023,33050000
2020-12-15,87.45084381103516,87.59583985286919,86.48699444327288,87.39025704522699,21352000
2020-12-16,87.25767517089844,87.84959334388638,86.8539654427043,87.84959334388638,24676000
2020-12-17,86.42938232421875,87.73041412035337,85.96459334657283,87.59236631572465,34880000
2020-12-18,85.71977996826172,86.81919943152793,85.16262570212646,86.71045239928884,85256000
2020-12-21,86.13392639160156,86.25509235125325,84.11981793066384,84.87113629069282,33974000
2020-12-22,85.42183685302734,86.03709256654695,84.70478234258736,85.87421449147438,20370000
2020-12-23,85.81959533691406,86.60815530253585,85.47050159575537,85.60607168641371,22974000
2020-12-24,86.11405944824219,86.52373235094736,85.62691792776171,85.8578235085603,9312000
2020-12-28,88.09041595458984,88.73795017298704,86.4944292534883,86.64786619895388,27650000
2020-12-29,87.2859878540039,88.81096960706013,87.1543957516824,88.7493978086226,19726000
2020-12-30,86.21784973144531,87.78255832007542,85.80817679890423,87.6455031107277,21026000
2020-12-31,87.03173065185547,87.27306236049445,86.20989199835125,86.26849355045843,21070000
2021-01-04,85.71531677246094,87.52085695769506,84.77231967368576,87.39721327969764,37324000
2021-01-05,86.40654754638672,86.74322235263449,85.25697504611246,85.66367014998892,20360000
2021-01-06,85.55392456054688,86.60120576827877,84.22409958830787,84.43067500335674,46588000
2021-01-07,88.10930633544922,88.28211046401697,85.74659668999963,85.74659668999963,41936000
2021-01-08,89.2757568359375,89.3517327598918,87.4577901976101,88.24933551484223,35484000
2021-01-11,87.21298217773438,88.60786440316203,87.00690685691502,88.24238133150995,34796000
2021-01-12,86.27644348144531,87.78950631707407,85.23115504466647,86.67022716182484,29528000
2021-01-13,86.76409149169922,87.21796188202141,85.7744115724748,85.7744115724748,23432000
2021-01-14,85.95317840576172,87.77213786116161,85.71233916919952,86.84452983792997,29212000
2021-01-15,85.78929901123047,86.78244915170757,84.9992539543371,85.85881921797849,31444000
2021-01-19,88.61233520507812,89.5741993642567,86.04802079890773,86.5530367998629,41660000
2021-01-20,93.35958862304688,94.33535679156603,90.3523301990079,90.69297541443379,64152000
2021-01-21,93.56218719482422,95.94227110893598,93.32681109981424,94.03393956655104,58634000
2021-01-22,93.97981262207031,94.56726028066227,93.18231164160541,93.92518905965122,32744000
2021-01-25,94.06521606445312,95.43279024667792,92.32124775133792,94.98189773441027,50586000
2021-01-26,94.74403381347656,95.13136173836658,93.16393621934257,93.65355545034815,31462000
2021-01-27,90.32402801513672,93.37945448291312,89.24844618847803,93.10335885414129,82512000
2021-01-28,92.02529907226562,93.75287816841522,90.92290176921253,90.92290176921253,55278000
2021-01-29,90.74214172363281,91.74423292058923,89.4609846616316,91.07286091482506,44530000
2021-02-01,94.0051498413086,95.12095116814389,91.59775007789322,91.59775007789322,40252000
2021-02-02,95.29871368408203,96.80085020179051,94.66557593964733,95.00126570965045,66332000
2021-02-03,102.23886108398438,104.6095117961337,99.98788364514651,102.57305820901132,97882000
2021-02-04,101.9781494140625,102.7562756387138,101.05798980789827,102.32525035691263,48596000
2021-02-05,103.7260971069336,104.07916128473674,101.79789812610615,102.27262078186465,29866000
2021-02-08,103.5120620727539,105.02562491261692,102.46081806842983,104.28076232458417,28828000
2021-02-09,103.0586929321289,104.2067727221709,102.79103824523523,103.02939215435124,21892000
2021-02-10,103.6093978881836,104.22515373346634,101.90912676405608,103.44354198838178,25102000
2021-02-11,103.72211456298828,103.98281343588366,102.73442756709264,103.83384698116288,20480000
2021-02-12,104.03397369384766,104.25593827265304,102.96831791697292,103.27619962416891,18990000
2021-02-16,104.8121109008789,106.52231568131008,103.87109895663937,103.87109895663937,31004000
2021-02-17,105.20539093017578,105.3950844927026,103.7022617169391,103.98182767192168,20294000
2021-02-18,104.56925964355469,105.37272371246306,103.94953348187731,104.52904021959567,22546000
2021-02-19,103.72509765625,105.203404154816,103.45794305157632,104.66760224999184,37938000
2021-02-22,102.0094223022461,103.30399835015275,101.69857038647423,101.97665119838959,29466000
2021-02-23,102.30040740966797,102.91517054370418,98.82984546220153,100.00971119855517,34658000
2021-02-24,103.476806640625,103.70076399456218,100.68208679095231,100.80672307051088,22608000
2021-02-25,100.1070556640625,103.4365925447622,99.63729605423056,102.09236341525845,41548000
2021-02-26,100.40299987792969,102.12164534366852,99.36515987509816,100.80224662969428,40042000
2021-03-01,102.77416229248047,103.1004109765312,101.02423063600573,101.69858046026536,26060000
2021-03-02,102.51693725585938,104.01957402243141,102.12911676278051,102.5348117169729,25564000
2021-03-03,99.88160705566406,103.0884850858545,99.01706363524661,101.89472276716697,33892000
2021-03-04,100.99989318847656,103.01896452029507,99.58465124583257,100.05341822065624,49216000
2021-03-05,104.13526153564453,104.58863175555176,100.69449268365985,102.35156636872838,53100000
2021-03-08,99.68743896484375,104.96304865733514,99.57272873677378,103.489220368684,36868000
2021-03-09,101.3191909790039,102.48912326397398,101.08282227095005,101.78548025372508,33920000
2021-03-10,101.11212921142578,102.36399312710523,100.27490127043286,102.36399312710523,27100000
2021-03-11,104.30757904052734,104.84040311495322,102.11818127805286,102.20607603435747,27702000
2021-03-12,101.79788208007812,103.16892653845659,100.92490535157664,103.10933995899494,33818000
2021-03-15,102.01836395263672,102.04567194316412,100.69499478793517,101.54860438306733,26168000
2021-03-16,103.48078918457031,104.96008072594401,102.25921114107965,102.59191553889649,31900000
2021-03-17,103.39785766601562,104.23110756924204,101.50590779981324,102.71506692244664,26382000
2021-03-18,100.37470245361328,102.72896343122781,100.26744054557446,101.7075051591949,31700000
2021-03-19,100.65377807617188,101.15432355512716,99.46050826596426,100.79133336870827,46072000
2021-03-22,100.83900451660156,101.71545922515175,100.01021756030983,100.68705266414705,33536000
2021-03-23,101.36735534667969,102.49855328173614,100.70542448407849,101.29882774538657,28510000
2021-03-24,100.93037414550781,102.67185719163797,100.75507714736035,101.88528247451289,25218000
2021-03-25,100.92689514160156,101.58137767227184,99.12084735520355,100.75756134986057,35616000
2021-03-26,100.54304504394531,101.27101819730069,99.50619002125315,100.89362388193071,27978000
2021-03-29,101.58883666992188,101.75867057035616,99.58565437646192,100.41543399056286,26492000
2021-03-30,101.62260437011719,102.42705359401143,101.1101400271924,101.94587523975986,27312000
2021-03-31,102.41958618164062,103.59845929099498,101.64890081306791,102.01636904021585,42570000
2021-04-01,105.75957489013672,106.05603029896024,103.85521353806992,103.89593306182755,39880000
2021-04-05,110.18802642822266,110.68609422366168,106.52578506644159,106.62212075705683,48510000
2021-04-06,109.70633697509766,110.63692268035109,109.33539838290059,109.78876861526743,35240000
2021-04-07,111.18464660644531,111.45627171191782,109.89702631246872,109.89702631246872,24134000
2021-04-08,111.75074768066406,112.81143286154771,111.38228678145336,112.42459741103764,28664000
2021-04-09,112.75581359863281,112.91968428318657,111.09675457023529,111.50295716552093,26146000
2021-04-12,111.46222686767578,112.07151933598709,110.62797687944587,111.93397162946002,25024000
2021-04-13,111.94937133789062,112.39827866126174,111.38426865957148,111.7785524215588,25682000
2021-04-14,111.3276596069336,112.59492016611924,111.03518222254296,112.59492016611924,21002000
2021-04-15,113.47981262207031,114.01363687359006,111.78749002966799,112.32279939947108,29174000
2021-04-16,113.35567474365234,113.92624054804651,112.76822708360963,113.6779530050074,26282000
2021-04-19,113.70377349853516,114.41536491519754,112.73148319799424,112.73148319799424,30290000
2021-04-20,113.16995239257812,114.16260241434755,112.08295189776874,114.08761909590847,22288000
2021-04-21,113.1371841430664,113.21911569548593,111.47216193615608,112.82433942501434,23204000
2021-04-22,111.85453033447266,113.66007812886873,111.24870812550311,112.99069133887703,24146000
2021-04-23,114.20878601074219,114.51616760985345,112.28803555585249,112.57356470021391,29066000
2021-04-26,114.70536804199219,115.43037100832214,114.07918606462448,114.43672073608383,32038000
2021-04-27,113.76435089111328,115.12843954137769,113.52499681437367,115.0877200248245,44386000
2021-04-28,117.14405822753906,120.73627936127689,116.85505114976003,118.80559509075073,81106000
2021-04-29,118.8185043334961,119.38459964546344,117.87947760494473,118.64321489891414,41234000
2021-04-30,116.86893463134766,118.27672057760434,116.52431144433598,117.5899595033774,44856000
2021-05-03,116.35150146484375,118.26182566591008,115.97509977431051,117.43552408856827,28242000
2021-05-04,114.55142211914062,115.4531995650852,112.06109853502393,114.88511909946546,44818000
2021-05-05,114.94571685791016,115.95028579947221,114.62343858766027,115.63397073423225,26636000
2021-05-06,116.06696319580078,116.06696319580078,113.86663939217291,114.52658499059082,25190000
2021-05-07,116.79097747802734,117.7503639113892,116.50445572255295,117.38488841676944,28898000
2021-05-10,113.80259704589844,115.75165577723939,113.44456228631331,115.60962996809558,30914000
2021-05-11,112.72551727294922,113.2330185640915,110.93089578077006,111.38526620724798,34186000
2021-05-12,109.2589340209961,111.62909207975932,108.92970751604966,110.5470545058614,46376000
2021-05-13,110.68856811523438,111.20500283196507,109.58020769650676,110.54356450336654,33204000
2021-05-14,113.138671875,113.453501809493,111.7293930700352,112.15347012836743,31996000
2021-05-17,113.66206359863281,113.70476832857226,112.00300454103483,112.4032439386327,21598000
2021-05-18,112.3486099243164,114.59363131394053,112.3347058838358,114.32895445397962,22204000
2021-05-19,112.79702758789062,112.97033180771274,110.50980892808556,110.65828287821735,23684000
2021-05-20,114.55738830566406,114.80815356114391,113.39391177615245,113.76535047048326,32352000
2021-05-21,113.92078399658203,115.15031052718385,113.68093736755063,115.07681231837596,40632000
2021-05-24,117.24337005615234,117.46731985082977,114.80617708661025,114.95167322808392,31832000
2021-05-25,117.33423614501953,118.38349497580484,116.94343028761784,117.78760640059416,22440000
2021-05-26,118.20025634765625,118.63128160358181,117.5124950673565,117.5154728809379,21572000
2021-05-27,117.32479858398438,118.63426373987288,117.00599824507955,118.63426373987288,35224000
2021-05-28,117.03529357910156,117.98970940408962,116.83666658294217,117.90777785188578,21482000
2021-06-01,118.24346923828125,118.46841921616031,116.90768099049576,117.90877961712468,23354000
2021-06-02,117.71759033203125,118.86219221155922,116.81232738781806,118.63922746306862,21158000
2021-06-03,116.5749740600586,117.04374107133572,115.67815955902836,116.48310887975401,18696000
2021-06-04,118.85871887207031,119.1298514725484,117.31139225486027,117.65204506352062,24458000
2021-06-07,119.29222106933594,119.4019682763619,118.23452137477915,118.65362780359852,24120000
2021-06-08,119.10054779052734,120.14732888330803,118.91880264907648,119.7744050682998,24240000
2021-06-09,119.57231140136719,119.81761356771975,119.02409053462411,119.74561563157711,17942000
2021-06-10,120.9224853515625,120.96569017106941,119.36572523374554,119.52164750239044,25904000
2021-06-11,120.67767333984375,121.24972423320611,120.11951891042602,121.16431477759886,21958000
2021-06-14,121.60675811767578,121.60725063135905,120.07184301234585,120.77995645474412,22098000
2021-06-15,120.5877914428711,121.93449819679269,120.22677889432583,121.61122735260894,21562000
2021-06-16,119.94522094726562,121.05109608186271,118.65164504846844,120.73924397657515,26472000
2021-06-17,120.90957641601562,121.68323972485655,119.67459443294561,119.87074371139391,25842000
2021-06-18,119.28826141357422,120.77003827045989,119.19291832944006,120.53565476719979,46116000
2021-06-21,120.97809600830078,121.16431165120736,119.07720527070083,119.67508659879269,27414000
2021-06-22,121.49254608154297,121.56157377176068,120.23472669279211,120.91602469124716,22390000
2021-06-23,121.29044342041016,122.25230755219879,120.99995125396923,121.2571722246555,19148000
2021-06-24,121.66089630126953,122.21258746460555,121.46226929734574,121.8595233051933,21362000
2021-06-25,121.6693344116211,121.79298566675085,120.73230051757878,121.16431840853278,34594000
2021-06-28,121.6966552734375,121.94395021731748,120.57389819100639,121.83817341747176,28526000
2021-06-29,121.43494415283203,122.1783216062728,120.8574301606362,121.83022049740785,23108000
2021-06-30,121.25321197509766,121.41956796782213,120.52324597067542,121.15886149359434,24474000
2021-07-01,121.60577392578125,121.74729205960752,120.69902586362701,120.89119713899787,18110000
2021-07-02,124.39950561523438,124.545001749682,122.21656350765055,122.3064434757173,25982000
2021-07-06,125.32562255859375,125.56199126890598,123.72912789938306,124.78782786126658,26404000
2021-07-07,125.607666015625,126.41211517987149,125.28886567902163,126.29095680695026,24060000
2021-07-08,124.18746948242188,124.73519022909304,123.1724744263898,123.17644484488378,23790000
2021-07-09,124.65870666503906,124.87322289470882,123.69832771120652,124.16858735452517,18632000
2021-07-12,126.10574340820312,126.19910128355673,124.75058804003152,125.31370552891468,17668000
2021-07-13,126.46923065185547,127.18032198506866,125.80679967583957,126.16830475866163,19240000
2021-07-14,127.35858917236328,128.4406342101762,127.03829614280257,127.08150096063406,23742000
2021-07-15,126.13502502441406,127.818414131509,125.66328024495255,127.7677685685234,24218000
2021-07-16,126.10028076171875,126.93601597931935,125.28937581428032,126.78853463100182,20424000
2021-07-19,123.72465515136719,125.34050926099619,122.6589994645696,125.22579903110285,27968000
2021-07-20,125.3449935913086,126.17278040531404,123.49872621377297,124.66765836432434,26312000
2021-07-21,126.6753158569336,126.7219910057635,125.16026022646466,125.26950735241101,20746000
2021-07-22,127.54182434082031,127.60291119714803,126.62565030718687,126.96828831799552,14302000
2021-07-23,132.10386657714844,132.48523890184507,128.91139257324573,129.5370668627534,41506000
2021-07-26,133.11688232421875,133.31749453004386,131.3952513476987,132.4152245404215,30572000
2021-07-27,130.9965057373047,133.47839621773178,129.21281791360002,133.33091486736993,54710000
2021-07-28,135.16177368164062,137.3496864200583,134.3508687484611,135.37828272257383,95130000
2021-07-29,134.8474578857422,135.72490530544914,134.61456705577282,135.21740393865812,31716000
2021-07-30,133.8036346435547,134.3776782948477,133.3353677791156,134.11002362301198,25576000
2021-08-02,133.9307861328125,134.40947921310809,132.87754921456434,134.19148503936958,21634000
2021-08-03,134.7009735107422,134.80226465276354,132.40629876268488,134.2093538311619,20762000
2021-08-04,134.1999053955078,134.720318101296,133.56577506518238,134.42237004478915,19676000
2021-08-05,135.31817626953125,135.41601221577477,133.92230160341646,134.75108845286786,17870000
2021-08-06,134.80870056152344,135.53768146813212,134.28383249025302,135.11013410578906,20488000
2021-08-09,135.97515869140625,136.24431365244018,134.41243537983704,135.01131691269555,17760000
2021-08-10,135.86990356445312,136.82878994271528,135.4304297601133,136.40122739389997,19414000
2021-08-11,135.34552001953125,136.73939453465712,135.33806411914702,136.24183441816174,15352000
2021-08-12,136.25424194335938,136.35951864766164,134.49786220697922,135.04408266615167,16506000
2021-08-13,136.78407287597656,136.91220221013,136.09434153184176,136.30985037406484,15948000
2021-08-16,137.3621063232422,137.41475225696215,134.3722294840913,136.58297984358083,22384000
2021-08-17,135.72537231445312,137.31838884745838,135.14984356739762,136.80641709564094,21716000
2021-08-18,134.5211944580078,136.16535676998893,134.39456539418998,135.56499013268993,19258000
2021-08-19,134.7506103515625,135.418504459747,133.33041285553048,133.51464330667287,21782000
2021-08-20,136.48814392089844,136.61178760876336,134.32356862982397,135.06843130244778,31194000
2021-08-23,139.08224487304688,139.9095315780669,136.66491163586002,137.0244315162413,28454000
2021-08-24,140.2938995361328,141.10678974477585,139.3772177307821,139.64834277921207,19268000
2021-08-25,141.10577392578125,141.21552113852167,140.407601620042,140.65488897401852,15848000
2021-08-26,140.47166442871094,141.4419619740377,140.3887251136367,140.77903846994076,20610000
2021-08-27,143.01759338378906,143.52260939124648,140.52776217570977,140.68219932895803,28780000
2021-08-30,143.60008239746094,144.9706345087551,143.17550523578328,143.41088134582995,24434000
2021-08-31,143.7063446044922,144.17709682612852,143.29270882385984,144.15277422389678,22448000
2021-09-01,144.22079467773438,145.25217904174795,143.8910681023776,144.00677094284313,21936000
2021-09-02,142.30552673339844,144.5227329152527,142.20422043422548,144.2213144723881,32342000
2021-09-03,142.75491333007812,143.16756408093735,141.4250807432199,142.10043075100694,19850000
2021-09-07,143.29220581054688,143.57475715594347,142.63523794111092,142.8492616821158,20124000
2021-09-08,142.70672607421875,143.41086913513237,142.02046504950178,143.11293622697437,18344000
2021-09-09,142.55776977539062,143.32199956321935,142.1967647782529,142.85521776816285,15314000
2021-09-10,139.9110107421875,143.72718852242127,139.77395555302834,143.2246427259932,36840000
2021-09-13,141.3575439453125,141.97080687143628,140.2824546953372,140.9771566588483,22094000
2021-09-14,141.56808471679688,142.38098998687326,140.779032265316,142.01599943041023,19674000
2021-09-15,143.44017028808594,143.46102255975654,140.37928108999674,141.7935227681328,27408000
2021-09-16,142.62628173828125,143.31155770924323,141.426063761718,142.9644492148849,26190000
2021-09-17,139.83555603027344,142.4673980896483,139.50781463441865,142.0507769006327,53384000
2021-09-20,137.769287109375,138.04786802419636,135.3882181598803,137.21511067059447,46518000
2021-09-21,138.0806427001953,139.05244043758358,137.33080952468467,138.79222650353563,25332000
2021-09-22,139.32257080078125,139.92193727417347,137.60244009203043,138.3497879973125,25056000
2021-09-23,140.24868774414062,140.72589563920047,139.43976807979007,140.02175258286653,20952000
2021-09-24,141.2408447265625,141.35556254003694,139.28036730337084,139.57583007870915,22984000
2021-09-27,140.10568237304688,140.96624781578487,139.10806172640446,139.84001289276725,21882000
2021-09-28,134.89959716796875,138.14371717178133,134.43281534888163,137.7052435287235,45772000
2021-09-29,133.43319702148438,136.21153513021474,132.94804827238903,136.0417012440677,30848000
2021-09-30,132.7603302001953,134.6140457457326,132.64115703529495,133.3418297784705,37996000
2021-10-01,135.60769653320312,135.9726870836677,133.15461451676552,133.52654572208218,35360000
2021-10-04,132.7439422607422,135.02917548614732,130.15232005570044,135.02917548614732,51202000
2021-10-05,135.0912628173828,136.28454028271238,133.12284448248417,133.12284448248417,32404000
2021-10-06,136.62269592285156,136.8064262666575,133.6283489777049,133.82697596683917,24364000
2021-10-07,138.27133178710938,139.08273677030002,137.7012585252887,137.9406050375221,25110000
2021-10-08,138.8280029296875,139.3697529009224,138.26388525704718,138.62091984045634,26526000
2021-10-11,137.9624481201172,139.7481360399976,137.90781698690293,138.33786478117594,17954000
2021-10-12,135.51434326171875,138.5513949378648,134.8300522945647,138.5245718836767,36332000
2021-10-13,136.6396026611328,137.05473875110437,135.5838803968462,136.46132782129834,19654000
2021-10-14,140.18411254882812,140.36932798686973,137.87404171518787,138.51859810744975,31894000
2021-10-15,140.39964294433594,140.7472515493763,139.79085052606553,140.64446014785966,30274000
2021-10-18,141.79998779296875,141.81786982944135,140.10319469147404,140.1101505005765,20396000
2021-10-19,142.25584411621094,142.6784360414776,141.6232140325782,142.4053106642603,20164000
2021-10-20,140.7978973388672,142.56273311314936,140.40808409613712,142.35615012808168,23288000
2021-10-21,140.91409301757812,141.18224778083288,139.5375854385603,140.79789009445648,26292000
2021-10-22,136.6241912841797,139.6200235721843,135.12403988549715,138.19684070584688,50588000
2021-10-25,136.50552368164062,137.0547295671816,134.4963706145337,136.6078150016208,34412000
2021-10-26,138.354248046875,139.12343319491293,137.3571275635801,138.3095581124509,49236000
2021-10-27,145.21592712402344,147.63175995262506,138.45009190052772,138.45009190052772,85782000
2021-10-28,144.84996032714844,146.1499996170041,143.6363306801379,146.1266620424721,36206000
2021-10-29,147.03189086914062,147.22654742150266,143.65865724049704,144.0842193505345,43320000
2021-11-01,142.51406860351562,147.03192002619673,142.24442868736074,147.03192002619673,46924000
2021-11-02,144.43630981445312,145.6047494341665,143.3468239373789,143.589155856485,33482000
2021-11-03,145.59384155273438,145.66435436896379,143.60058532417827,144.90110958293442,27494000
2021-11-04,147.25189208984375,148.70785360831633,145.30581121346245,146.1167161309597,38412000
2021-11-05,147.8323974609375,149.29778499356024,147.1818852970317,148.14771234223062,38354000
2021-11-08,148.0101776123047,149.58332721149728,147.41378132223133,148.79873004411684,23052000
2021-11-09,147.89845275878906,148.8081787789606,146.23640812747664,148.2107974307378,19530000
2021-11-10,144.89414978027344,147.0557547297235,143.54745049930153,146.48965185190764,29970000
2021-11-11,144.7680206298828,146.52491566576384,144.60315733615232,145.48607536348254,16518000
2021-11-12,147.65957641601562,147.83041049178345,144.41495647222519,145.61120416786628,22360000
2021-11-15,147.43511962890625,148.52510553842666,146.56412805215115,147.8805490402253,23508000
2021-11-16,146.8630828857422,147.74350045689724,146.30343572835443,147.13470800485993,18904000
2021-11-17,147.0328826904297,147.54186906071254,146.23141896443005,147.0135155370304,19594000
2021-11-18,148.8121337890625,149.54905558493877,146.87152355597607,147.2260728349166,35608000
2021-11-19,147.90635681152344,149.93239136520538,147.87904882264036,148.94816719539986,33682000
2021-11-22,145.2998504638672,148.80318386713506,145.14641349880958,148.30959419909644,30594000
2021-11-23,144.78341674804688,145.65540854361367,143.1278431625673,145.1518776457965,27218000
2021-11-24,145.11911010742188,145.2477243987509,143.38408255604315,144.47703883261104,18040000
2021-11-26,141.2090606689453,143.567292087887,140.87089317793425,143.35972407872825,30470000
2021-11-29,144.53363037109375,145.29537478702147,142.90783507857046,143.01361186652207,32596000
2021-11-30,140.925537109375,144.9999291351749,140.63155943723774,144.01521986367607,42068000
2021-12-01,140.08531188964844,144.95075636470054,139.9467715705473,143.01361658018308,34020000
2021-12-02,141.98670959472656,142.87905356135158,139.2540463739242,140.2824605205018,29194000
2021-12-03,141.02882385253906,143.41089332697956,139.3399713287488,142.69682410009432,41230000
2021-12-06,142.1743927001953,142.867109397249,139.18997198196627,142.06067508092005,30618000
2021-12-07,146.26072692871094,146.52044078510028,144.23270692455046,144.59918260368823,32240000
2021-12-08,147.17144775390625,147.37654563981545,145.40315664150788,146.58549276228777,24270000
2021-12-09,146.62721252441406,148.07870362963027,146.10729983987582,146.58003728286783,23270000
2021-12-10,146.98770141601562,147.9570138625122,145.6990885419643,147.68141834397827,24458000
2021-12-13,144.82762145996094,146.95643255514503,144.52073235798926,146.76921671564287,27070000
2021-12-14,142.9212646484375,143.49033777775247,140.24770295550135,142.9818514180104,38446000
2021-12-15,145.43788146972656,145.71596227271536,140.70750727401295,142.4266528071714,36370000
2021-12-16,143.45558166503906,146.66543763733537,142.6233092253354,146.16240684047588,33650000
2021-12-17,140.75421142578125,142.84925876287545,140.33211958011196,141.5238967322668,50416000
2021-12-20,140.6370086669922,140.80337222903077,138.36667189829006,139.0410217021847,27192000
2021-12-21,142.48974609375,142.88352978541766,139.54008877939256,141.0804596519441,28756000
2021-12-22,145.4120635986328,145.49648802406725,142.08750519327856,142.08750519327856,26322000
2021-12-23,145.91014099121094,147.22804705597008,145.4488147669003,145.4964900938066,26384000
2021-12-27,146.8933563232422,147.3278595123335,146.16140515021237,146.24731469886467,15976000
2021-12-28,145.6822052001953,147.28316267642893,145.05404564217633,147.22059070433994,18200000
2021-12-29,145.65042114257812,146.40721009750993,144.64983033524757,145.63999500667248,17788000
2021-12-30,145.19903564453125,146.29100668000854,144.99445303661054,145.68915495604028,15688000
2021-12-31,143.8597869873047,145.69363529996593,143.8597869873047,145.0495788982198,18136000
2022-01-03,143.9983367919922,144.85194647168504,142.72859087802212,144.06139370644328,28646000
2022-01-04,143.410400390625,145.4816101983603,142.73208012573355,144.400065125975,28400000
2022-01-05,136.8312530517578,143.50969364455202,136.74485856797526,143.43073990652238,54618000
2022-01-06,136.803955078125,138.98144174621683,135.62310409438905,136.06009260812084,37348000
2022-01-07,136.07846069335938,137.50015849299731,134.83652283935174,137.1992250078914,29760000
2022-01-10,137.7196502685547,137.86863190620056,132.25236816890182,134.1527592080336,44408000
2022-01-11,138.77880859375,139.25553153130753,135.75616876669966,137.0616634231231,28730000
2022-01-12,140.4617156982422,141.6311554318166,139.73076471910252,140.18313478333724,26108000
2022-01-13,137.6376953125,141.87149457613452,137.46090562744897,140.57045524554243,31436000
2022-01-14,138.5250701904297,139.77793411889562,136.06007700509608,136.14001576725417,29662000
2022-01-18,135.06642150878906,136.19215624113983,134.510759996625,135.24221100727823,34872000
2022-01-19,134.19097900390625,137.01450730821685,134.09067289531706,135.58833902307862,28648000
2022-01-20,132.3943634033203,136.6832943570819,132.0537105865044,135.31671267129403,29908000
2022-01-21,129.4586181640625,133.94169047418686,129.19543397045766,131.68526524961257,55652000
2022-01-24,129.9080047607422,130.30427370622866,123.64718576692493,125.11505844265665,76622000
2022-01-25,126.06550598144531,128.51263232248894,125.63398820188476,127.85814979874316,46960000
2022-01-26,128.3477783203125,132.0889733339284,126.27109790890478,130.2208611272421,49130000
2022-01-27,128.12135314941406,131.74386020834598,128.0493400573882,130.4046015787616,31950000
2022-01-28,132.43756103515625,132.44303172603193,127.60489516569507,128.7708494185611,34362000
2022-01-31,134.376708984375,134.54505778023702,131.30390777460377,133.2430331296949,39986000
2022-02-01,136.70115661621094,136.8491380497125,133.44809584204324,136.65199616866573,68644000
2022-02-02,146.98622131347656,150.50842187379808,144.52569849957,150.213959281509,123200000
2022-02-03,142.10983276367188,148.6497323150392,141.688241065003,144.7074256130187,71518000
2022-02-04,142.31146240234375,143.88262665253944,139.5524914323561,142.46192913434274,57998000
2022-02-07,138.2475128173828,143.2619244603311,137.9485645278239,143.2619244603311,54974000
2022-02-08,138.4441375732422,139.04101874272152,136.07547995948318,138.0741915730561,54284000
2022-02-09,140.62210083007812,141.54822358083172,139.22672618566713,139.99791170532907,40144000
2022-02-10,137.67047119140625,140.51535178227655,137.0120182079764,138.74656067127665,39330000
2022-02-11,133.36268615722656,138.20329295411477,132.486223876279,137.6506167768868,39958000
2022-02-14,134.59765625,135.36635645883993,132.3437014572627,132.3437014572627,34302000
2022-02-15,135.67276000976562,137.16248526255038,134.89114828122072,136.62816089438695,26680000
2022-02-16,136.7945098876953,137.1401181080741,133.99977506378778,135.7104796838737,25022000
2022-02-17,131.631103515625,136.17426144417217,131.57101685216045,135.3097257407702,38950000
2022-02-18,129.509765625,133.15165480974724,129.3046828967441,132.55277323596871,45620000
2022-02-22,128.92430114746094,131.27507671013754,127.34518092700627,128.9486237480946,44990000
2022-02-23,126.71403503417969,131.146461476255,126.65394836077941,130.74672218976002,32786000
2022-02-24,131.78208923339844,132.08897834726324,124.09759400552933,124.09759400552933,54456000
2022-02-25,133.53846740722656,134.34490176287858,130.84900920998376,132.63718249004066,36406000
2022-02-28,134.13189697265625,134.8216284091714,131.68427023720545,132.13864070917086,38864000
2022-03-01,133.1431884765625,135.3221600936974,132.30597577184693,133.95459346241825,26496000
2022-03-02,133.6497039794922,134.3359650140929,132.1599788001748,133.7058202345684,23520000
2022-03-03,132.9822998046875,135.50489424688817,132.1142785441231,135.07833193884565,24604000
2022-03-04,131.0029296875,132.93461363828908,129.44467715412816,132.01694707381773,30430000
2022-03-07,125.5128173828125,130.83262443362335,125.42988565473446,130.58732230801365,45112000
2022-03-08,126.23385620117188,130.35096043233546,124.81365114823323,125.38520955872268,40428000
2022-03-09,132.50608825683594,132.8194330626874,129.01069565399868,130.35095429762737,37026000
2022-03-10,131.5223846435547,132.35911244842734,130.01577753476292,130.36685648313625,27102000
2022-03-11,128.9809112548828,132.87902880681497,128.74354993397455,132.57412490739122,31526000
2022-03-14,125.08824157714844,129.5157047953753,124.41687721797516,129.35779732793398,38812000
2022-03-15,128.31300354003906,128.96501590992517,124.85932318871768,126.10622391621135,30920000
2022-03-16,132.3675537109375,132.41968439619922,127.85268781908668,129.83750304335058,35576000
2022-03-17,132.92222595214844,133.1620725593792,131.27954871173705,132.23694993148916,28264000
2022-03-18,135.1930694580078,135.3107575128398,131.35255331585438,132.5105667989843,44566000
2022-03-21,135.16921997070312,136.1112244178566,133.173978749984,135.23079176119532,26832000
2022-03-22,138.90992736816406,140.0838376848272,135.16923238113208,135.16923238113208,35496000
2022-03-23,137.32835388183594,138.63236376165838,136.89088038172886,137.7524310062296,25154000
2022-03-24,140.60226440429688,140.6489395534487,136.80693829894508,138.24650294781864,26396000
2022-03-25,140.7025604248047,141.06208028165258,138.78031728528904,140.94389214459488,24126000
2022-03-28,140.48655700683594,141.02980723169944,138.85380578704,139.9353507908975,35050000
2022-03-29,141.5293426513672,142.80852953836705,141.06554628979546,141.67038342042937,34318000
2022-03-30,140.96624755859375,141.74288866121253,140.63006526780768,141.48417499062563,19884000
2022-03-31,138.11489868164062,141.13456824026574,138.07219395712613,141.07993710759197,37524000
2022-04-01,139.1904754638672,139.5087756948705,137.3600975929248,138.54443389331385,25942000
2022-04-04,141.99215698242188,142.72759360722597,139.34938903607505,139.39706436312292,25942000
2022-04-05,139.6279754638672,142.0110296598707,139.42090753807759,141.89037137348774,21418000
2022-04-06,135.6126708984375,138.40590569725433,134.5887272738365,137.79958340829674,32468000
2022-04-07,134.95767211914062,136.2249325297986,133.3080392474461,135.07833039176163,26234000
2022-04-08,132.37451171875,134.74068416097512,132.054711175335,134.6547746087494,25142000
2022-04-11,127.94107818603516,131.18768319388306,127.78714112721842,130.92052859554875,36884000
2022-04-12,126.83967590332031,130.69856646821188,125.92051646529828,130.69856646821188,32710000
2022-04-13,129.0042266845703,129.44121512067846,126.86597479989753,127.12320332377392,27928000
2022-04-14,125.86193084716797,129.58575166232626,125.73380907373294,129.58575166232626,31598000
2022-04-18,126.80194091796875,127.33426494363471,125.31767872057605,126.13007637850053,20808000
2022-04-19,129.1184539794922,129.44022454936223,126.12956257149347,126.8168237740638,26490000
2022-04-20,127.16294860839844,130.4989489552914,126.62665415280647,129.99541803110722,31696000
2022-04-21,123.95954132080078,129.20734344647272,123.673512070281,128.36466000936693,36446000
2022-04-22,118.81600952148438,124.54301206602497,118.11038133016164,124.1437652925247,56884000
2022-04-25,122.23095703125,122.43306193166998,117.69921703394614,118.28517197562043,46128000
2022-04-26,117.83726501464844,121.6708251413164,117.69921720652222,121.4568014084917,73054000
2022-04-27,113.5115966796875,116.43890115247335,111.9642701529319,113.68539340141608,91820000
2022-04-28,117.71063995361328,118.82991910256544,113.33332937298223,115.61757779171258,48884000
2022-04-29,113.3278579711914,117.11225750315006,113.03488051138018,115.93487697322128,42676000
2022-05-02,115.784423828125,115.94580921166728,111.82870509334481,112.62819126516962,35534000
2022-05-03,116.53026580810547,117.63067774383396,115.23966782294583,115.63295135719578,24968000
2022-05-04,121.42353057861328,122.01296342752673,114.32746860054469,116.22985211462537,49916000
2022-05-05,115.70745849609375,120.20990548103431,114.21773323366315,119.3806259942041,45840000
2022-05-06,114.95365142822266,116.76615498990255,113.23451331524208,114.39550456228451,39710000
2022-05-09,111.74031829833984,114.28874346683119,111.23331708562353,112.47425468443095,40802000
2022-05-10,113.61139678955078,115.45369346873255,112.12713482583916,114.71627925252434,39900000
2022-05-11,112.82433319091797,115.56741475011088,112.46084292776307,112.46084292776307,37534000
2022-05-12,112.07103729248047,113.51209458382574,109.0722196869369,110.61458326418952,53836000
2022-05-13,115.25557708740234,117.06758067088552,112.82683262018276,113.74846982950024,35038000
2022-05-16,113.66107177734375,115.37425431835217,113.10938061192142,114.1680730032844,25990000
2022-05-17,115.6751708984375,116.0992479298773,114.08315444400371,116.04015386240661,23054000
2022-05-18,111.13300323486328,114.60952885152011,110.79135782529033,114.2122672760028,35126000
2022-05-19,109.62788391113281,112.23589554258577,109.24651160347497,110.66820925280025,34144000
2022-05-20,108.16199493408203,111.41506331912538,105.07181220746052,111.18415014796633,48962000
2022-05-23,110.72433471679688,111.37931743190065,107.996149326747,108.83685520107787,37184000
2022-05-24,105.24413299560547,105.72928937706624,101.18661505076277,105.047491186243,76780000
2022-05-25,105.08023834228516,105.77047730423686,103.14508394908361,104.26634814129629,40258000
2022-05-26,107.05413818359375,107.90526250642102,104.5042203882763,104.95312769995195,37948000
2022-05-27,111.5471420288086,111.54863472420854,108.39090958839716,108.73305507461306,37914000
2022-05-31,112.98274230957031,114.94222702566347,111.3107719398825,111.9741954769458,50012000
2022-06-01,113.11185455322266,116.29937309388902,112.47425385777059,114.06826317353504,36606000
2022-06-02,116.81680297851562,117.0919059988239,112.17283789402013,113.21911892677547,37992000
2022-06-03,113.75641632080078,115.52472253823346,112.7409211603864,115.26749397177188,26136000
2022-06-06,116.02029418945312,118.52948481957034,115.36828939248328,115.90508386814868,33542000
2022-06-07,116.34703826904297,116.88483293983977,114.26390982732367,114.68947198764029,31590000
2022-06-08,116.39122009277344,117.75829402333135,115.80128724121266,115.96167999461747,26108000
2022-06-09,114.04888153076172,117.48865758894861,113.98978746801323,115.5306581453314,25798000
2022-06-10,110.40006256103516,112.50305836640055,109.6100098970209,111.67477148150725,41452000
2022-06-13,105.6637191772461,108.04628064601755,105.39209409167354,106.0550175110203,47252000
2022-06-14,105.98451232910156,107.18523046976311,105.07528653929919,105.80525248931403,33706000
2022-06-15,109.01262664794922,110.66025925480368,106.93197599440535,107.80147483796506,39698000
2022-06-16,105.30718994140625,107.904275532212,104.41782377620616,106.48655577638867,51684000
2022-06-17,106.40958404541016,107.95492543163547,104.32644797510493,105.30718677609678,51376000
2022-06-21,110.77993774414062,111.7189644125282,107.85610349476617,108.18334476803008,47416000
2022-06-22,110.72383880615234,112.57009865011098,109.6264044729377,109.79921618859777,30774000
2022-06-23,111.47315216064453,111.9702273097303,109.74358796129896,111.46272602416786,28362000
2022-06-24,117.16688537597656,117.27017686925784,112.17878974433779,112.22100195891159,41164000
2022-06-27,115.04006958007812,117.76725468629267,114.39054242656216,117.46285844800849,36420000
2022-06-28,111.24026489257812,116.50594891671535,111.08185732274715,115.00926788550748,35792000
2022-06-29,110.93637084960938,112.38537667792778,110.1130469412079,110.787896889927,24716000
2022-06-30,108.21662139892578,110.12843854185274,106.0187825786,109.24652068989226,43170000
2022-07-01,107.9926528930664,108.5016392454009,105.99939705274404,107.19365934078476,35476000
2022-07-05,112.4871597290039,112.60037726382436,105.00724802835002,106.36687378213881,39342000
2022-07-06,113.78720092773438,114.7977330534994,110.71240730639667,112.5259035341935,37432000
2022-07-07,117.96935272216797,118.37307002049975,114.04691270803878,114.29172234358994,40936000
2022-07-08,118.53594207763672,118.86516855088318,116.10073455150996,116.44685045649098,38238000
2022-07-11,114.8841323852539,117.1897331383704,114.54050176466727,117.1897331383704,31196000
2022-07-12,113.2394790649414,116.172746938359,112.91124517680676,115.41894329267954,29960000
2022-07-13,110.59075164794922,113.41377989157871,110.43979239256281,110.93586740386377,43722000
2022-07-14,109.61150360107422,110.33203606233151,107.63066634050548,109.4555813251154,37004000
2022-07-15,111.01183319091797,112.36550334245979,110.14034911864573,111.23331281907532,46770000
2022-07-18,108.28316497802734,112.90131491852276,107.62768978683735,111.86843780236956,43164600
2022-07-19,113.03040313720703,113.23896373544594,108.80951548552413,110.09067994082037,36530900
2022-07-20,113.11981201171875,114.60953734749081,111.70954051236691,112.39480901437034,35600400
2022-07-21,113.55679321289062,113.76536142824601,110.3489222258498,113.49720662400904,32676200
2022-07-22,107.1609115600586,111.57049343817368,105.77049971967809,110.23967576417152,48901200
2022-07-25,106.77356719970703,109.11740199417964,105.57185651241846,107.66740378694384,34690900
2022-07-26,104.30062103271484,106.46568857174864,103.35713146074687,105.86980002223551,47991000
2022-07-27,112.28555297851562,113.12973666354446,107.27014929212193,108.51158697347695,59858500
2022-07-28,113.4376220703125,113.55679525021378,110.69652527555763,111.60029563452916,32816600
2022-07-29,115.52323150634766,115.91055948000562,112.28555971746356,112.30542696475278,37223400
2022-08-01,114.07322692871094,115.92048681539644,113.55678460709224,114.51021541975226,26034300
2022-08-02,114.34136962890625,115.55301397748624,112.94103191155993,113.21911273048636,20236000
2022-08-03,117.27117156982422,117.80747356026012,114.68898269438547,114.91740298576683,28499000
2022-08-04,117.38041687011719,117.96637181269178,116.08931866387587,116.67528118358466,21602900
2022-08-05,116.66534423828125,117.30095970035435,115.20541236919229,115.43384022765638,19159500
2022-08-08,116.49652862548828,119.32700535340913,116.07939975731955,117.57905877276136,19138300
2022-08-09,115.83110046386719,116.51637649913262,114.9174041349362,116.33760916719966,19086500
2022-08-10,118.88005828857422,120.09170256532413,117.59890138834766,117.96636205851591,30930400
2022-08-11,118.02595520019531,120.65780450187786,117.74787438229087,120.44924388844952,24293700
2022-08-12,120.84650421142578,120.84650421142578,118.64170978182173,119.43623289096814,19096300
2022-08-15,121.2437744140625,121.4622686635192,119.7838424537241,120.30027720751173,19494800
2022-08-16,120.86636352539062,121.59136642864802,119.81362684941925,120.68759620521304,19041200
2022-08-17,118.7311019897461,120.45918110770077,118.56226070771955,119.29719726513474,22847000
2022-08-18,119.34685516357422,119.99240429519782,117.90679043522003,118.61192615288643,17987700
2022-08-19,116.4071273803711,118.33384108294739,115.96021284676502,118.24445362994561,21809500
2022-08-22,113.45747375488281,114.83795189055648,113.07014579319794,114.41089701265592,21456600
2022-08-23,113.08009338378906,114.22221774037425,112.65303845314018,112.70269899882732,15870400
2022-08-24,112.9112319946289,113.99376191580023,112.09684925393418,112.722531059802,17734600
2022-08-25,115.85096740722656,115.92048761517785,113.32836509749748,113.45747189022575,16956800
2022-08-26,109.58417510986328,114.33143881025576,109.43520866103887,113.93417726674532,37245700
2022-08-29,108.67048645019531,110.1900049513534,108.05473821304507,109.236581726649,21191200
2022-08-30,108.19377136230469,109.74308305128713,107.06158088541234,109.41534170873047,27513300
2022-08-31,107.47870635986328,110.09068842730832,107.38931890965122,109.89206143571225,28627000
2022-09-01,108.98828887939453,109.69342453484326,106.62459439026496,107.53829065559566,28360900
2022-09-02,107.11123657226562,109.98143974980776,106.52528165136928,109.83246571965539,24160700
2022-09-06,106.07836151123047,107.2900058656168,105.05541810364878,106.56501052381782,25068300
2022-09-07,108.70027923583984,109.22665517213872,106.16775093808137,106.32665101955834,23167000
2022-09-08,107.63761138916016,108.84925579418162,106.4259745612731,107.29994397248697,24238300
2022-09-09,109.89205932617188,110.22972672082997,108.27321982491722,108.32288036042995,23197700
2022-09-12,110.10063171386719,110.85542798702407,109.17700172532125,110.22973851202329,22966800
2022-09-13,103.60542297363281,107.55816389040682,103.3769951060123,107.06158881718635,38172900
2022-09-14,104.28076171875,104.55884253765855,102.94994420622076,103.85370686767357,26395100
2022-09-15,102.20509338378906,104.54892094593508,101.64892410483661,103.31741678742414,34188300
2022-09-16,102.09583282470703,102.42356659752467,100.24857304133235,101.37082992122032,42797200
2022-09-19,102.3639907836914,102.62221195722044,100.85440581403213,101.05303282312543,23036800
2022-09-20,100.44720458984375,101.66878259642567,99.8314487750522,101.38076814646514,26517100
2022-09-21,98.59994506835938,102.17528407076615,98.59001144532336,100.97357330597262,31487300
2022-09-22,99.45404815673828,100.54651172658414,98.11329706751228,98.14309035749649,34298600
2022-09-23,98.06364440917969,98.97734831250827,96.802347043361,98.94754744299671,31625400
2022-09-26,97.49754333496094,99.19582909385643,97.13008264794297,97.42802313116289,27072700
2022-09-27,96.83213806152344,99.3150133964343,96.20645620489421,98.74891812315998,30072800
2022-09-28,99.36468505859375,100.01022665623634,96.44482091315537,96.98112295479517,32466300
2022-09-29,96.75269317626953,97.96433766405387,95.30269475589749,97.96433766405387,31047200
2022-09-30,94.99481201171875,98.22254995330734,94.90542455938035,96.38522371736838,32941500
2022-10-03,97.9643325805664,98.60988170924736,95.85885148341555,96.09721298076929,27982000
2022-10-04,100.94377136230469,101.14239834319558,99.6924001667179,99.75199432269207,28850800
2022-10-05,100.73522186279297,101.23179694688893,98.1232396482166,99.14618310911277,22176900
2022-10-06,100.72528076171875,102.2249395259523,99.90096436480401,99.99035181341513,22324000
2022-10-07,98.0040512084961,99.84137736002322,97.62665690197106,99.16603499557102,27502800
2022-10-10,97.1896743774414,98.42117844301296,96.34549826456681,98.32186494334555,18225100
2022-10-11,96.51434326171875,98.57016401156986,95.65029980155646,96.76263082849853,26507100
2022-10-12,96.8917236328125,98.07357470456819,96.07734083455361,96.63351005621553,21876400
2022-10-13,98.3814468383789,99.09651612531559,93.73350405042449,94.49823387339498,34574500
2022-10-14,95.89857482910156,100.0002897453495,95.70988145547351,99.30508010298726,25410700
2022-10-17,99.28522491455078,100.23864818008829,98.1530343131541,98.18282760627487,28419200
2022-10-18,100.07974243164062,102.7612525209111,99.28522681703564,102.42357751242457,24060700
2022-10-19,98.94754791259766,100.32802603161117,98.2424122068316,99.32494982352485,23811100
2022-10-20,99.28522491455078,101.61912632700415,98.709195990434,99.31501820767156,25323200
2022-10-21,100.43727111816406,100.61603844678358,97.05063307454373,97.17973986521672,32458700
2022-10-24,101.81774139404297,102.04616924307577,99.29514689523046,101.1026797115845,27176400
2022-10-25,103.76432800292969,104.10199540713289,102.01638166791882,102.19514899283054,40611400
2022-10-26,94.27973937988281,97.63658399309821,94.04138547726846,95.7694645312069,88114100
2022-10-27,91.58831024169922,94.77632139039405,91.17118898720857,93.87255109519647,60710900
2022-10-28,95.63042449951172,95.88864564835471,91.49891642655986,91.63795683505978,43697300
2022-10-31,93.86262512207031,95.37221005350747,93.3362567418793,94.766387840837,31675000
2022-11-01,89.85029602050781,95.37220847515945,89.75098252011932,94.79617956491805,47161400
2022-11-02,86.374267578125,90.55542869485429,86.2848801267709,90.31707478646692,57038300
2022-11-03,82.8585205078125,85.92735095244444,82.76913305076104,85.72872394565061,61288000
2022-11-04,85.9869384765625,86.04652505857264,83.13659492864404,84.81502104184743,51124900
2022-11-07,87.88385009765625,88.29104527507938,86.25508454223157,86.68213938768645,34078900
2022-11-08,88.29105377197266,89.7013252290992,86.99002186523454,88.29105377197266,30429000
2022-11-09,86.72187042236328,88.82735145908663,86.68214350727783,87.84412735927378,31769100
2022-11-10,93.29653930664062,93.74345389976864,90.98249734617626,91.61811291633558,51620100
2022-11-11,95.74960327148438,96.26603798141977,93.27665410585773,94.04138391402034,33090500
2022-11-14,95.04446411132812,96.12700168973441,93.86262061279506,94.43864192776208,30179500
2022-11-15,97.76570129394531,99.45405348533612,96.04754823383983,97.58693396732818,41640800
2022-11-16,98.17288970947266,98.95747922841689,96.97117895072545,97.22940010842291,29105200
2022-11-17,97.68624877929688,98.59994509335151,96.12700335615402,96.30577068517638,26052600
2022-11-18,96.76261901855469,98.2225509453757,95.70988228857895,98.09343657704217,28342300
2022-11-21,94.94515991210938,97.72598357054807,94.70680597991417,96.62358621558475,21647400
2022-11-22,96.38522338867188,96.55405709268237,93.40577299121226,95.29275218122933,23438500
2022-11-23,97.78556823730469,98.08351632954358,96.42494972921129,96.42494972921129,18868100
2022-11-25,96.79241180419922,97.96432927332067,96.73282522043966,97.56706770161041,9701400
2022-11-28,95.39207458496094,96.9115930964902,94.95508609589683,96.37529110822086,26237500
2022-11-29,94.5379638671875,95.46159379672028,93.46535990183312,95.07426584986467,20061700
2022-11-30,100.29823303222656,100.34789357132563,93.77323675188165,94.17049833327081,43647500
2022-12-01,100.29823303222656,101.54960436160536,99.563304031794,100.32802632483222,28687100
2022-12-02,99.75199890136719,100.07973267716697,98.22254683147696,98.37152086254994,21480700
2022-12-05,98.798583984375,100.68556327887788,98.32186856044572,98.71913015086434,24405100
2022-12-06,96.31570434570312,99.09652020396926,95.75953511234248,98.6198123778136,24910700
2022-12-07,94.28968048095703,96.21638667703273,94.0711862290918,95.74961245738875,31045400
2022-12-08,93.06809997558594,94.92529349040643,92.80987881407734,94.72665891342506,32213300
2022-12-09,92.19412231445312,93.61432720990297,92.1146684907738,93.12767822271735,28225400
2022-12-12,92.67082977294922,92.91911728821455,90.98247769999843,92.07494125173915,29420000
2022-12-13,94.9749526977539,98.84824006656933,94.37906408189035,97.0903675132016,40593700
2022-12-14,94.41877746582031,96.20645063429905,92.95884564108498,94.54788424799176,28733600
2022-12-15,90.23762512207031,92.99858138446136,89.39344899234517,92.49207267577248,40107000
2022-12-16,89.64173889160156,90.70440929917321,88.90680229037655,90.13831399003944,58011800
2022-12-19,87.83419799804688,89.93967137816473,87.6057701392111,89.64173089197104,29493000
2022-12-20,88.41022491455078,88.56913257898219,86.84105340253028,87.5064621987842,23453800
2022-12-21,88.96638488769531,89.60200032488561,87.71501368073093,88.46980985381954,24745600
2022-12-22,87.15885925292969,87.93351515729785,85.72872061278274,87.55612082820765,27658300
2022-12-23,88.61878967285156,88.93659741222335,86.47358174924135,86.5133086638046,23003000
2022-12-27,86.7913818359375,88.33076743671045,86.413987546564,88.19172703656581,20097300
2022-12-28,85.43077087402344,87.43693838041416,85.35132462222182,86.38420166698455,19523200
2022-12-29,87.84413146972656,88.24139306203571,86.01673875309298,86.02667237661274,23333500
2022-12-30,87.6256332397461,87.69515344094961,85.97700050101459,86.38419566315923,23986300
2023-01-03,88.5095443725586,90.4263244711382,87.91364821898763,88.97631857972549,28131200
2023-01-04,87.4766616821289,90.02905710848832,86.67220495736261,89.73110905085134,34854800
2023-01-05,85.60953521728516,86.97015357614328,85.31159473485968,86.87084008200145,27194400
2023-01-06,86.74172973632812,87.0893383476196,84.2787216281847,86.19550170469084,41381500
2023-01-09,87.41707611083984,89.43317735489786,87.25817602105704,87.75475111447206,29003900
2023-01-10,87.8143310546875,88.06261858260312,85.24207590250592,85.3910499346821,30467800
2023-01-11,90.89310455322266,90.9725583891189,88.40030296334042,88.56913668176881,26862000
2023-01-12,90.5057601928711,91.2406966761837,89.13521586883971,90.85336876771541,30258100
2023-01-13,91.48899841308594,91.55851862343924,89.5126240755062,90.22769342607428,26329200
2023-01-17,90.6646728515625,91.6180960310852,89.4331688584874,91.42939508883157,32602400
2023-01-18,90.495849609375,92.16434226058483,90.01913417597157,91.50885948679696,29116700
2023-01-19,92.41261291503906,92.96877450470505,90.00918409441093,90.09857153682633,37000400
2023-01-20,97.34857940673828,97.62666782792186,94.36912880255512,94.44858263717902,63191100
2023-01-23,99.10646057128906,99.35474812430549,96.8321456764025,97.27906024097814,40005100
2023-01-24,97.03076171875,98.92768204637555,96.53418666885439,97.42802327409328,33078500
2023-01-25,94.56776428222656,95.5013279050371,93.11776588375292,94.91536534057045,42330000
2023-01-26,96.85200500488281,96.90166554616475,94.72666416473407,95.83899512609038,30114000
2023-01-27,98.68933868408203,99.63282834879519,96.6434441075587,96.6434441075587,33879800
2023-01-30,96.2759780883789,97.61672927716072,95.73967609743931,96.8122800793185,27226200
2023-01-31,98.16295623779297,98.20268315266414,96.15679628817142,96.20645682604395,29870700
2023-02-01,99.74207305908203,100.49686931883123,96.91159655644073,98.03385353408179,35531100
2023-02-02,107.00199127197266,107.11123839079693,104.88658425472231,105.07528520126132,69883800
2023-02-03,104.06227111816406,107.07151484914603,101.87734382713276,102.22494486291488,65309300
2023-02-06,102.19514465332031,103.64514285952902,101.18212732945823,101.69856961377758,31999600
2023-02-07,106.9026870727539,107.43898909076722,102.41365149635558,102.51296500106885,49010200
2023-02-08,98.68933868408203,102.43351162623514,97.36844709177582,101.35098153887236,94743500
2023-02-09,94.35919189453125,99.34480199770559,92.988639925003,99.31500870743477,119455000
2023-02-10,93.92220306396484,96.08727054839915,93.60439534043017,94.79617240940175,54980700
2023-02-13,93.96192932128906,94.54788422925925,93.19719951937266,94.09103610343493,50076100
2023-02-14,94.03146362304688,94.20029734281495,91.62804189662572,93.78317606675209,54726100
2023-02-15,96.2759780883789,96.4547454186921,93.50508825709151,93.84275567149737,50169000
2023-02-16,94.85577392578125,97.01090795498209,94.09104405920391,94.71673350951889,42462600
2023-02-17,93.7037124633789,94.90542320133379,92.571521930855,94.20028752420988,34284100
2023-02-21,91.1612548828125,92.46227917896354,91.09173467409758,92.36296567753287,33629300
2023-02-22,91.02220153808594,91.4790496414914,89.98932460020401,91.07185449318216,30884000
2023-02-23,90.26741790771484,91.31022861201542,89.14516094882144,91.29036136551639,41206400
2023-02-24,88.51947021484375,89.27426645106479,87.9732421781732,88.82735191404939,36585100
2023-02-27,89.25440979003906,89.54242425273972,88.72803382757155,89.25440979003906,27502300
2023-02-28,89.44310760498047,90.60509913680653,88.70817855378289,88.71811217771574,30142000
2023-03-01,89.74105834960938,90.40646720714943,89.05578224361832,89.36366397752738,31111200
2023-03-02,91.36981201171875,91.64789283593468,88.97631656003954,89.0458443432277,32204400
2023-03-03,93.00851440429688,93.087968235955,91.81672966082834,91.84653053055096,35160100
2023-03-06,94.47836303710938,95.3126130325379,93.35610619046027,93.37596585783857,32639300
2023-03-07,93.21707916259766,95.01467861504145,92.88933777532736,94.32941012372648,27835500
2023-03-08,93.60440063476562,95.30268646381667,93.3561130999254,93.47529384441702,34103300
2023-03-09,91.6876220703125,94.87563316082465,91.2705008234345,93.40577517359714,28813500
2023-03-10,90.00919342041016,92.15440133504755,89.78077313404465,91.53864552759404,35941000
2023-03-13,90.48590087890625,91.93589903010675,88.80747488424304,89.47288359347475,37335600
2023-03-14,93.3263168334961,93.7136447693308,91.806798381047,91.92597154460599,36050200
2023-03-15,95.45166015625,96.26604296450648,92.00542797274241,92.58145687000861,50622100
2023-03-16,99.63282012939453,100.49686346498038,94.84583683514583,95.54103889104195,65492000
2023-03-17,100.92391967773438,102.13555648041809,99.41432722588,99.57323488486855,61028500
2023-03-20,100.52665710449219,101.05302545965556,99.18590594797273,99.43419347981462,32960400
2023-03-21,104.2013168334961,104.38008417201192,100.52666413605763,100.55645742962116,42110300
2023-03-22,102.66194152832031,105.85987888934471,102.62221461004776,103.55577066948071,43427400
2023-03-23,104.87664794921875,105.5718575582382,103.74445745321431,104.34034599156392,40797800
2023-03-24,104.71775817871094,104.76741114179761,103.12871181724563,104.27083604812334,30393300
2023-03-27,101.75816345214844,104.04241182783166,101.23179508502922,103.90337141301279,31120900
2023-03-28,100.33795928955078,101.74823069594882,99.05679467597474,101.7383046499017,32057900
2023-03-29,100.69548797607422,101.78795157003168,99.96055902408595,101.57939095840531,28779600
2023-03-30,100.19892120361328,100.46707599580894,99.09652389599678,100.21878845043828,33086200
2023-03-31,103.01947021484375,103.1783703015433,100.34789383942677,100.60611500458978,36863400
2023-04-03,103.64514923095703,103.81398293626825,101.23179408733668,101.68864224254398,25035400
2023-04-04,104.00267791748047,104.85678759514104,103.32733555786824,103.61534999123135,24420100
2023-04-05,103.75440216064453,105.37323425192203,102.9499529267833,105.05542649237262,28290500
2023-04-06,107.6773452758789,108.42220794255289,103.61536450397485,104.53899451373599,48711500
2023-04-10,105.71090698242188,106.85302362121595,104.39994905536618,106.24720898582663,27067400
2023-04-11,104.62837219238281,105.99892431955422,103.9629633760187,105.82015698023338,26311800
2023-04-12,103.92322540283203,106.018772710828,103.62527734328293,105.84993901307934,24370300
2023-04-13,106.6941146850586,106.75370126589488,105.11500209869247,105.11500209869247,24843600
2023-04-14,108.12425994873047,108.19378015639614,106.10815877215703,106.15781931069009,26578000
2023-04-17,105.24413299560547,105.43283396741354,103.80406058968742,103.94310859537526,37571200
2023-04-18,103.78418731689453,105.81021446659526,103.3571324631272,105.76055392984837,26596400
2023-04-19,103.46638488769531,104.26090805358163,102.36398759416694,102.87049630184782,20905700
2023-04-20,104.56877899169922,105.52220221540108,103.15850761354443,103.19823452834045,27820800
2023-04-21,104.6879653930664,105.27392036941873,104.0622759226367,104.74755197991318,25800100
2023-04-24,105.24413299560547,105.89960821919207,103.98282793741743,104.76741754261379,23542800
2023-04-25,103.13864135742188,105.95919171793508,103.12870773434398,105.10508198445909,46664100
2023-04-26,102.99960327148438,105.62151911538743,101.92699926885099,104.20131406851206,53347600
2023-04-27,106.85302734375,107.62769087152307,102.83077354378922,103.73453629382233,50089200
2023-04-28,106.604736328125,106.61466995148949,104.37014843058833,106.30679582140083,36139800
2023-05-01,106.46569061279297,107.2502801225946,106.0882962921976,106.10815596080403,26681700
2023-05-02,104.59857177734375,106.46569130091618,102.99959945592909,106.4061047175776,30997200
2023-05-03,104.6879653930664,106.75371203414588,104.24104326031167,104.80713856675996,21795400
2023-05-04,103.97289276123047,104.8766554674694,103.25782343309649,104.76740834360812,23419500
2023-05-05,104.84687042236328,105.15474457175311,103.39687198275944,104.10200774315436,26639300
2023-05-08,107.03178405761719,107.22048500326504,104.43966924058789,104.45952890885576,26511400
2023-05-09,106.61466979980469,109.3954933214144,106.45576971187144,107.64754689134159,36360100
2023-05-10,110.9845199584961,112.16637096260268,107.19068700662434,107.2304139185501,63153400
2023-05-11,115.77151489257812,117.11226610524719,113.62631446773452,114.60953101340723,78900000
2023-05-12,116.70507049560547,117.22150521421085,115.31465883871317,115.88075409322448,41102300
2023-05-15,115.71192932128906,117.66843638362967,115.21535423245682,115.31466773479636,36266800
2023-05-16,118.69137573242188,119.92287978836107,115.63247147293116,115.69205805683869,45035600
2023-05-17,120.01226043701172,120.83657687966704,118.07562067620398,118.79068999623586,33323600
2023-05-18,121.98863220214844,122.46534002102402,120.00233194352047,120.12150510967228,35234200
2023-05-19,121.91910552978516,125.10711636653988,121.31328337686475,122.70369499958592,41353400
2023-05-22,124.19342803955078,125.56397250500119,121.89924606366814,122.0978806379514,35253000
2023-05-23,121.72047424316406,123.77629465403467,121.37287322241473,123.30952047024783,34046300
2023-05-24,120.07185363769531,121.07493740233252,119.03897658115086,120.29034788119394,34182600
2023-05-25,122.63418579101562,124.46157845882605,121.12459329600016,123.66705529543533,42317000
2023-05-26,123.7564468383789,124.40199598281583,121.61123877264411,122.32630812788905,35635900
2023-05-30,122.82289123535156,124.79926571471998,121.16433211426707,124.77939846625964,35076700
2023-05-31,122.02836608886719,123.21020965782616,121.66089779225682,121.90918533877162,37325800
2023-06-01,122.8725357055664,123.56773776803037,121.78007207435125,121.97869907015976,30772700
2023-06-02,123.81603240966797,125.28589802529251,122.91226967657958,123.14068997715961,26980100
2023-06-05,125.14686584472656,126.55713738933487,122.99172403119402,123.16056533328893,32305500
2023-06-06,126.43795013427734,127.41123309167713,124.50131026598763,125.14685941446244,26638300
2023-06-07,121.66089630126953,128.15609177061813,121.28350196296054,126.10027879089003,52539000
2023-06-08,121.30335998535156,122.38589760029983,120.40952332556272,121.39274743989765,29389200
2023-06-09,121.39274597167969,122.91226448637528,121.07493822728019,121.41260564070839,23778300
2023-06-12,122.79307556152344,123.20027073226454,120.82664264189053,121.94889950704935,28306400
2023-06-13,122.9817886352539,124.30268019345986,122.33623950268348,124.12391285793474,22278300
2023-06-14,122.82289123535156,123.20029318474613,120.61809643863556,122.2567958883949,30592300
2023-06-15,124.23314666748047,124.60061494495433,121.56157795855897,122.29650693637248,35246300
2023-06-16,122.68384552001953,125.2461749072965,122.43555796490669,125.06740756452986,45535600
2023-06-20,122.25678253173828,123.7167144715317,121.30335929245436,122.08794882394656,26097500
2023-06-21,119.72425842285156,121.81980592970349,119.27733629111745,121.56158475873276,30306300
2023-06-22,122.30644989013672,122.39582977202168,118.01604128555873,119.17802521287189,26952200
2023-06-23,121.5019760131836,121.94889809128166,120.23074513502094,120.5485528545616,34913600
2023-06-26,117.52937316894531,121.16430598553549,117.45985296859634,119.93280204629629,33969900
2023-06-27,117.51945495605469,118.26431754249225,115.30472686510802,116.27801731199209,39535900
2023-06-28,119.35677337646484,119.56533397782131,116.04958188966893,116.2879357802001,27091400
2023-06-29,118.2841796875,119.23760290884682,117.48966412494475,118.42322010037552,24090900
2023-06-30,118.88005828857422,120.25061021079527,118.87013224358246,119.34684002572871,29532200
2023-07-03,119.07869720458984,119.3667116396996,118.00609328979502,118.42321450872616,14467900
2023-07-05,120.91603088378906,121.77014061981656,118.4132958372177,118.42322188319095,27584800
2023-07-06,119.28726196289062,119.47596291107514,117.58897616063236,118.97938784922883,24745200
2023-07-07,118.66157531738281,120.22082064548265,118.5821214921861,119.27732351982279,21709500
2023-07-10,115.65232849121094,117.49958832134938,115.3444543785659,117.48966227568181,35315200
2023-07-11,116.33761596679688,116.90371128814883,114.55987616676374,115.49343979665936,23078800
2023-07-12,118.11534881591797,119.5057605551569,117.59891406672692,117.98624202290381,30404400
2023-07-13,123.68692016601562,123.97493461778386,119.62493212633821,120.1016475306422,44297900
2023-07-14,124.5608901977539,125.91157501012879,122.64411010204061,123.94514195311505,33283100
2023-07-17,123.79617309570312,126.2293880381479,123.34925096248992,125.07733775416551,25716200
2023-07-18,122.9122543334961,123.82595057602916,122.1177312495599,123.7464967522088,26193600
2023-07-19,121.19410705566406,124.32253142648887,120.96568677290944,123.74650254253834,37224000
2023-07-20,118.38348388671875,123.239987064331,117.41020107304092,120.58827822789411,37906800
2023-07-21,119.19786834716797,120.16122512966996,117.91671142173931,119.79376445227325,72937900
2023-07-24,120.69754028320312,122.15747226159789,120.15131222994013,120.82665465609776,29686100
2023-07-25,121.37287139892578,122.30643490674167,120.19102036900003,120.52869533917904,52509600
2023-07-26,128.38453674316406,130.08281518007243,127.44104703885162,129.179059972053,61682100
2023-07-27,128.51361083984375,132.32731856189324,127.9077887011387,130.76806570410903,44952100
2023-07-28,131.67184448242188,132.82390225649658,129.67561820048323,129.8841712389039,36591200
2023-07-31,131.81089782714844,132.61534707710356,130.87733419979864,131.82082387376738,28055500
2023-08-01,130.64889526367188,131.72149916208852,129.78484439440243,129.884165463508,23166800
2023-08-02,127.5006103515625,129.1988884784206,126.68622002320818,128.56327304220613,26273300
2023-08-03,127.57012176513672,128.5036852432117,126.54717841897386,127.09341398106743,20089500
2023-08-04,127.23246002197266,130.6091643030469,127.03383303266261,128.39444382141764,26147200
2023-08-07,130.62904357910156,130.7084974129968,128.1362420519994,128.27528247274873,22746300
2023-08-08,130.49990844726562,130.60915555721093,128.65264877726932,129.72525263284138,23535200
2023-08-09,128.7718505859375,131.1355376104998,128.11636785754888,130.75815086279874,24912900
2023-08-10,128.8016357421875,131.14547052700968,128.56327426848324,130.42047521494374,20857800
2023-08-11,128.6725311279297,129.03999183440246,127.29205302432788,127.7787020538132,19591100
2023-08-14,130.430419921875,130.47013926270824,128.07665875506092,128.50370607466445,24695600
2023-08-15,128.89102172851562,130.51978732378583,128.3944466671007,130.20198716469977,19770700
2023-08-16,127.81842041015625,129.3875994550616,126.99411154985026,127.81842041015625,25216100
2023-08-17,129.03005981445312,131.08588780571418,128.40437039897924,128.91088665122683,33446300
2023-08-18,126.5869140625,128.3646536960574,125.51431010865518,127.6297171477929,30504800
2023-08-21,127.49066925048828,127.84820388077635,125.69307005391427,126.30882582321787,25248700
2023-08-22,128.19583129882812,129.3876085234466,127.44104259256599,127.62972840342931,22054900
2023-08-23,131.46328735351562,132.49617204970477,128.98041184919285,129.28828598704578,27819700
2023-08-24,128.89102172851562,133.3304039899065,128.68246868911157,133.0324559222039,28500700
2023-08-25,128.99032592773438,129.86428761658883,126.3783365970317,128.65264341290467,26762900
2023-08-28,130.1125946044922,131.63211310890395,129.24855883060624,130.41054267784654,20543300
2023-08-29,133.64822387695312,135.6345241905877,131.33418219305656,131.33418219305656,43075600
2023-08-30,134.94924926757812,135.34650327186472,133.15164989363763,133.85677802438667,28315800
2023-08-31,135.23724365234375,137.05471010485502,134.8598417751532,135.0783360036038,30053800
2023-09-01,134.7307586669922,136.51843204322375,133.9263094362553,136.51843204322375,21543700
2023-09-05,134.83999633789062,135.48553785563058,133.65814526775816,134.5122549790437,19403100
2023-09-06,133.53897094726562,135.59478380227105,132.7543738711037,135.08828269985364,18684500
2023-09-07,134.33346557617188,134.65128085502647,132.03929146615658,132.6749068695992,18844300
2023-09-08,135.44583129882812,135.72391214694886,133.9263126807864,133.98589926905944,23558300
2023-09-11,135.9821014404297,136.53826303725594,134.85983704766224,135.6046995764689,20763400
2023-09-12,134.4129180908203,135.9324363867072,134.26395165172022,135.326614277256,18405500
2023-09-13,135.77359008789062,135.96227592351207,133.23111247968916,134.16467622698843,20749500
2023-09-14,137.154052734375,137.74993377942062,135.30679270162085,136.65747761970206,24751000
2023-09-15,136.4588165283203,137.5711549358485,135.5451202625324,137.0348453999781,38919600
2023-09-18,137.26329040527344,138.2067800272706,135.6742440861328,135.6742440861328,21861300
2023-09-19,137.09442138671875,137.46189719712714,135.6841501840954,136.47867322685593,20353700
2023-09-20,132.8238983154297,137.13416606327112,132.7047099998862,137.13416606327112,29927500
2023-09-21,129.5465087890625,131.32424090064023,129.17904808066385,130.53965894518316,31503900
2023-09-22,129.35780334472656,131.12560934891957,128.71226182736228,129.86430445123077,26397300
2023-09-25,130.2119140625,130.27150064557682,128.0766473461499,128.94068310930032,20094600
2023-09-26,127.68931579589844,129.46704780931566,126.34855709746034,128.88109288658347,25718700
2023-09-27,129.64581298828125,130.0033476459015,127.68932114866523,127.68932114866523,22746500
2023-09-28,131.4036865234375,132.38691057211608,128.9009440431534,128.9506045787111,22513100
2023-09-29,129.963623046875,133.13177429920455,129.46704799551972,132.36704447692242,30859800
2023-10-02,133.25096130371094,133.49924885517964,130.27151068608651,130.31124518071243,22288000
2023-10-03,131.5228729248047,133.34033959843973,130.9369179473362,133.0225394165618,22989400
2023-10-04,134.31362915039062,134.64137051208016,131.6221856279351,131.880399206417,26752300
2023-10-05,134.14480590820312,134.5619271771739,132.53589226586496,134.14480590820312,19832600
2023-10-06,136.63760375976562,137.2136326834235,133.09205033852737,133.09205033852737,27597600
2023-10-09,137.47183227539062,137.9882745602618,134.68108297486128,136.00197439996847,19278100
2023-10-10,137.11431884765625,138.76295187271583,136.38932342021002,137.55130737519204,27786600
2023-10-11,139.58724975585938,140.1434113878539,137.63074284413509,137.63074284413509,25884300
2023-10-12,138.01808166503906,140.25266956903684,137.3129383696769,140.08383585702484,24765500
2023-10-13,136.41909790039062,139.0410135497291,135.68416137323422,138.42526533908884,23420500
2023-10-16,138.14720153808594,138.6735699418657,137.0448041887176,137.22356395410557,28501900
2023-10-17,138.76295471191406,138.94171448359813,136.24034458016837,137.6804245719955,23515800
2023-10-18,137.01499938964844,139.75608830865576,136.4389704924277,138.4947833931161,23375000
2023-10-19,136.80642700195312,138.70334734005715,136.43896631236626,137.55128958091115,26066000
2023-10-20,134.67115783691406,136.92559762296315,134.15471554856344,136.38930324394852,26335700
2023-10-23,135.56500244140625,136.7170603116326,133.0324663979107,134.11499648001524,26317900
2023-10-24,137.85916137695312,138.40539695654883,136.47868335993908,136.8858785332984,44814300
2023-10-25,124.74959564208984,127.43109811714302,124.21329363165228,127.28213165074476,84366200
2023-10-26,121.44239044189453,123.47835113459941,120.43930674055568,122.42560689845944,57061100
2023-10-27,121.3331527709961,122.4653433429545,119.38657937399506,122.03828847268005,44566500
2023-10-30,123.60747528076172,124.54103891080094,121.90918931644462,122.36603750768184,28940100
2023-10-31,123.2300796508789,124.51124432870175,121.8496014676639,124.20336261171083,26292300
2023-11-01,125.5838394165039,125.62356633365168,122.87254362109682,123.2201446747215,30082400
2023-11-02,126.61671447753906,128.09650612590542,126.06055280075913,127.54034444912548,27124600
2023-11-03,128.21568298339844,128.6427302490581,126.98417141335472,127.14307906515411,26393100
2023-11-06,129.35780334472656,129.44718321865057,127.78862433400963,128.16602622960193,19052700
2023-11-07,130.07289123535156,131.00645490781392,128.99036108505814,129.81467762235425,29757300
2023-11-08,130.9368896484375,131.30436544572024,129.88415309494508,130.07285401571562,26425800
2023-11-09,129.34786987304688,131.64204409766117,129.17903618057173,131.0560891965532,23747800
2023-11-10,131.6817626953125,131.8903308755952,128.5235527815123,129.20882874695465,26913300
2023-11-13,131.18521118164062,131.6817863001911,130.3509686195006,130.87733703282254,18324800
2023-11-14,132.70472717285156,134.7704814431392,132.4067942311074,133.27083007070482,32395200
2023-11-15,133.69786071777344,134.10505589307232,132.65506524316734,133.94614824111162,23861500
2023-11-16,135.99203491210938,136.28005692536698,133.3999277183977,134.26396344963493,28013200
2023-11-17,134.38314819335938,135.12801082704152,132.73451526045164,135.06842424103002,37240600
2023-11-20,135.31671142578125,135.72390663480266,132.70472161458173,132.774249400923,27815500
2023-11-21,136.03176879882812,136.240321830969,135.02869266524024,135.35641885860446,22635300
2023-11-22,137.54136657714844,138.46498892143381,136.52834920416745,136.52834920416745,17813900
2023-11-24,135.75367736816406,137.18381580805348,135.0584753916252,137.08449474529084,12514300
2023-11-27,135.47561645507812,137.47184281366268,135.06842125397912,135.098214546326,23436500
2023-11-28,136.26019287109375,136.30985340774254,134.49238687712713,135.14786959064773,18730000
2023-11-29,134.06536865234375,137.34275262159616,133.9163870101141,136.62769832512524,23967200
2023-11-30,131.6221923828125,134.6215101750712,130.3807546555512,134.12493508416668,38988300
2023-12-01,130.95677185058594,131.20505937380074,129.77492081540063,130.95677185058594,31442300
2023-12-04,128.38453674316406,129.13932547576,127.02391817626064,128.9903590003365,36669900
2023-12-05,130.09275817871094,131.23487491745817,127.37152100730603,128.06672315933784,27384800
2023-12-06,129.12937927246094,130.93690456062552,128.99033886567904,130.53965058532518,23576200
2023-12-07,135.99203491210938,137.61087441248972,133.77731444870147,134.11498184317722,56767100
2023-12-08,134.06536865234375,135.46569910196538,133.11193766659684,133.2807714043733,32260100
2023-12-11,132.37698364257812,132.4266441834892,130.46021102841993,131.47322847678203,31138000
2023-12-12,131.61227416992188,132.0889820423679,130.36089516762976,130.90713083098981,29032800
2023-12-13,131.6619415283203,132.5855640261378,130.6687912359897,132.4663908404248,30104800
2023-12-14,131.03622436523438,132.80403030049175,128.8016366786629,132.46636290932295,38722400
2023-12-15,131.69171142578125,132.59546651397721,130.28142492549298,130.71841340115773,50847100
2023-12-18,134.8697967529297,136.21054039619156,131.52287035934194,131.72151251769395,32258000
2023-12-19,135.7139434814453,136.52833376775368,135.14785585314146,135.9026444089688,25476800
2023-12-20,137.39239501953125,140.72938029742406,137.12425537662756,138.01808449484534,49107200
2023-12-21,139.45814514160156,139.72629993086744,138.22663347448133,138.5345227569631,27488300
2023-12-22,140.52081298828125,141.01738803787043,139.74615712326357,139.8057437045314,26532200
2023-12-26,140.5506134033203,141.7026560595198,140.22287203546634,140.62012603356706,16780300
2023-12-27,139.40847778320312,141.10677115979163,138.9317699678128,140.62012214444914,19628600
2023-12-28,139.26942443847656,140.17319460263687,138.79271666735764,139.81565998573097,16045700
2023-12-29,138.73313903808594,139.39854778247008,137.82936881563538,138.67355245713628,18733000
2024-01-02,137.2235565185547,138.49478751777463,135.54513031454442,137.60095843072804,23711200
2024-01-03,137.96841430664062,138.67355756715372,136.14102170359678,136.3098554072648,24212100
2024-01-04,135.45574951171875,138.20677969396053,135.41603017325698,137.47184312113336,27137700
2024-01-05,134.80027770996094,136.22049043209554,134.22424875277005,135.8132951970394,22513900
2024-01-08,137.8889617919922,138.05779549726947,135.32663261243945,135.35642590429612,21404000
2024-01-09,139.9844970703125,140.5208065858233,137.20367388846037,137.5512824690421,24759600
2024-01-10,141.30538940429688,142.02045866024227,139.94477867069364,140.03415853912,21320200
2024-01-11,141.10678100585938,144.2252720005351,139.67664230562886,142.50712641269087,24008700
2024-01-12,141.6728515625,142.2190871323883,140.8485503393483,141.69271880711432,18785500
2024-01-16,141.5139617919922,143.36122156572418,140.48107721191207,141.02731279231332,22670500
2024-01-17,140.50096130371094,140.86842203173782,137.94855799209301,140.3817881279767,20968600
2024-01-18,142.49717712402344,143.22218763363355,141.017393121632,141.076979705048,25746400
2024-01-19,145.3773193359375,145.44683196408025,143.39101909701728,143.74855374619364,34271900
2024-01-22,144.989990234375,147.37354444028344,144.84100862508816,146.09238746431797,32200400
2024-01-23,146.03280639648438,146.17184682560335,144.50336167617556,144.89068966831204,21636100
2024-01-24,147.68142700195312,148.8235587881105,147.08554599350785,147.5225193379935,25233500
2024-01-25,150.8297119140625,152.00163699834405,148.5156701926149,149.0420537261972,29149100
2024-01-26,151.1475372314453,151.49513072238005,149.97561206972168,150.06500710843747,26115500
2024-01-29,152.45848083496094,152.72663563055315,150.39272661279912,151.01841608442453,27784300
2024-01-30,150.4225311279297,152.56772397377597,150.15437633934806,151.7533487161558,36331800
2024-01-31,139.14035034179688,143.0136300951665,138.91191488265414,142.63622816638244,71910000
2024-02-01,140.19309997558594,142.08007948375052,139.82562405970643,141.14651577713002,40466500
2024-02-02,141.40472412109375,141.64307045990364,135.56499635195138,138.3060853281464,62499600
2024-02-05,142.69581604003906,144.47356341654853,141.801986905598,141.84172140070675,38505400
2024-02-06,143.11294555664062,144.36430931528574,142.20917526492912,143.65916602671757,29128200
2024-02-07,144.54307556152344,144.62252939720187,142.94410310988516,143.76841960649566,25208900
2024-02-08,144.91053771972656,145.32765895182595,144.10608854680143,144.83108389157408,22563800
2024-02-09,147.97938537597656,148.41637390512574,145.17869443239508,145.6752695511064,26829500
2024-02-12,146.51943969726562,148.3170390352505,146.3605320370219,147.403342720252,21564100
2024-02-13,144.14581298828125,145.6653315141202,142.70574829340842,143.92731874169158,27837700
2024-02-14,144.94032287597656,145.5163517320503,143.10298919446083,145.07936327887248,22704200
2024-02-15,141.79205322265625,142.53691584599866,139.49787876744466,142.15951393413914,37590700
2024-02-16,139.55746459960938,142.20917370588808,139.18006268978624,142.0105467049223,31468900
2024-02-20,140.15335083007812,141.1067816862522,138.53452631527114,138.70336003010283,25144700
2024-02-21,141.5735626220703,141.71260304250615,139.71636146177912,140.4810913513108,23223300
2024-02-22,143.1029815673828,144.00675171517096,141.821824720001,143.937223940295,27191900
2024-02-23,142.97390747070312,143.68896166282684,142.44752393009878,142.68588543031947,19493800
2024-02-26,136.62767028808594,141.46430655871978,136.44889538495062,141.16635848967314,53641800
2024-02-27,137.92868041992188,138.29614108006908,136.1509333875122,137.0745707916409,33099200
2024-02-28,135.44583129882812,137.06465584590177,134.48247437702784,136.95540871597794,37328600
2024-02-29,137.51158142089844,137.90883543358922,135.46567930816036,136.33965632120305,42133000
2024-03-01,136.20062255859375,137.9187682211517,135.98212829465342,137.48177969327108,31151100
2024-03-04,132.4365692138672,134.73074347371,131.00643067415544,134.73074347371,55999400
2024-03-05,131.76123046875,132.32733333640527,129.77493014030705,130.97664850689333,40194800
2024-03-06,130.49990844726562,132.6649834022908,129.95368805180595,132.20812771862853,35318600
2024-03-07,133.4595184326172,134.01568007704142,130.70848834758843,131.88039821915834,37738200
2024-03-08,134.48245239257812,137.14408726212994,133.08210718000322,133.29067535913302,39370400
2024-03-11,136.72698974609375,138.147202448987,135.1975450664785,135.1975450664785,32437800
2024-03-12,137.55128479003906,138.4252617016085,136.09135297378896,136.09135297378896,27563400
2024-03-13,138.83242797851562,140.12352597353157,138.03792012398208,138.04784616817068,23347200
2024-03-14,142.1197967529297,142.6064306421688,139.49788088513242,140.22287627299642,42753400
2024-03-15,140.21292114257812,142.19922130430962,139.07080461128953,141.52388652336936,49475400
2024-03-18,146.6684112548828,151.10779377020597,146.16191011880434,147.59204880216603,69273700
2024-03-19,146.02285766601562,147.7707963825931,145.0793681039668,147.14512212588627,24070400
2024-03-20,147.7211456298828,147.84031878791893,145.73484550652196,146.98620912870308,21311500
2024-03-21,146.5889892578125,149.3400046573961,145.89377192953626,148.44617545571356,24755600
2024-03-22,149.73724365234375,150.54169280238673,147.959496500819,148.09853690756384,29211800
2024-03-25,149.04205322265625,149.3499273505425,146.8074653411052,148.91293885124503,19229300
2024-03-26,149.637939453125,151.21704464082924,148.9526633875218,149.1910248920745,22149100
2024-03-27,149.8365478515625,150.60127765702768,147.88004097990625,150.1444219519495,22879200
2024-03-28,149.89613342285156,150.3927084599446,149.14134482200646,149.81669475267208,24485400
2024-04-01,154.4249267578125,154.67321430251357,149.57834903588156,149.6578028686982,31730800
2024-04-02,153.5012969970703,153.64033742298443,151.10780130772653,152.44856017882478,24586000
2024-04-03,153.85882568359375,154.01773335108788,151.6838243418592,152.54787531244028,24705000
2024-04-04,149.49888610839844,153.7098480658943,149.41943228041532,152.4485431723482,34724700
2024-04-05,151.45538330078125,152.36907953234603,148.57525420463722,149.00230145399445,23459200
2024-04-08,153.78932189941406,154.2064431848851,151.56465988929844,151.73349361287455,20702000
2024-04-09,155.52731323242188,157.47387896093983,154.1269679407953,155.02079697777037,31079500
2024-04-10,155.07046508789062,155.5372468745642,153.6204591891085,155.13999287301036,22838600
2024-04-11,158.3180694580078,158.58620908812793,155.38827953878376,155.83519407658596,27166400
2024-04-12,156.64956665039062,159.12251594365648,156.06361170739086,156.87800209265978,25353700
2024-04-15,153.79922485351562,158.1492271341313,153.53107008373672,157.77182524735122,27136500
2024-04-16,153.34237670898438,154.5838143933326,152.3790198535887,153.1338236644043,20779500
2024-04-17,154.40505981445312,156.0040322116408,153.5211567597512,154.55402627985885,21763100
2024-04-18,154.94134521484375,155.86498270934086,153.56086715021243,154.2759364510269,19883000
2024-04-19,153.03451538085938,155.288970647292,151.2567831361415,155.13006297338708,32615600
2024-04-22,155.20950317382812,156.56018797481067,153.004708643485,153.252996179296,26446200
2024-04-23,157.17593383789062,157.88107709681086,155.20950082719352,155.88485079460835,21151600
2024-04-24,158.04000854492188,158.47699709180742,156.09342733268733,156.41124269561158,22779100
2024-04-25,154.93142700195312,155.4180760423038,149.8365617646382,150.2934175121377,57109700
2024-04-26,170.7721710205078,173.51327522567658,168.48792256762354,173.17559264604492,64665300
2024-04-29,165.0118865966797,168.3886061017505,164.07833821221814,167.90195708676399,45610000
2024-04-30,161.66497802734375,166.94854402823327,161.48621827680026,164.4755947325024,33562900
2024-05-01,162.73757934570312,165.9752432828852,161.97284950974932,163.174567823391,33493200
2024-05-02,165.47866821289062,165.58791533230615,162.76737262737393,163.66120167403318,24294500
2024-05-03,166.09442138671875,166.80949064181576,161.93312021322197,166.41222152550228,34662400
2024-05-06,166.94854736328125,166.98826670166156,164.89271926535207,166.31293186931515,21871300
2024-05-07,170.0769500732422,170.5834511551503,167.23654025708916,167.34578737133612,28039700
2024-05-08,168.21978759765625,168.98450234909356,167.58417206875262,167.84238566808955,19569100
2024-05-09,168.79579162597656,169.52078692984816,167.02797056928586,168.22968881517772,15346700
2024-05-10,167.49476623535156,168.68655853520565,165.05162536004164,166.87901799355728,29799900
2024-05-13,167.98141479492188,168.12045520894833,162.87662365956714,163.13483724153954,31327600
2024-05-14,169.17320251464844,170.0769728394624,167.64375786472982,168.60711477724234,25127100
2024-05-15,171.32833862304688,171.4673790473729,169.34203818737842,169.4612265184219,26948400
2024-05-16,172.98687744140625,173.9204409616944,171.50709348859317,172.1029744570571,27867900
2024-05-17,174.85400390625,175.06257209479978,172.50024302231847,172.9868768718215,24479300
2024-05-20,175.7081298828125,177.545463796925,174.8738873598263,174.9831344869509,22554400
2024-05-21,176.6317596435547,176.92969256413505,174.60572485799662,175.68825488082155,16989400
2024-05-22,175.17181396484375,175.93652860666225,174.00983020298898,175.4300275271668,17880000
2024-05-23,172.3612060546875,177.02900857965074,171.7653099220249,175.85709871415395,21024900
2024-05-24,173.79136657714844,174.5660225547883,172.46053373352476,173.78142537597992,16579400
2024-05-28,175.19168090820312,176.0557318461207,173.1755873101766,173.2550411409201,20572200
2024-05-29,174.69509887695312,175.62866240818713,173.52318901724615,174.22831711133614,23388700
2024-05-30,170.9310760498047,174.01977367898226,170.6132607219414,173.99990643242356,22931500
2024-05-31,171.31838989257812,171.8745515162422,168.27935305307957,170.6827744434952,37638900
2024-06-03,171.9838104248047,173.33449524100553,169.9875840699293,171.35812097814537,27459100
2024-06-04,172.59954833984375,172.6591500751279,170.71256922107634,172.09304724693698,26879600
2024-06-05,174.2084503173828,175.4399466552728,172.7385773626021,173.99988214330352,22068500
2024-06-06,175.5194091796875,175.9365303942632,174.5461263456775,174.69509279578756,23251000
2024-06-07,173.26498413085938,176.65161466995326,173.10607646773101,175.83723941639084,19661400
2024-06-10,174.0106658935547,176.04896317552084,171.77351367054146,173.97090097400908,23726700
2024-06-11,175.6114959716797,175.83024098669136,172.77777855811084,175.21378603801926,21540600
2024-06-12,176.77481079101562,179.3798608836739,175.1044108888481,177.2321908623203,27864700
2024-06-13,174.1598358154297,175.7308157979112,173.8814358359176,175.10440825817855,20913300
2024-06-14,175.78053283691406,176.04899540088178,173.1556076882918,173.2252152748125,18063600
2024-06-17,176.22796630859375,177.34156626154072,173.81183370223593,174.45813130980525,19618500
2024-06-18,174.09022521972656,176.3770951589655,173.10588787052086,176.1285226693017,21869900
2024-06-20,175.29330444335938,176.27764168979323,173.99078716097898,174.36860698909152,20160100
2024-06-21,178.60430908203125,179.81734403821838,175.60154917641552,175.98932165115332,57759000
2024-06-24,178.19664001464844,179.85710235428542,177.6497775263464,179.1312749634446,18298000
2024-06-25,182.97918701171875,183.23769694925022,178.39550951673985,178.59436448189186,23130200
2024-06-26,182.83004760742188,183.45643998230676,181.4380325230597,181.58718512405983,19839000
2024-06-27,184.35130310058594,184.98764806113232,182.9692406782277,183.12831553961882,18848900
2024-06-28,181.1099090576172,184.07290404421764,180.92100671054675,183.2675316089203,29156600
2024-07-01,181.9451141357422,182.83003153925785,180.26476177845004,181.98487905618407,16006100
2024-07-02,184.18228149414062,184.51039900838427,180.52328647575237,181.01049402811313,17372500
2024-07-03,184.7589569091797,185.02740425917852,182.94934200477914,183.794494490313,10242100
2024-07-05,189.51168823242188,189.77019818175984,184.7390929924964,184.7987479676004,20967500
2024-07-08,187.95062255859375,189.0841124617017,186.7077601573061,188.8156499349587,21035900
2024-07-09,187.90090942382812,190.26732434616932,187.64239950011057,189.22331687033287,15121400
2024-07-10,190.08834838867188,190.65510095160317,187.9506310307602,188.06994097173066,15952500
2024-07-11,184.51039123535156,189.77017833635344,184.02318370351583,188.76595095990965,25625800
2024-07-12,184.0132598876953,186.0416048375752,183.43656985987124,184.02319732602172,22898400
2024-07-15,185.46490478515625,187.16514729008762,183.86409734476058,183.86409734476058,16474000
2024-07-16,182.86981201171875,187.6026268731147,182.32294948626117,186.29017198367765,18290700
2024-07-17,179.9863739013672,182.5019263017259,178.8727588226684,181.92523630082098,20734100
2024-07-18,176.67538452148438,181.45791677729983,175.4623495627197,180.89116422058456,25315700
2024-07-19,176.6455535888672,179.2605258026029,176.11858113676493,177.8585885239563,18881900
2024-07-22,180.6326446533203,181.6567620385204,179.20086476715244,179.5588097386944,24100300
2024-07-23,180.751953125,182.56156801417904,180.50338065154088,181.01047820725972,36352700
2024-07-24,171.644287109375,175.18395707272086,170.8389146389314,172.60874962060436,49585200
2024-07-25,166.3248291015625,172.42976906222302,166.2353466432372,171.53491413564743,44852000
2024-07-26,166.04641723632812,167.1301896118219,163.12320243356427,166.19555465619968,41336900
2024-07-29,168.56198120117188,169.45683612568504,167.03078128837655,167.86598124081036,20293800
2024-07-30,169.317626953125,170.2522619227889,167.47819966988007,169.2679245935279,18959700
2024-07-31,170.56048583984375,173.25501819286436,169.0392234792002,172.25079083759002,25729100
2024-08-01,169.7849578857422,173.0561805386624,167.91570297002085,169.2778754387371,24531400
2024-08-02,165.70838928222656,167.54781683731068,163.7297465503833,165.48964424969463,29130100
2024-08-05,158.34068298339844,163.49109791672467,154.04534288788773,154.61209547201543,53630700
2024-08-06,157.38616943359375,159.65316476450204,155.51691440769267,158.42023960862736,49004600
2024-08-07,158.03244018554688,162.0493647327587,157.56512271570298,160.329247442372,25138600
2024-08-08,161.10479736328125,162.7553223007696,159.295197566251,159.59347241017986,25578800
2024-08-09,162.7354278564453,162.85473779079283,158.15175076145542,159.09632314224646,28602300
2024-08-12,161.3633270263672,163.9584246876545,160.91589953407535,163.41157729244355,15895300
2024-08-13,163.22264099121094,163.78937837052388,162.03943352934883,162.47692353255772,18551700
2024-08-14,159.4542694091797,162.2880017461777,156.80946975586303,161.47267673043564,40591100
2024-08-15,160.3789825439453,160.71703750803647,158.6986299901853,159.58354749716605,31524300
2024-08-16,162.02951049804688,164.11751046492753,160.20995791655398,160.54801288666866,24208600
2024-08-19,165.7183074951172,165.73819754258415,163.32206502598987,164.3362450435517,22416200
2024-08-20,166.22540283203125,167.67707297668008,165.8674729797842,165.9470028325088,18341500
2024-08-21,164.90298461914062,165.89727451091318,163.72971465758596,164.20696955757205,22902000
2024-08-22,162.8647003173828,166.63305263271135,162.3774927696954,166.30493512161505,22493300
2024-08-23,164.67431640625,165.23111641753695,162.89454385791046,163.77946141263345,13955700
2024-08-26,165.2112274169922,166.59328988817313,163.52093747817295,165.42997242725056,14190400
2024-08-27,163.73965454101562,165.48961448654234,163.52092471948473,164.89303447390188,11821900
2024-08-28,161.9201202392578,164.65441753105478,160.6076502567984,164.0976024292579,16407400
2024-08-29,160.85623168945312,165.0223091315335,159.33496923436493,163.37178412416296,19699800
2024-08-30,162.4470977783203,162.72549775211684,160.76674532612375,161.69142770230633,22123800
2024-09-03,156.46145629882812,160.92582332682352,155.58647634851752,160.79656078734774,38945300
2024-09-04,155.55665588378906,158.09209822934648,155.06946352992597,155.76546344377343,19353800
2024-09-05,156.3421630859375,158.5395354620366,155.08934799190737,155.40752807028366,18688700
2024-09-06,150.0582275390625,156.92877428174015,149.69034513675084,156.4018018567198,37912100
2024-09-09,148.05706787109375,152.7264627958575,146.57360452316883,151.84037111346015,39260500
2024-09-10,148.00729370117188,150.60583478404823,147.68869140831964,149.78942780245947,31118800
2024-09-11,150.49630737304688,150.83481089337806,146.87229008202618,149.2617463560954,29607700
2024-09-12,154.0108184814453,154.14025256310887,151.97976682488095,153.1247267348267,29621500
2024-09-13,156.76866149902344,157.6846203163579,154.5285403677334,154.7475604574538,29591200
2024-09-16,157.3660125732422,157.555180781803,155.91243141908913,156.61930555531896,18379800
2024-09-17,158.6204833984375,159.84507860249886,157.68460821141127,158.32179756550258,20715600
2024-09-18,159.10833740234375,159.79531032602117,157.9036585234899,159.1581209112091,23677300
2024-09-19,161.4281005859375,163.07084994877528,160.631610061734,162.9912145689688,26587700
2024-09-20,162.87173461914062,163.01111932448998,161.34845348503907,162.78213342108606,40896400
2024-09-23,161.13937377929688,164.76339107979564,160.9601562027871,163.6283970678755,24150900
2024-09-24,161.5774383544922,162.5033629705114,159.98447247380625,162.31419475907774,23332100
2024-09-25,160.7809600830078,162.09515653085376,160.59179187501798,160.7610436422212,18869200
2024-09-26,162.0155029296875,163.35958160947462,161.56748176702274,162.9215110711205,20319300
2024-09-27,163.2301483154297,164.97246466107853,161.91595188587257,162.09515427507873,21101300
2024-09-30,165.12181091308594,165.42048155404993,162.54317124235408,162.60292056233942,20413900
2024-10-01,166.25680541992188,168.41727581616183,163.85738331840562,166.9537289039037,28338100
2024-10-02,165.13177490234375,166.78449014447432,164.00673142434744,165.6893137329917,17760200
2024-10-03,165.13177490234375,165.90834901528822,163.2002902448892,163.68814431760305,15073100
2024-10-04,166.32650756835938,167.491368768802,164.75344285896497,167.3221169901183,19047400
2024-10-07,162.26441955566406,167.7402713838118,162.03543364200755,166.98361369115,22463100
2024-10-08,163.65826416015625,164.0067183055417,162.15488437084886,163.22019363060423,23072700
2024-10-09,161.1493377685547,164.11624952090352,159.0386507061608,162.7323530653501,31181800
2024-10-10,161.36834716796875,162.35400578293851,159.69571574787986,160.1636533052279,14144100
2024-10-11,162.5232696533203,163.18036025385564,160.53205102817606,161.41814270869355,15344300
2024-10-14,164.2357177734375,165.50013065374594,162.6825544952434,162.9215061976869,19016100
2024-10-15,164.73353576660156,166.94377462807307,163.90717815283185,165.06207349535208,20247200
2024-10-16,164.43484497070312,165.07203435121127,163.02108150744417,163.80760621471472,16406000
2024-10-17,162.21463012695312,165.63952884881675,162.04537835418347,165.0023394488277,21453400
2024-10-18,162.70248413085938,163.98682874694387,162.36398058545478,162.47349822564962,19757700
2024-10-21,163.34963989257812,163.77774463817317,161.90599412379152,162.234547045473,20946500
2024-10-22,164.41493225097656,165.0421710211609,162.26441234616763,162.26441234616763,16568100
2024-10-23,162.0653076171875,165.09196890043052,161.21903349459384,164.03661010564252,18280500
2024-10-24,162.0055389404297,162.61286119271972,160.30304043260298,162.11505656598337,22412500
2024-10-25,164.54437255859375,164.86295967221815,162.70248906090407,162.9513914150895,19828900
2024-10-28,165.9879913330078,168.00907708946656,163.23014919167423,168.00907708946656,32138600
2024-10-29,168.93499755859375,169.63193629969666,166.35637283025375,166.99356224559247,42169000
2024-10-30,173.69400024414062,181.22080390832798,173.29574742034202,179.88667593834245,68890800
2024-10-31,170.35870361328125,176.0436392565969,170.24918598538505,172.36983860201502,44769000
2024-11-01,170.5379180908203,171.56340969304173,168.13851111414587,169.32328866587017,31796500
2024-11-04,168.49693298339844,169.98038120201446,167.27232253666486,169.18389067835992,21492700
2024-11-05,168.99473571777344,169.78126041606683,168.09867819204692,168.6860840596654,18242100
2024-11-06,175.73500061035156,176.16312052987965,172.7382219408271,173.03690778369432,33695500
2024-11-07,179.95639038085938,180.28494329004707,176.41202351829116,176.63105879108298,25352900
2024-11-08,177.5669403076172,180.1057320918823,177.29812151933496,179.85682974504894,22006200
2024-11-11,179.5581512451172,179.7572700755342,177.68640081725277,177.79591845275107,17450400
2024-11-12,180.82257080078125,181.68876129211964,178.60236613626623,179.03048606955645,25134900
2024-11-13,178.0946044921875,180.16547375277025,177.75608576913012,179.66766908027805,23184000
2024-11-14,174.80909729003906,178.03487716000262,173.55463493650558,177.49723958577857,31007500
2024-11-15,171.73265075683594,173.37539999767293,170.46822271325942,172.9671965454628,32504600
2024-11-18,174.5303192138672,174.6697039128958,172.1408476982141,172.6585688053745,20135300
2024-11-19,177.3379364013672,178.08464343003916,172.7979600977284,172.95726124320882,23434900
2024-11-20,175.2073211669922,176.89985394642653,173.01698373526585,176.56135042889815,18997100
2024-11-21,166.89401245117188,173.3654737011491,162.98125951876034,173.13647259575043,59734400
2024-11-22,164.03659057617188,165.7291386198519,163.18036592990532,165.12181631038618,38604600
2024-11-25,166.91387939453125,167.88958736669073,164.8828432733044,165.36073144445345,33135300
2024-11-26,168.37745666503906,169.07439539763973,166.844224875264,166.89400838356315,20486700
2024-11-27,168.48696899414062,168.73587133599466,167.28229016697128,168.25798309333703,19266500
2024-11-29,168.20819091796875,168.68607913599834,166.4260569265254,167.76016976407897,14257200
2024-12-02,170.73704528808594,171.32445113236562,167.82986793872016,168.02898676148365,23789100
2024-12-03,170.5876922607422,171.9218050645491,170.09985343093683,170.73704276945597,22248700
2024-12-04,173.60438537597656,174.14202289483944,170.30892108827348,170.39852227748662,31615100
2024-12-05,171.88198852539062,175.2869705000764,171.57335207382965,174.5900470301335,21356200
2024-12-06,173.94290161132812,174.31127217851045,171.10540912546608,171.27466087773342,21462400
2024-12-09,174.80010986328125,175.68721709610546,173.08569798716198,173.3947033817355,25389600
2024-12-10,184.5682830810547,185.75441857624554,180.46167600322863,182.2558298947272,54813000
2024-12-11,194.7650146484375,194.97433891650417,184.24931049684508,184.7078071462048,67894100
2024-12-12,191.3362274169922,194.54574994637335,191.08703979883614,194.36634216171947,34817500
2024-12-13,189.2031707763672,192.10370292043277,189.0237477931648,190.3892909926089,25143500
2024-12-16,196.02093505859375,198.3533273175459,191.99405497177682,192.2432425689094,44934900
2024-12-17,194.7849578857422,200.76546017959686,194.34638528405358,196.60901291047233,43504000
2024-12-18,187.78778076171875,196.35984080968126,187.1299370164791,194.5856262059038,34166100
2024-12-19,187.89739990234375,192.40271566857012,187.76783270124025,191.00727128528027,32265200
2024-12-20,190.78799438476562,192.263180692445,184.61810708296375,185.1762848637503,63462900
2024-12-23,193.99752807617188,194.46600196365952,189.53207549795792,191.99405011204706,25675000
2024-12-24,195.47271728515625,195.47271728515625,193.15028707875092,194.20684004621347,10403300
2024-12-26,194.96437072753906,196.11062752392144,193.74833410760493,194.5158209114561,12046600
2024-12-27,192.1335906982422,194.68528435280825,190.0304468655215,194.31647638353087,18891400
2024-12-30,190.61856079101562,191.92430144195808,188.50543950298513,189.1832377151322,14264700
2024-12-31,188.68484497070312,191.3362045613809,187.897403674237,190.45905938330324,17466900
2025-01-02,188.81442260742188,191.37607845803336,186.89070161917323,190.03045932269364,20370800
2025-01-03,191.166748046875,192.58214696582633,189.36263229859958,190.74811471378376,18596200
2025-01-06,196.23025512695312,197.57587431060844,193.22007973541784,193.34964695093382,29563600
2025-01-07,194.85475158691406,200.34684110917007,193.96764429186354,196.4694824542812,26487200
2025-01-08,193.3197479248047,195.6521403419425,191.7548576174653,191.944242637603,24864800
2025-01-10,191.41592407226562,195.88137644043036,189.69155028344466,193.6685895212531,26665200
2025-01-13,190.3892822265625,190.55872796393814,186.75114946876002,189.45234965681547,21823700
2025-01-14,189.04368591308594,191.3561389494114,187.69806677944703,190.61855338184407,17174900
2025-01-15,194.91453552246094,195.72190087885951,191.23652426846428,192.462522950062,21776000
2025-01-16,192.28311157226562,194.8447520350506,192.1834304546711,193.50911023082176,17815400
2025-01-17,195.3630828857422,196.58908164731528,193.12039443424771,195.89135939313564,27735100
2025-01-21,197.4064178466797,201.63262976778796,197.22699486763423,198.4231075033933,29971300
2025-01-22,197.72537231445312,199.82851627036754,196.88810562725033,198.41313252508547,26200600
2025-01-23,197.33663940429688,199.64910762651434,194.5656745164631,197.49612311807823,26951400
2025-01-24,199.5594024658203,200.24714745985025,197.35657740975262,197.45625853253006,23877500
2025-01-27,191.18670654296875,196.24023876132983,190.11021420279943,191.7847629127979,41728900
2025-01-28,194.6653594970703,194.84476727172617,190.06036222791346,192.1236428916819,24157900
2025-01-29,194.77499389648438,196.15049906796548,192.80141720875304,194.92450036864417,18218300
2025-01-30,200.21725463867188,200.74553115150178,197.0276562944523,197.35658576249432,24354700
2025-01-31,203.3570098876953,204.81225687597484,201.1442229024234,201.3435699298202,32001100
2025-02-03,200.57606506347656,203.08788015886492,199.44974753049775,200.03782657620917,27838300
2025-02-04,205.7093505859375,206.37717152288226,202.1509443892273,202.7290614411804,43856400
2025-02-05,190.70826721191406,192.12365103908184,187.41898765422886,190.4491175677977,70373900
2025-02-06,190.97738647460938,191.4757616843978,188.1067403992826,188.88420450981621,29297400
2025-02-07,184.7377166748047,190.5587353980611,182.64454994685505,190.42916818748597,49315000
2025-02-10,185.8640594482422,187.58843348505013,185.2560410594202,186.74120471977687,23105600
2025-02-11,184.71780395507812,186.332534845636,183.6811749516247,184.42873780232077,21239500
2025-02-12,183.01333618164062,184.50846173776452,181.23912173844323,182.62460414541655,22072600
2025-02-13,185.53512573242188,185.6746701852319,182.54487442146038,183.72104784589166,21402500
2025-02-14,184.62806701660156,185.79426312591357,183.7210357377169,184.45862127858567,20448400
2025-02-18,183.17282104492188,185.35570680408472,181.14941899629233,184.99687605998665,29916700
2025-02-19,184.66795349121094,184.85733850337527,182.99340488662492,183.47185603605197,19549400
2025-02-20,183.9602508544922,184.7078136523139,182.12623377404523,184.1994764251086,20441500
2025-02-21,179.076171875,184.73770657345142,178.49805484578573,184.54832157311532,35199200
2025-02-24,178.66751098632812,182.52493020594952,178.30868023037235,181.3986125849473,29854200
2025-02-25,174.84994506835938,178.15916354017307,174.1223215693703,177.46142612582926,41913400
2025-02-26,172.16868591308594,175.50780571224857,171.0224290795126,174.50109332110333,35431300
2025-02-27,167.9524383544922,173.99274319952536,167.3942605774098,173.4246033939964,39991000
2025-02-28,169.72665405273438,170.05558350433006,166.22806568264113,168.13184735576206,48130600
2025-03-03,166.46728515625,172.80661854958163,165.39079285822712,171.37129548555112,40770500
2025-03-04,170.3645782470703,172.72687185175528,165.2612210149662,165.69979362882594,45388000
2025-03-05,172.457763671875,173.21528852342593,168.51062527668861,169.96588759666264,30954900
2025-03-06,171.78994750976562,174.24194511914502,169.9459530788933,169.97585437589512,28302000
2025-03-07,173.29501342773438,174.40140690524717,169.7166833840427,170.7034564793899,27385800
2025-03-10,165.52139282226562,168.10596109578225,163.34598174937858,167.906369246359,43604000
2025-03-11,163.6952362060547,166.39954739419704,161.03084947828359,164.56341811184632,39587400
2025-03-12,166.7587890625,167.2876739545911,163.1863112454469,166.2299041704089,28372400
2025-03-13,162.41793823242188,165.78086619728484,161.76931036259103,165.69104376890482,31756200
2025-03-14,165.14219665527344,166.14009496437765,162.10857726863358,162.92686119092454,31995900
2025-03-17,163.9447021484375,165.95048744156196,163.32601008577632,164.68315235917976,31184300
2025-03-18,160.3323211669922,163.90479897801157,156.39062585030788,163.3359896270705,42074800
2025-03-19,163.54556274414062,165.52139724714462,160.66163707283374,161.42003435006743,34275600
2025-03-20,162.45785522460938,164.5434591319573,160.62172590598882,161.23044451155243,28138500
2025-03-21,163.64535522460938,163.89482981108262,160.55186426165298,160.87119904116452,36625800
2025-03-24,167.3275909423828,167.96626051519195,164.79293578885944,166.71888755590038,30879100
2025-03-25,170.2015380859375,170.27139827842032,167.96625555401127,168.62485688475655,24174400
2025-03-26,164.7130889892578,169.2535292452292,164.49355014774926,168.64481068044992,28901600
2025-03-27,161.89903259277344,165.0723420135672,161.6595315089187,164.2840090226325,24508300
2025-03-28,154.0056610107422,161.4799254652425,153.30713518011623,160.15271877369267,48669300
2025-03-31,154.31500244140625,155.2131048785596,150.34337121509955,152.78821916221315,54603500
2025-04-01,156.73989868164062,157.7677327478603,153.29713724683472,153.29713724683472,30672900
2025-04-02,156.70994567871094,158.07707673307476,154.37486726125917,154.8239184605045,25041700
2025-04-03,150.4032440185547,152.4589122309581,150.07393572821033,150.79242377501242,46883400
2025-04-04,145.29400634765625,150.75251155896433,145.0744674917677,147.6989298070746,62259500
2025-04-07,146.4415740966797,152.52875975799608,140.2346455130815,141.25250603263527,76794100
2025-04-08,144.39588928222656,151.92005142460044,142.72940085243894,150.9021908364876,52200200
2025-04-09,158.37644958496094,159.21468052208976,143.6075513553121,144.11647401855745,70406200
2025-04-10,152.4988250732422,157.38852063839548,149.6148843769422,156.21099272991097,48022000
2025-04-11,156.80975341796875,157.33863834997953,152.4988402629555,152.5786587351614,33636200
2025-04-14,158.73570251464844,161.3801271292812,157.22886621670372,159.66374069863323,30333000
2025-04-15,155.9814910888672,159.3144679755199,154.8838120227522,158.79557178865275,27551500
2025-04-16,153.00775146484375,155.56236873164264,151.1915692108639,152.77823911437727,28187400
2025-04-17,150.84231567382812,154.3549068428226,148.1879024535801,153.96572710201332,33046600
2025-04-21,147.35964965820312,148.63695834662283,145.7929571438361,148.5671133790027,26049100
2025-04-22,151.1516571044922,151.8701451004615,148.22780716014373,148.57707765672205,26971800
2025-04-23,155.0235137939453,157.19892487451833,153.48674181759014,155.28296188170384,31128800
2025-04-24,158.9452362060547,159.2545822353842,155.4625657406937,155.82180972917425,45894000
2025-04-25,161.61962890625,165.75092760525033,160.70154899383132,164.72309348828867,56034000
2025-04-28,160.2724609375,162.80711614692783,158.26669065633925,162.08862808839123,29745800
2025-04-29,159.8234100341797,160.4021929284458,157.1889588897359,159.98307743122987,26809000
2025-04-30,158.4662628173828,158.93527626532435,155.07339925298186,157.6479788523033,34981100
2025-05-01,160.96099853515625,161.60962633825872,158.57602221167295,160.11277889105028,30203200
2025-05-02,163.68527221679688,164.62329914267073,161.5298080330937,163.0665800855699,25715000
2025-05-05,163.86489868164062,165.0424114540437,162.37802462287598,162.65743494943675,21341800
2025-05-06,162.88693237304688,164.4536399852438,160.85122657670271,161.82916262997554,21277200
2025-05-07,151.06185913085938,164.6532299684301,147.52929039730043,163.73516530126716,127490100
2025-05-08,153.9557647705078,155.6022910487671,152.57866009847342,154.67425284055003,57498700
2025-05-09,152.42897033691406,154.7241395477239,151.88012320852386,153.84598414229956,32435300
2025-05-12,158.12696838378906,158.76562267487037,155.9216064819518,157.15900583261154,44138800
2025-05-13,159.19471740722656,160.23254018461523,155.83180494907126,158.45626717049694,42382100
2025-05-14,165.02244567871094,166.64902486582008,159.27455664998826,159.6238271640479,48755900
2025-05-15,163.61541748046875,165.8606887311189,162.02874755770196,165.49145599350894,33146700
2025-05-16,165.84072875976562,168.99409119137468,165.27191939302787,167.3774855147182,42846900
2025-05-19,166.1899871826172,166.2897831099107,163.87487089127026,164.16425471766837,30426100
2025-05-20,163.6353759765625,168.1458810248048,162.55764387335125,166.08022402030295,46607700
2025-05-21,168.20574951171875,172.77612594690945,163.21625758160502,163.34598924433868,73416000
2025-05-22,170.51089477539062,176.3985044728025,170.35124260366135,171.48884617085898,74864400
2025-05-23,168.11593627929688,169.60281030274047,167.5371534089642,168.70469265151235,35211400
2025-05-27,172.53662109375,172.80605791558804,169.6427219280191,169.80238932071725,37995700
2025-05-28,171.9977569580078,174.90164475593082,171.5487057543554,172.79607866823434,34784000
2025-05-29,171.49880981445312,174.0534271359213,170.27139911620654,173.63431165912297,29317300
2025-05-30,171.3790740966797,171.84808755569938,167.0881079964574,170.98989433565492,52639900
2025-06-02,168.6747589111328,169.5129898808019,167.03820620651766,167.4872574240746,38612300
2025-06-03,165.83074951171875,168.12591888686956,164.9326470385699,167.13800921175007,45084900
2025-06-04,167.69680786132812,167.8664487405706,166.01035734329753,166.38956355967437,26900800
2025-06-05,167.8564910888672,170.57076063975376,167.23778374687686,169.98200425737,36379100
2025-06-06,173.31497192382812,174.1332558504034,170.47097086402252,170.47097086402252,35731800
2025-06-09,175.93264770507812,176.31231302715454,174.21418342483807,174.38402968862113,28935900
2025-06-10,178.44041442871094,180.94816607880887,174.7537092641778,176.04254985052344,61766100
2025-06-11,177.1915283203125,180.20881870896204,176.59205837486806,179.60936400867158,31646800
2025-06-12,175.54299926757812,176.56209210971562,174.59385119423692,176.02256609234394,20941900
2025-06-13,174.513916015625,176.9717245091389,172.2359546046385,172.28591297451578,27663100
2025-06-16,176.61204528808594,176.78189154925582,174.49392932110277,174.57385966373928,27389200
2025-06-17,175.7927703857422,177.20151408744945,174.4239994778565,175.5429937823964,24973000
2025-06-18,173.16513061523438,176.4022256326498,173.04522747911062,175.85271405711507,28707500
2025-06-20,166.4910888671875,174.18420505107113,165.312150640077,173.79455416726213,75659900
2025-06-23,165.04238891601562,167.19046158134836,161.85523705575486,166.1214256591391,57671000
2025-06-24,166.62098693847656,168.06968824197463,165.98155942026995,166.77084680791774,40524300
2025-06-25,170.52748107910156,172.2059878377665,167.40028826627824,167.48021861146748,35479000
2025-06-26,173.38491821289062,173.53479332021178,169.78814431449064,172.275909497391,31796700
2025-06-27,178.37046813964844,178.52032800475203,171.57654142712704,173.3849216100962,108140200
2025-06-30,176.07252502441406,181.0680572633364,174.4240054836315,180.6184624108643,63378900
2025-07-01,175.682861328125,175.9326379218849,173.37492804100808,175.5829598377131,35904500
2025-07-02,178.48036193847656,178.70016656024188,174.91356011283625,175.38312608280393,29128900
2025-07-03,179.36956787109375,179.50944215502514,176.89178830781478,178.34048951535135,21689700
2025-07-07,176.63201904296875,179.13978593904164,175.52301029591823,178.89999490759814,34175600
2025-07-08,174.20419311523438,177.7909814447806,172.6555751408571,177.691079951528,40442500
2025-07-09,176.46217346191406,179.27966092294577,172.61562283881983,175.09340252603724,43025600
2025-07-10,177.46127319335938,178.27054693495992,174.22417822695712,175.47306122205768,29252400
2025-07-11,180.02899169921875,181.26787392679407,176.32230010231936,176.6320206592132,34282900
2025-07-14,181.3977508544922,183.5058659137902,179.5194259926096,180.84823929966979,32536600
2025-07-15,181.83737182617188,184.05538933948807,181.4377353487915,182.6466456022175,33448300
2025-07-16,182.80650329589844,184.1652886399438,181.86734081977315,183.07626629854497,33104200
2025-07-17,183.41595458984375,183.89552139280437,180.31871865434178,181.9772389358081,31992600
2025-07-18,184.89462280273438,186.25340807875182,183.54583834733725,185.2343153104504,34014500
2025-07-21,189.9301300048828,190.11994741222205,185.98364758555138,186.08356432217508,45803100
2025-07-22,191.1690216064453,191.47874216205827,187.29249900550474,191.328882294876,44660200
2025-07-23,190.0600128173828,192.35796066638142,189.01094801184496,191.32888225818212,58681900
2025-07-24,191.99827575683594,197.7731095502254,190.8293230940032,196.85393348830104,74881700
2025-07-25,193.0073699951172,194.1563515198352,191.08908750710862,191.80844534575607,39785900
2025-07-28,192.4079132080078,193.87660084223495,190.6694625759226,193.47694913334269,38139500
2025-07-29,195.5750732421875,195.7449194968108,191.90835466905762,192.2580327538162,41389200
2025-07-30,196.35438537597656,197.42343657324804,194.51603320447785,195.42522371418744,32445400
2025-07-31,191.728515625,195.8148724632573,190.91924186518514,195.53512388567077,51329200
2025-08-01,188.96099853515625,190.65947636814528,187.65217158882444,188.86108179697592,34832200
2025-08-04,194.86570739746094,195.0955128481526,189.95010569222902,190.11995195242244,31547400
2025-08-05,194.4960479736328,197.68319994217242,193.71674617353807,194.5360207683401,31602300
2025-08-06,195.91476440429688,196.45429038129967,193.49692881868756,194.32618893507828,21562900
2025-08-07,196.34439086914062,197.36346840439734,194.15634544876863,196.88390160867925,26321800
2025-08-08,201.24000549316406,202.42894452614235,196.99380337261508,197.04376174071106,39161800
2025-08-11,200.8203887939453,201.29995560301907,198.8921207366326,200.76044484845534,25832400
2025-08-12,203.15829467773438,204.31726177746063,200.41075203769518,201.19005382143942,30397900
2025-08-13,201.779541015625,204.3472366094903,197.33350521250262,203.94760013613634,28342900
2025-08-14,202.75865173339844,204.2573113073674,201.05017311120625,201.31993610316366,25230400
2025-08-15,203.71778869628906,206.25552748751167,201.10013480886678,203.66784557245273,34931400
2025-08-18,203.3181610107422,205.08658368227987,202.30906899226142,204.01753247133055,18526600
2025-08-19,201.389892578125,203.2582167438639,199.7813305987235,202.84857944432244,24240200
2025-08-20,199.1418914794922,201.10013145192505,196.4243208994537,200.55061989251405,28955500
2025-08-21,199.57150268554688,202.29905887913935,199.25178132101763,199.57150268554688,19774600
2025-08-22,205.9058380126953,208.353645687597,201.12012497867053,202.54883983863883,42827000
2025-08-25,208.30369567871094,210.3318804204715,205.0965574752735,206.2455237198617,29928900
2025-08-26,206.95489501953125,207.66426725745978,205.5161793925774,207.32455950181813,28464100
2025-08-27,207.29458618164062,208.72331622375268,205.46621968804243,205.51617805576655,23022900
2025-08-28,211.4508819580078,212.0303655105851,206.71511204255788,207.0648053873533,32339300
2025-08-29,212.71974182128906,214.45817715575657,210.01215683893824,210.3218773757616,39728400
2025-09-02,211.16114807128906,211.4908397743193,206.01574085860813,208.25374472878948,47523000
2025-09-03,230.45388793945312,231.1033010071871,224.5891229524102,226.00786746880672,103336100
2025-09-04,232.09242248535156,232.16235200669,225.90795135774627,229.4447813472723,51684200
2025-09-05,234.79000854492188,235.54932393536487,231.69277254690593,231.9925075217388,46588900
2025-09-08,234.0399932861328,238.1300048828125,233.6699981689453,235.47000122070312,32474700
2025-09-09,239.6300048828125,240.47000122070312,233.22999572753906,234.1699981689453,38061000
2025-09-10,239.1699981689453,241.66000366210938,237.85000610351562,238.89999389648438,35141100
2025-09-11,240.3699951171875,242.25,236.25,239.8800048828125,30599300
2025-09-12,240.8000030517578,242.0800018310547,238.0,240.3699951171875,26771600
2025-09-15,251.61000061035156,252.41000366210938,244.66000366210938,244.66000366210938,58383800
2025-09-16,251.16000366210938,253.0399932861328,249.47000122070312,252.0800018310547,34109700
2025-09-17,249.52999877929688,251.60000610351562,246.27999877929688,251.22000122070312,34108000
2025-09-18,252.02999877929688,253.99000549316406,249.8000030517578,251.67999267578125,31239500
2025-09-19,254.72000122070312,256.0,251.80999755859375,253.25,55571400
2025-09-22,252.52999877929688,255.77999877929688,250.3000030517578,254.42999267578125,32290500
2025-09-23,251.66000366210938,254.36000061035156,250.47999572753906,253.0399932861328,26628000
2025-09-24,247.13999938964844,252.35000610351562,246.44000244140625,251.66000366210938,28201000
2025-09-25,245.7899932861328,246.49000549316406,240.74000549316406,244.39999389648438,31020400
2025-09-26,246.5399932861328,249.4199981689453,245.97000122070312,247.07000732421875,18503200
2025-09-29,244.0500030517578,251.14999389648438,242.77000427246094,247.85000610351562,32505800
2025-09-30,243.10000610351562,243.2899932861328,239.25,242.80999755859375,34724300
2025-10-01,244.89999389648438,246.3000030517578,238.61000061035156,240.75,31658200
2025-10-02,245.69000244140625,246.80999755859375,242.3000030517578,245.14999389648438,25483300
2025-10-03,245.35000610351562,246.3000030517578,241.66000366210938,244.49000549316406,30249600
2025-10-06,250.42999267578125,251.32000732421875,244.5800018310547,244.77999877929688,28894700
2025-10-07,245.75999450683594,250.44000244140625,245.52000427246094,248.27000427246094,23181300
2025-10-08,244.6199951171875,246.00999450683594,243.82000732421875,244.9600067138672,21307100
2025-10-09,241.52999877929688,244.75999450683594,239.14999389648438,244.47000122070312,27892100
2025-10-10,236.57000732421875,244.08999633789062,235.83999633789062,241.42999267578125,33180300
2025-10-13,244.14999389648438,244.5,239.7100067138672,240.2100067138672,24995000
2025-10-14,245.4499969482422,247.1199951171875,240.50999450683594,241.22999572753906,22111600
2025-10-15,251.02999877929688,252.11000061035156,245.99000549316406,247.25,27007700
2025-10-16,251.4600067138672,256.9599914550781,250.10000610351562,251.77000427246094,27997200
2025-10-17,253.3000030517578,254.22000122070312,247.80999755859375,250.75999450683594,29671600
2025-10-20,256.54998779296875,257.3299865722656,254.22999572753906,254.69000244140625,22350200
2025-10-21,250.4600067138672,254.8800048828125,244.14999389648438,254.74000549316406,47312100
2025-10-22,251.69000244140625,256.3599853515625,249.2899932861328,254.3699951171875,35029400
2025-10-23,253.0800018310547,255.0399932861328,251.85000610351562,252.97999572753906,19901400
2025-10-24,259.9200134277344,261.67999267578125,255.32000732421875,256.5799865722656,28655100
2025-10-27,269.2699890136719,270.1400146484375,264.2799987792969,264.82000732421875,35235200
2025-10-28,267.4700012207031,270.7300109863281,266.5,269.69000244140625,29738600
2025-10-29,274.57000732421875,275.3399963378906,267.6700134277344,267.75,43580300
2025-10-30,281.4800109863281,291.5899963378906,280.05999755859375,291.5899963378906,74876000
2025-10-31,281.19000244140625,286.0,277.0299987792969,283.2099914550781,39267900
2025-11-03,283.7200012207031,285.5299987792969,279.79998779296875,282.17999267578125,29786000
2025-11-04,277.5400085449219,281.2699890136719,276.260009765625,276.75,30078400
2025-11-05,284.30999755859375,286.4200134277344,277.3399963378906,278.8699951171875,31010300
2025-11-06,284.75,288.3500061035156,281.1400146484375,285.3299865722656,37173600
2025-11-07,278.8299865722656,283.7799987792969,275.19000244140625,283.2099914550781,34479600
2025-11-10,290.1000061035156,290.79998779296875,282.8599853515625,284.4200134277344,29557300
2025-11-11,291.30999755859375,291.9200134277344,287.32000732421875,287.75,19842100
2025-11-12,286.7099914550781,292.010009765625,283.69000244140625,291.67999267578125,24829900
2025-11-13,278.57000732421875,282.8399963378906,277.239990234375,282.3399963378906,29494000
2025-11-14,276.4100036621094,278.55999755859375,270.70001220703125,271.4100036621094,31647200
2025-11-17,285.0199890136719,293.95001220703125,283.57000732421875,285.7799987792969,52670200
2025-11-18,284.2799987792969,288.79998779296875,278.20001220703125,287.9200134277344,49158700
2025-11-19,292.80999755859375,303.80999755859375,286.6300048828125,287.1600036621094,68198900
2025-11-20,289.45001220703125,306.4200134277344,288.6700134277344,304.5400085449219,62025200
2025-11-21,299.6600036621094,303.9200134277344,293.8500061035156,296.4200134277344,74137700
2025-11-24,318.5799865722656,319.4800109863281,309.6000061035156,311.1300048828125,85165100
2025-11-25,323.44000244140625,328.8299865722656,317.6499938964844,326.2099914550781,88632100
2025-11-26,319.95001220703125,324.5,316.7900085449219,320.67999267578125,51373400
2025-11-28,320.17999267578125,326.8500061035156,316.7900085449219,323.3699951171875,26018600
2025-12-01,317.7099914550781,319.8500061035156,314.44000244140625,317.70001220703125,19747743
